{
"type": "FeatureCollection",
"name": "provincia_TdFuego",
"crs": { "type": "name", "properties": { "name": "urn:ogc:def:crs:EPSG::3857" } },
"features": [
{ "type": "Feature", "properties": { "gid": 69, "entidad": 0, "fna": "Provincia de Tierra del Fuego, Antártida e Islas del Atlántico Sur", "gna": "Provincia", "nam": "Tierra del Fuego, Antártida e Islas del Atlántico Sur", "in1": "94", "fdc": "Geografía", "sag": "IGN" }, "geometry": { "type": "MultiPolygon", "coordinates": [ [ [ [ -7459314.250194203108549, -7352993.579703012481332 ], [ -7459279.741152056492865, -7352933.677613087929785 ], [ -7459247.569819215685129, -7352901.109679807908833 ], [ -7459173.653677330352366, -7352859.042967488057911 ], [ -7459101.407327805645764, -7352857.492125293239951 ], [ -7459067.454883114434779, -7352867.766460591927171 ], [ -7459001.219786090776324, -7352906.343802761286497 ], [ -7458955.356155885383487, -7352948.410770489834249 ], [ -7458909.492525678128004, -7353016.455056292004883 ], [ -7458890.790851225145161, -7353063.756847300566733 ], [ -7458872.979732696898282, -7353159.912193023599684 ], [ -7458874.760844550095499, -7353269.445434006862342 ], [ -7458894.241755438968539, -7353321.983163336291909 ], [ -7458954.576919449493289, -7353390.030712094157934 ], [ -7459049.643764586187899, -7353464.670444840565324 ], [ -7459087.047113493084908, -7353509.842370715923607 ], [ -7459165.972632464952767, -7353652.533093089237809 ], [ -7459176.214025617577136, -7353680.645024557597935 ], [ -7459205.045773733407259, -7353727.950848566368222 ], [ -7459301.003174798563123, -7353745.593667948618531 ], [ -7459329.946242404170334, -7353741.909999062307179 ], [ -7459385.939946272410452, -7353705.848911430686712 ], [ -7459479.448318539187312, -7353637.798604010604322 ], [ -7459541.453274911269546, -7353570.330509982071817 ], [ -7459564.273770525120199, -7353531.168263649567962 ], [ -7459579.635860252194107, -7353472.037522172555327 ], [ -7459569.39446710050106, -7353387.704290359281003 ], [ -7459552.473904500715435, -7353350.675504585728049 ], [ -7459416.552806241437793, -7353171.156242405995727 ], [ -7459348.202638894319534, -7353052.31909282039851 ], [ -7459314.250194203108549, -7352993.579703012481332 ] ] ], [ [ [ -7299645.364964685402811, -7352271.102046872489154 ], [ -7299565.548889788798988, -7352293.975278905592859 ], [ -7299527.254984954372048, -7352344.955690241418779 ], [ -7299527.254984954372048, -7352401.945594382472336 ], [ -7299528.368179862387478, -7352439.745250545442104 ], [ -7299529.370055279694498, -7352469.403570704162121 ], [ -7299531.485125604085624, -7352543.259093895554543 ], [ -7299538.386934033595026, -7352574.274745452217758 ], [ -7299577.348755811341107, -7352628.940131917595863 ], [ -7299610.521964066661894, -7352648.131262810900807 ], [ -7299660.615734923630953, -7352648.906663033179939 ], [ -7299728.520624309778214, -7352597.92426273226738 ], [ -7299747.222298760898411, -7352573.499352660030127 ], [ -7299818.578092359937727, -7352456.028235870413482 ], [ -7299866.111514929682016, -7352376.16439563408494 ], [ -7299886.594301235862076, -7352355.4231924014166 ], [ -7299941.697449178434908, -7352329.448305482976139 ], [ -7300102.220154901966453, -7352278.467995621263981 ], [ -7300154.095037611201406, -7352231.17097223456949 ], [ -7300243.261949736624956, -7352226.712661067955196 ], [ -7300290.795372305437922, -7352187.557168241590261 ], [ -7300307.827254397794604, -7352163.133544648997486 ], [ -7300305.26690610870719, -7352133.476390363648534 ], [ -7300252.612786963582039, -7352097.422746994532645 ], [ -7300220.33013463485986, -7352089.863133255392313 ], [ -7300018.173939353786409, -7352107.69607999175787 ], [ -7299886.594301235862076, -7352106.920733631588519 ], [ -7299844.070255751721561, -7352120.295469137839973 ], [ -7299768.484321502968669, -7352177.283729940652847 ], [ -7299754.012787700630724, -7352201.513558956794441 ], [ -7299739.541253896430135, -7352237.761523849330842 ], [ -7299645.364964685402811, -7352271.102046872489154 ] ] ], [ [ [ -7592820.383419520221651, -7337085.889751110225916 ], [ -7592890.848657192662358, -7337059.385309839621186 ], [ -7592931.702910312451422, -7337023.207860207185149 ], [ -7592934.263258601538837, -7336988.578266168944538 ], [ -7592919.791724799200892, -7336950.079624248668551 ], [ -7592902.759842706844211, -7336925.703697980381548 ], [ -7592860.347116715274751, -7336886.624991044402122 ], [ -7592795.781812055036426, -7336849.674512623809278 ], [ -7592762.608603797852993, -7336838.647440420463681 ], [ -7592711.735596506856382, -7336834.19792447052896 ], [ -7592434.772703412920237, -7336857.219360485672951 ], [ -7592453.363058373332024, -7336916.224191675893962 ], [ -7592461.155422730371356, -7336940.793548114597797 ], [ -7592489.987170846201479, -7337032.687496559694409 ], [ -7592510.358637659810483, -7337054.93566794320941 ], [ -7592536.741356980055571, -7337072.54078767914325 ], [ -7592585.944571909494698, -7337090.339410667307675 ], [ -7592578.374846535734832, -7337052.03372894693166 ], [ -7592600.416105711832643, -7337032.107110327109694 ], [ -7592634.36855040397495, -7337037.91097457241267 ], [ -7592741.457900547422469, -7337079.311998158693314 ], [ -7592820.383419520221651, -7337085.889751110225916 ] ] ], [ [ [ -7155360.165445855818689, -7328191.066412615589797 ], [ -7155375.527535584755242, -7328229.328606637194753 ], [ -7155397.568794762715697, -7328245.56110926810652 ], [ -7155426.400542877614498, -7328262.566624434664845 ], [ -7155455.34361048322171, -7328266.238274619914591 ], [ -7155489.296055175364017, -7328266.238274619914591 ], [ -7155527.478640518151224, -7328241.116492095403373 ], [ -7155546.180314972065389, -7328211.743433559313416 ], [ -7155574.232826652005315, -7328148.35984187759459 ], [ -7155556.421708123758435, -7328124.784369022585452 ], [ -7155543.619966682977974, -7328076.860676556825638 ], [ -7155541.059618394821882, -7328037.826273583807051 ], [ -7155520.688151578418911, -7328019.27533864416182 ], [ -7155498.6468924023211, -7327998.019113244488835 ], [ -7155462.1340994220227, -7327957.439207366667688 ], [ -7155449.332357982173562, -7327933.091365137137473 ], [ -7155422.170402227900922, -7327892.511796915903687 ], [ -7155421.391165792010725, -7327836.473692496307194 ], [ -7155420.500609866343439, -7327807.681857421062887 ], [ -7155414.600676853209734, -7327776.764568915590644 ], [ -7155409.47998027689755, -7327711.838661791756749 ], [ -7155389.1085134614259, -7327673.57900520414114 ], [ -7155356.825861132703722, -7327647.879442213103175 ], [ -7155331.333697739988565, -7327664.69042497035116 ], [ -7155302.501949625089765, -7327692.129118304699659 ], [ -7155257.41755585372448, -7327731.161791971884668 ], [ -7155242.946022050455213, -7327779.083361305296421 ], [ -7155248.957274554297328, -7327818.116469939239323 ], [ -7155261.647696503438056, -7327842.463953414931893 ], [ -7155288.920971749350429, -7327868.937097052112222 ], [ -7155316.082927501760423, -7327885.168849977664649 ], [ -7155330.44314181432128, -7327913.960970968939364 ], [ -7155333.894046028144658, -7327957.439207366667688 ], [ -7155344.024119690991938, -7327981.787125567905605 ], [ -7155375.527535584755242, -7328011.932272414676845 ], [ -7155385.657609247602522, -7328053.285419724881649 ], [ -7155375.527535584755242, -7328108.552117641083896 ], [ -7155359.386209419928491, -7328157.248973085545003 ], [ -7155360.165445855818689, -7328191.066412615589797 ] ] ], [ [ [ -7151808.071814132854342, -7303749.159972454421222 ], [ -7151750.742276376113296, -7303760.140404874458909 ], [ -7151665.026268464513123, -7303776.707402287982404 ], [ -7151612.038190845400095, -7303730.859286036342382 ], [ -7151569.625464853830636, -7303666.710902560502291 ], [ -7151580.312135971151292, -7303529.169296594336629 ], [ -7151521.980722794309258, -7303400.683736671693623 ], [ -7151421.347903117537498, -7303355.030455636791885 ], [ -7151357.78447387367487, -7303309.184813100844622 ], [ -7151288.87770907394588, -7303272.392916335724294 ], [ -7151272.959021889604628, -7303153.350164957344532 ], [ -7151220.082263763062656, -7303043.169816687703133 ], [ -7151161.750850588083267, -7302969.973940541036427 ], [ -7151077.036718093790114, -7302850.743178523145616 ], [ -7150965.71722730062902, -7302859.988794529810548 ], [ -7150907.497133616358042, -7302969.973940541036427 ], [ -7150933.991172423586249, -7303015.817593273706734 ], [ -7151018.705304917879403, -7303061.661514921113849 ], [ -7151071.693382535129786, -7303125.804932267405093 ], [ -7151129.913476221263409, -7303217.494334829039872 ], [ -7151034.623992102220654, -7303189.94887606240809 ], [ -7151008.129953292198479, -7303153.350164957344532 ], [ -7150886.235110874287784, -7303189.94887606240809 ], [ -7150907.497133616358042, -7303263.339439500123262 ], [ -7150949.909859608858824, -7303318.238343048840761 ], [ -7150955.141875675879419, -7303409.930003280751407 ], [ -7150918.072485241107643, -7303437.476237394846976 ], [ -7150865.08440762385726, -7303510.869125321507454 ], [ -7150785.602291197516024, -7303519.922888910397887 ], [ -7150780.370275130495429, -7303611.616915439255536 ], [ -7150716.806845888495445, -7303648.217772670090199 ], [ -7150674.394119895063341, -7303694.065404093824327 ], [ -7150621.406042276881635, -7303703.312017815187573 ], [ -7150631.981393902562559, -7303822.55578751116991 ], [ -7150631.981393902562559, -7303877.458619516342878 ], [ -7150578.993316285312176, -7303905.006501597352326 ], [ -7150541.9239258505404, -7303932.554480783641338 ], [ -7150473.017161048948765, -7303969.156841118820012 ], [ -7150510.197870974428952, -7303987.458085572347045 ], [ -7150573.761300217360258, -7304024.253348864614964 ], [ -7150584.336651843041182, -7304079.157597885467112 ], [ -7150552.49927747529, -7304152.55651225708425 ], [ -7150552.49927747529, -7304198.407102550379932 ], [ -7150526.005238668061793, -7304244.257961857132614 ], [ -7150536.691909783519804, -7304326.7131252232939 ], [ -7150616.17402620986104, -7304345.015207041054964 ], [ -7150695.544823146425188, -7304372.564737332053483 ], [ -7150790.94562675524503, -7304427.471433526836336 ], [ -7150865.08440762385726, -7304381.812153885141015 ], [ -7150955.141875675879419, -7304473.32363681960851 ], [ -7150986.979250042699277, -7304592.579156445339322 ], [ -7150986.979250042699277, -7304620.129559501074255 ], [ -7150965.71722730062902, -7304702.588688904419541 ], [ -7150918.072485241107643, -7304766.745576011016965 ], [ -7150838.590368814766407, -7304730.139479801058769 ], [ -7150796.177642822265625, -7304830.902989843860269 ], [ -7150971.060562858358026, -7304775.993459027260542 ], [ -7151045.199343727901578, -7304785.048688418231905 ], [ -7151193.588224953040481, -7304931.860467369668186 ], [ -7151262.383670263923705, -7305023.571062252856791 ], [ -7151341.865786691196263, -7305041.874776209704578 ], [ -7151341.865786691196263, -7304968.467508530244231 ], [ -7151400.197199867106974, -7304904.308965282514691 ], [ -7151468.992645177058876, -7304830.902989843860269 ], [ -7151537.89940997865051, -7304730.139479801058769 ], [ -7151506.062035610899329, -7304601.826833354309201 ], [ -7151511.405371169559658, -7304574.276494827121496 ], [ -7151574.968800412490964, -7304601.826833354309201 ], [ -7151638.53222965542227, -7304684.285769630223513 ], [ -7151702.095658898353577, -7304748.44250647071749 ], [ -7151818.647165759466588, -7304711.836495997384191 ], [ -7151871.635243376716971, -7304748.44250647071749 ], [ -7151982.843414678238332, -7304757.690367827191949 ], [ -7152088.819569913670421, -7304693.533555063419044 ], [ -7152131.232295906171203, -7304610.88186093326658 ], [ -7152120.656944280490279, -7304510.121187832206488 ], [ -7152078.24421828892082, -7304482.571172607131302 ], [ -7152014.680789046920836, -7304335.960487520322204 ], [ -7151919.279985436238348, -7304271.614485039375722 ], [ -7151855.71655619237572, -7304308.411086267791688 ], [ -7151755.083736516535282, -7304280.861782136373222 ], [ -7151739.165049331262708, -7304225.763465228490531 ], [ -7151776.345759257674217, -7304097.459099944680929 ], [ -7151839.909188499674201, -7303895.759649232961237 ], [ -7151898.129282184876502, -7303914.060721804387867 ], [ -7151993.530085794627666, -7303959.909912850707769 ], [ -7152062.325531104579568, -7303905.006501597352326 ], [ -7152020.024124602787197, -7303822.55578751116991 ], [ -7151951.117359801195562, -7303776.707402287982404 ], [ -7151866.291907818987966, -7303749.159972454421222 ], [ -7151808.071814132854342, -7303749.159972454421222 ] ] ], [ [ [ -7192659.653267486020923, -7345573.684717646799982 ], [ -7192606.776509358547628, -7345518.29411069303751 ], [ -7192559.02044780831784, -7345499.895219950936735 ], [ -7192500.80035412311554, -7345426.106420818716288 ], [ -7192421.318237696774304, -7345361.614420432597399 ], [ -7192368.330160080455244, -7345343.21589953545481 ], [ -7192336.492785712704062, -7345407.707747686654329 ], [ -7192347.068137338384986, -7345490.598954828456044 ], [ -7192341.836121270433068, -7345536.693044867366552 ], [ -7192336.492785712704062, -7345601.186493915505707 ], [ -7192384.24884726293385, -7345647.281237957067788 ], [ -7192468.962979756295681, -7345674.976950560696423 ], [ -7192490.225002498365939, -7345711.969279646873474 ], [ -7192531.41321409214288, -7345743.732466709800065 ], [ -7192537.869744557887316, -7345748.768105811439455 ], [ -7192585.514486617408693, -7345785.56710571795702 ], [ -7192654.421251418069005, -7345785.56710571795702 ], [ -7192749.710735537111759, -7345831.662940195761621 ], [ -7192712.641345103271306, -7345767.167584046721458 ], [ -7192702.065993477590382, -7345702.672761579975486 ], [ -7192649.077915861271322, -7345656.57768995501101 ], [ -7192601.433173801749945, -7345619.779299044981599 ], [ -7192659.653267486020923, -7345573.684717646799982 ] ] ], [ [ [ -7598565.137061398476362, -7337195.777738652192056 ], [ -7598505.469814333133399, -7337212.996243218891323 ], [ -7598480.088970432057977, -7337220.154509115032852 ], [ -7598395.152198955416679, -7337244.531355774030089 ], [ -7598361.199754263274372, -7337261.556500223465264 ], [ -7598343.388635738752782, -7337285.159602873958647 ], [ -7598345.948984025977552, -7337335.268065810203552 ], [ -7598364.650658478960395, -7337377.444550578482449 ], [ -7598385.022125294432044, -7337403.950072865001857 ], [ -7598422.425474201329052, -7337424.651528840884566 ], [ -7598479.309733996167779, -7337428.327494057826698 ], [ -7598593.968809513375163, -7337420.975565355271101 ], [ -7598733.229492495767772, -7337412.075871462933719 ], [ -7598813.04556739423424, -7337391.374448869377375 ], [ -7598836.867938423529267, -7337355.969339463859797 ], [ -7598835.198146062903106, -7337298.508930264040828 ], [ -7598797.794797156006098, -7337257.106742973439395 ], [ -7598773.193189691752195, -7337240.081608238629997 ], [ -7598680.575373350642622, -7337201.001325909048319 ], [ -7598633.82118721678853, -7337191.521484958007932 ], [ -7598565.137061398476362, -7337195.777738652192056 ] ] ], [ [ [ -7597386.263653895817697, -7334874.336255984380841 ], [ -7597306.447578999213874, -7334881.87919314019382 ], [ -7597270.714022452943027, -7334897.351907570846379 ], [ -7597201.139340708963573, -7334946.671389668248594 ], [ -7597200.248784780502319, -7334999.085769339464605 ], [ -7597099.170687140896916, -7335054.401695961132646 ], [ -7597042.28642734605819, -7335069.874752644449472 ], [ -7597024.475308819673955, -7335094.244879171252251 ], [ -7597021.024404603987932, -7335137.18290641810745 ], [ -7597105.070620154030621, -7335223.446504480205476 ], [ -7597188.337599266320467, -7335283.212650985457003 ], [ -7597232.531437112018466, -7335305.262412920594215 ], [ -7597341.179260125383735, -7335334.85561244096607 ], [ -7597460.959032220765948, -7335376.054175211116672 ], [ -7597509.383010714314878, -7335384.951545981690288 ], [ -7597540.775107117369771, -7335385.725230875425041 ], [ -7597613.021456642076373, -7335386.498915846459568 ], [ -7597730.240880448371172, -7335371.025231005623937 ], [ -7597818.517236647196114, -7335348.008181601762772 ], [ -7597923.04623850248754, -7335312.612347419373691 ], [ -7597947.647845966741443, -7335295.011200058273971 ], [ -7597972.249453433789313, -7335241.047490340657532 ], [ -7597973.140009359456599, -7335176.252848321571946 ], [ -7597966.349520420655608, -7335064.072352790273726 ], [ -7597948.538401894271374, -7334984.386498171836138 ], [ -7597923.04623850248754, -7334946.671389668248594 ], [ -7597892.4333785334602, -7334919.400578668341041 ], [ -7597823.637933223508298, -7334901.02668175753206 ], [ -7597748.051998975686729, -7334909.1498729493469 ], [ -7597718.886292387731373, -7334916.499434171244502 ], [ -7597689.163988345302641, -7334923.849002322182059 ], [ -7597598.549922839738429, -7334946.671389668248594 ], [ -7597533.984618179500103, -7334974.715940143913031 ], [ -7597465.189172869548202, -7334945.317517369054258 ], [ -7597433.797076465561986, -7334897.351907570846379 ], [ -7597386.263653895817697, -7334874.336255984380841 ] ] ], [ [ [ -7588738.631650603376329, -7337152.247980922460556 ], [ -7588932.327564583159983, -7337154.569561867043376 ], [ -7589105.540692256763577, -7337166.370942359790206 ], [ -7589269.514302195981145, -7337226.151980193331838 ], [ -7589310.702513789758086, -7337235.244929015636444 ], [ -7589360.796284646727145, -7337246.466029407456517 ], [ -7589452.078267096541822, -7337266.780131538398564 ], [ -7589548.035668161697686, -7337284.385729524306953 ], [ -7589587.108809429220855, -7337268.908278634771705 ], [ -7589694.977396008558571, -7337163.468961893580854 ], [ -7589714.5696263872087, -7337144.122453057207167 ], [ -7589782.474515772424638, -7337096.917172920890152 ], [ -7589909.044776804745197, -7336981.807134467177093 ], [ -7589938.767080845311284, -7336924.349482089281082 ], [ -7589941.216109641827643, -7336859.347395818680525 ], [ -7589920.955962317995727, -7336826.846555856056511 ], [ -7589898.803383649326861, -7336811.370013005100191 ], [ -7589852.939753443934023, -7336806.920512621290982 ], [ -7589669.485232615843415, -7336872.695994328707457 ], [ -7589508.962526892311871, -7336916.224191675893962 ], [ -7589426.586103706620634, -7336928.025211485102773 ], [ -7589253.372976031154394, -7336936.150514193810523 ], [ -7589050.326224824413657, -7336942.728146396577358 ], [ -7588751.43339204415679, -7336939.052410071715713 ], [ -7588615.512293784879148, -7336950.079624248668551 ], [ -7588548.386640837416053, -7336966.330284089781344 ], [ -7588488.051476827822626, -7337017.210545202717185 ], [ -7588588.350338032469153, -7337107.364218496717513 ], [ -7588646.904390188865364, -7337133.094964496791363 ], [ -7588738.631650603376329, -7337152.247980922460556 ] ] ], [ [ [ -7599116.279860314913094, -7335967.171131232753396 ], [ -7599077.206719047389925, -7335957.499354545027018 ], [ -7599033.012881200760603, -7335955.371565280482173 ], [ -7598944.736525003798306, -7335972.393895630724728 ], [ -7598811.375775032676756, -7336026.9429772766307 ], [ -7598745.140678010880947, -7336064.663310056552291 ], [ -7598714.527818041853607, -7336090.390616040676832 ], [ -7598695.826143588870764, -7336119.98679481446743 ], [ -7598696.716699515469372, -7336187.110570738092065 ], [ -7598727.218239991925657, -7336242.434924111701548 ], [ -7598748.480262733995914, -7336268.162816539406776 ], [ -7598802.91549373138696, -7336324.261522895656526 ], [ -7598835.977382497861981, -7336341.284658425487578 ], [ -7598892.082405858673155, -7336350.183130418881774 ], [ -7598932.380061524920166, -7336346.507673364132643 ], [ -7598972.677717191167176, -7336342.832218039780855 ], [ -7599008.411273735575378, -7336339.156764452345669 ], [ -7599081.4368596971035, -7336315.556524770334363 ], [ -7599173.164120110683143, -7336308.78597739059478 ], [ -7599270.012077101506293, -7336285.959603820927441 ], [ -7599331.126477545127273, -7336254.234924387186766 ], [ -7599363.409129876643419, -7336218.061209577135742 ], [ -7599366.748714599758387, -7336189.238423225469887 ], [ -7599336.24717412237078, -7336128.691574650816619 ], [ -7599302.294729430228472, -7336106.639484602026641 ], [ -7599252.980195010080934, -7336085.941526982933283 ], [ -7599188.414890350773931, -7336011.468021731823683 ], [ -7599116.279860314913094, -7335967.171131232753396 ] ] ], [ [ [ -7143124.928893276490271, -7337973.356880055740476 ], [ -7143014.165999936871231, -7337928.081422796472907 ], [ -7142981.660708623938262, -7337906.991662788204849 ], [ -7142940.917774993926287, -7337918.794182004407048 ], [ -7142922.3274200335145, -7337929.435813002288342 ], [ -7142921.882142069749534, -7337944.721090212464333 ], [ -7142921.436864105984569, -7337962.521703963167965 ], [ -7142929.4518674435094, -7337970.841569978743792 ], [ -7142935.797078418545425, -7337977.613560495898128 ], [ -7142962.847714681178331, -7337994.833791449666023 ], [ -7142995.686964466236532, -7338002.960205776616931 ], [ -7143045.112818378023803, -7338006.249471129849553 ], [ -7143067.154077554121614, -7338008.571306330151856 ], [ -7143090.865129093639553, -7338011.0866285758093 ], [ -7143120.364794154651463, -7338009.925710514187813 ], [ -7143129.826950871385634, -7337997.349109264090657 ], [ -7143124.928893276490271, -7337973.356880055740476 ] ] ], [ [ [ -7134825.170298711396754, -7311510.008650514297187 ], [ -7134758.935201689600945, -7311532.955510718747973 ], [ -7134705.947124070487916, -7311624.743625661358237 ], [ -7134606.650138284079731, -7311704.962693387642503 ], [ -7134692.700104667805135, -7311796.752829613164067 ], [ -7134752.256032240577042, -7311854.025793029926717 ], [ -7134805.24410985969007, -7311899.921602163463831 ], [ -7134924.467284499667585, -7311957.388163570314646 ], [ -7135043.690459136851132, -7311854.025793029926717 ], [ -7135089.99936730787158, -7311785.375422231853008 ], [ -7135109.814236668869853, -7311670.638087610714138 ], [ -7135162.802314287982881, -7311659.068029765039682 ], [ -7135235.716580756939948, -7311475.492071785032749 ], [ -7135096.67853675596416, -7311521.385656810365617 ], [ -7134977.455362116917968, -7311521.385656810365617 ], [ -7134891.405395733192563, -7311487.061857715249062 ], [ -7134825.170298711396754, -7311510.008650514297187 ] ] ], [ [ [ -7143829.469950505532324, -7329987.466228104196489 ], [ -7143798.077854102477431, -7329997.130605435930192 ], [ -7143765.795201773755252, -7330015.492955343797803 ], [ -7143758.114156910218298, -7330061.302374561317265 ], [ -7143763.23485348559916, -7330088.556207276880741 ], [ -7143770.025342423468828, -7330113.490648263134062 ], [ -7143798.857090540230274, -7330138.618460106663406 ], [ -7143821.009669207036495, -7330160.653684788383543 ], [ -7143871.882676498964429, -7330173.217656541615725 ], [ -7143905.055884756147861, -7330177.663374471478164 ], [ -7143972.292857194319367, -7330164.132936478592455 ], [ -7143988.65682234056294, -7330145.190362709574401 ], [ -7143997.117103641852736, -7330119.482657585293055 ], [ -7143990.771892666816711, -7330064.395003272220492 ], [ -7143984.426681692712009, -7330023.804348982870579 ], [ -7143966.504243672825396, -7329996.744030111469328 ], [ -7143945.798818386159837, -7329986.693078435026109 ], [ -7143888.914558590389788, -7329985.919928843155503 ], [ -7143856.631906260736287, -7329986.693078435026109 ], [ -7143829.469950505532324, -7329987.466228104196489 ] ] ], [ [ [ -7502946.592527570202947, -7341168.842843710444868 ], [ -7502910.079734590835869, -7341148.905701736919582 ], [ -7502707.032983384095132, -7341064.705713007599115 ], [ -7502544.840485297143459, -7341221.299062736332417 ], [ -7502463.354618037119508, -7341309.952810827642679 ], [ -7502433.632313995622098, -7341360.861423136666417 ], [ -7502419.160780192352831, -7341414.093217382207513 ], [ -7502419.160780192352831, -7341439.838179179467261 ], [ -7502465.914966326206923, -7341579.404451737180352 ], [ -7502503.874912686645985, -7341673.676010763272643 ], [ -7502556.751670812256634, -7341804.728921957314014 ], [ -7502634.897953350096941, -7341967.919009085744619 ], [ -7502669.740953966975212, -7341977.404658938758075 ], [ -7502699.463258010335267, -7341972.952209609560668 ], [ -7502756.347517805173993, -7341947.979823554866016 ], [ -7502787.739614208228886, -7341894.744383871555328 ], [ -7502759.798422018997371, -7341837.831261317245662 ], [ -7502750.447584792971611, -7341801.050892925821245 ], [ -7502764.02856266964227, -7341774.336839403957129 ], [ -7502816.68268181476742, -7341723.425527093932033 ], [ -7503049.340417572297156, -7341574.952229706570506 ], [ -7503104.554885005578399, -7341524.042219405993819 ], [ -7503119.805655244737864, -7341498.877698311582208 ], [ -7503121.586767096072435, -7341458.421061576344073 ], [ -7503060.361047161743045, -7341307.629992340691388 ], [ -7503010.267276304773986, -7341230.203105434775352 ], [ -7502946.592527570202947, -7341168.842843710444868 ] ] ], [ [ [ -7160633.481044223532081, -7331372.493574703112245 ], [ -7160699.270863281562924, -7331322.61672412417829 ], [ -7160704.057601386681199, -7331318.943635332398117 ], [ -7160745.913729925639927, -7331294.585300784558058 ], [ -7160792.779235549271107, -7331252.055057707242668 ], [ -7160829.069389549084008, -7331220.157527558505535 ], [ -7160872.150032484903932, -7331182.267297583632171 ], [ -7160804.133823609910905, -7331166.801950479857624 ], [ -7160725.208304638974369, -7331168.15516712795943 ], [ -7160686.135163368657231, -7331162.935618494637311 ], [ -7160657.19209576305002, -7331146.890361228957772 ], [ -7160623.239651070907712, -7331136.45129590947181 ], [ -7160567.245947202667594, -7331132.00503158941865 ], [ -7160527.282250007614493, -7331115.766522554680705 ], [ -7160526.725652552209795, -7331115.766522554680705 ], [ -7160476.297923223115504, -7331111.320270023308694 ], [ -7160420.304219353944063, -7331112.093531151302159 ], [ -7160364.199195995926857, -7331124.659035220742226 ], [ -7160337.037240241654217, -7331152.689847999252379 ], [ -7160314.995981064625084, -7331209.525046490132809 ], [ -7160299.74521082546562, -7331244.128992584533989 ], [ -7160271.692699146457016, -7331283.952718277461827 ], [ -7160255.551372979767621, -7331306.764458549208939 ], [ -7160222.378164724446833, -7331334.795925652608275 ], [ -7160178.184326880611479, -7331386.412752707488835 ], [ -7160161.263764278963208, -7331415.217797176912427 ], [ -7160157.812860064208508, -7331472.054908308200538 ], [ -7160158.703415990807116, -7331528.119131095707417 ], [ -7160158.703415990807116, -7331549.384976170025766 ], [ -7160158.703415990807116, -7331556.151393579319119 ], [ -7160171.505157431587577, -7331601.003223074600101 ], [ -7160222.378164724446833, -7331634.255607949569821 ], [ -7160267.462558494880795, -7331632.708982253447175 ], [ -7160317.556329351849854, -7331604.096462198533118 ], [ -7160360.859611270949244, -7331552.478194830939174 ], [ -7160393.921500036492944, -7331506.660018915310502 ], [ -7160466.167849561199546, -7331432.23022239189595 ], [ -7160493.329805315472186, -7331403.425115107558668 ], [ -7160533.293502509593964, -7331396.852152509614825 ], [ -7160588.396650452166796, -7331373.266861719079316 ], [ -7160633.481044223532081, -7331372.493574703112245 ] ] ], [ [ [ -7192794.461170837283134, -7346095.266625712625682 ], [ -7192819.062778301537037, -7346149.305513977073133 ], [ -7192855.575571281835437, -7346211.286062190309167 ], [ -7192908.229690426960588, -7346251.186300883069634 ], [ -7192932.942617382854223, -7346271.911262749694288 ], [ -7192974.464787448756397, -7346314.717199573293328 ], [ -7193016.098277004435658, -7346332.536934888921678 ], [ -7193039.920648035593331, -7346377.473839639686048 ], [ -7193033.130159098654985, -7346415.24428326357156 ], [ -7193044.150788685306907, -7346461.731234386563301 ], [ -7193092.574767181649804, -7346515.772663592360914 ], [ -7193124.857419510371983, -7346543.858859008178115 ], [ -7193133.31770081166178, -7346582.211206558160484 ], [ -7193149.459026975557208, -7346614.752740362659097 ], [ -7193185.081264030188322, -7346644.970000555738807 ], [ -7193235.175034887157381, -7346662.01568619441241 ], [ -7193304.081799688749015, -7346669.376334700733423 ], [ -7193343.154940955340862, -7346641.289686960168183 ], [ -7193375.326273796148598, -7346594.801664831116796 ], [ -7193384.677111023105681, -7346549.669808628037572 ], [ -7193383.007318659685552, -7346484.00633006170392 ], [ -7193352.394458692520857, -7346449.91577469650656 ], [ -7193306.642147975042462, -7346440.424680704250932 ], [ -7193232.726006089709699, -7346411.564078143797815 ], [ -7193215.694123997353017, -7346376.699063223786652 ], [ -7193220.814820574596524, -7346344.933296526782215 ], [ -7193207.233842697925866, -7346263.001459306105971 ], [ -7193218.254472285509109, -7346214.191412481479347 ], [ -7193189.422724171541631, -7346193.466604095883667 ], [ -7193155.35895998775959, -7346165.575360174290836 ], [ -7193084.893722315318882, -7346096.816122667863965 ], [ -7193056.841210634447634, -7346073.186327577568591 ], [ -7193018.658625294454396, -7346046.457629314623773 ], [ -7192969.455410363152623, -7346024.377469453960657 ], [ -7192925.261572518385947, -7345998.42367731127888 ], [ -7192871.716897446662188, -7345988.933133107610047 ], [ -7192834.313548539765179, -7345993.968930633738637 ], [ -7192792.791378473863006, -7346004.427905122749507 ], [ -7192758.727614292874932, -7346042.777598327957094 ], [ -7192771.529355731792748, -7346067.956792443990707 ], [ -7192794.461170837283134, -7346095.266625712625682 ] ] ], [ [ [ -7186639.940483347512782, -7321651.760806975886226 ], [ -7186614.559639448300004, -7321631.873480838723481 ], [ -7186511.700429955497384, -7321623.764100256375968 ], [ -7186449.695473583415151, -7321618.744011737406254 ], [ -7186406.392191663384438, -7321603.8768454445526 ], [ -7186381.790584199130535, -7321586.306594513356686 ], [ -7186357.968213167972863, -7321544.215385002084076 ], [ -7186335.036398066207767, -7321531.086063336580992 ], [ -7186281.603042485192418, -7321491.31207659188658 ], [ -7186211.0264853220433, -7321477.989767116494477 ], [ -7186178.855152482166886, -7321482.430534415878356 ], [ -7186170.283551692031324, -7321518.535997089929879 ], [ -7186191.545574434101582, -7321542.091522647067904 ], [ -7186222.937670837156475, -7321603.8768454445526 ], [ -7186241.63934529107064, -7321626.081065277568996 ], [ -7186279.933250123634934, -7321645.968376656994224 ], [ -7186290.06332378461957, -7321685.743151415139437 ], [ -7186287.502975498326123, -7321712.967749999836087 ], [ -7186333.36660570371896, -7321749.846612983383238 ], [ -7186376.669887621887028, -7321771.085827796719968 ], [ -7186416.633584817871451, -7321778.423024525865912 ], [ -7186487.098822489380836, -7321808.737305174581707 ], [ -7186516.821126530878246, -7321810.861240079626441 ], [ -7186551.664127149619162, -7321811.63358018733561 ], [ -7186610.218179307878017, -7321811.63358018733561 ], [ -7186639.940483347512782, -7321806.42028593737632 ], [ -7186658.642157801426947, -7321775.526761837303638 ], [ -7186664.653410305269063, -7321732.08295042719692 ], [ -7186656.972365438938141, -7321682.653841262683272 ], [ -7186639.940483347512782, -7321651.760806975886226 ] ] ], [ [ [ -7180724.645381576381624, -7334909.1498729493469 ], [ -7180666.870565853081644, -7334892.903499028645456 ], [ -7180622.676728008314967, -7334851.707488288171589 ], [ -7180587.833727390505373, -7334808.771032609976828 ], [ -7180570.022608863189816, -7334763.900754925794899 ], [ -7180570.913164790719748, -7334735.083342023193836 ], [ -7180597.184564616531134, -7334703.364970374852419 ], [ -7180637.148261812515557, -7334662.750170616433024 ], [ -7180651.508476125076413, -7334626.583836464211345 ], [ -7180652.399032050743699, -7334591.191276095807552 ], [ -7180642.15763889811933, -7334540.326839441433549 ], [ -7180617.556031432934105, -7334521.953835505060852 ], [ -7180589.50351975299418, -7334504.161072945222259 ], [ -7180509.687444852665067, -7334497.585497053340077 ], [ -7180454.472977419383824, -7334502.61387811973691 ], [ -7180398.479273551143706, -7334532.204032363370061 ], [ -7180361.075924644246697, -7334559.473489592783153 ], [ -7180341.595013756304979, -7334611.111659166403115 ], [ -7180338.144109541550279, -7334681.897121294401586 ], [ -7180319.442435088567436, -7334788.269925435073674 ], [ -7180266.788315943442285, -7334830.239230903796852 ], [ -7180259.218590568751097, -7334889.228728666901588 ], [ -7180191.202381694689393, -7334932.745857243426144 ], [ -7180163.149870013818145, -7334947.638441453687847 ], [ -7180123.2974923113361, -7334916.499434171244502 ], [ -7180110.495750868692994, -7334889.228728666901588 ], [ -7180065.522676588967443, -7334831.786490720696747 ], [ -7180043.481417411006987, -7334760.99966826941818 ], [ -7180029.00988360773772, -7334738.75803975854069 ], [ -7180000.957371928729117, -7334727.733951745554805 ], [ -7179942.403319770470262, -7334723.28563994076103 ], [ -7179910.343306423164904, -7334728.894381329417229 ], [ -7179909.230111515149474, -7334729.087786276824772 ], [ -7179882.068155761808157, -7334718.063711931928992 ], [ -7179854.015644080936909, -7334723.28563994076103 ], [ -7179849.117586486972868, -7334728.314166515134275 ], [ -7179816.6122951740399, -7334762.353508575819433 ], [ -7179826.853688327595592, -7334822.889750962145627 ], [ -7179855.685436444357038, -7334850.160224517807364 ], [ -7179878.728571036830544, -7334870.854902834631503 ], [ -7179891.418992987833917, -7334901.02668175753206 ], [ -7179891.418992987833917, -7334929.844707785174251 ], [ -7179890.528437061235309, -7334957.889197756536305 ], [ -7179950.863601071760058, -7335001.406709423288703 ], [ -7179997.617787204682827, -7335027.323920625261962 ], [ -7180066.413232514634728, -7335097.339503859169781 ], [ -7180092.68463234230876, -7335126.158255242742598 ], [ -7180116.507003371603787, -7335138.730227128602564 ], [ -7180160.700841215439141, -7335191.726146744564176 ], [ -7180187.862796970643103, -7335200.62330723926425 ], [ -7180259.218590568751097, -7335192.499812471680343 ], [ -7180294.840827623382211, -7335187.277570304460824 ], [ -7180326.232924026437104, -7335176.252848321571946 ], [ -7180350.055295057594776, -7335115.713863245211542 ], [ -7180365.306065294891596, -7335080.319083259440958 ], [ -7180420.520532727241516, -7335058.269957253709435 ], [ -7180462.154022285714746, -7335069.294512465596199 ], [ -7180495.215911050327122, -7335084.767598694190383 ], [ -7180518.259045645594597, -7335110.685086900368333 ], [ -7180530.949467594735324, -7335135.635586014017463 ], [ -7180575.922541876323521, -7335203.524557421915233 ], [ -7180612.435334854759276, -7335247.817110862582922 ], [ -7180632.02756523527205, -7335268.512844327837229 ], [ -7180682.121336094103754, -7335272.961467104963958 ], [ -7180716.964336710982025, -7335242.014578626491129 ], [ -7180724.645381576381624, -7335208.746810466982424 ], [ -7180739.005595887079835, -7335165.228141924366355 ], [ -7180781.41832188051194, -7335143.178775876760483 ], [ -7180809.470833560451865, -7335133.508020961657166 ], [ -7180827.393271576613188, -7335098.88681666366756 ], [ -7180801.010552259162068, -7335064.846005855128169 ], [ -7180800.231315823271871, -7335036.027481015771627 ], [ -7180818.821670787408948, -7335013.204832201823592 ], [ -7180847.76473839301616, -7334991.736130292527378 ], [ -7180880.826627159491181, -7334957.889197756536305 ], [ -7180889.398227948695421, -7334909.1498729493469 ], [ -7180883.386975446715951, -7334881.87919314019382 ], [ -7180852.885434968397021, -7334869.307635270059109 ], [ -7180824.832923288457096, -7334874.529664538800716 ], [ -7180767.058107567951083, -7334890.00236438959837 ], [ -7180724.645381576381624, -7334909.1498729493469 ] ] ], [ [ [ -7153873.27100732922554, -7310787.891901422291994 ], [ -7153793.788890902884305, -7310824.526390744373202 ], [ -7153703.731422852724791, -7310879.478446866385639 ], [ -7153555.34254162479192, -7310879.478446866385639 ], [ -7153444.134370321407914, -7310879.478446866385639 ], [ -7153354.076902270317078, -7310861.161051874049008 ], [ -7153301.088824653066695, -7310934.623705836012959 ], [ -7153279.826801910996437, -7311072.295736795291305 ], [ -7153311.664176277816296, -7311191.652024198323488 ], [ -7153375.227605520747602, -7311347.647078137844801 ], [ -7153327.582863461226225, -7311540.283093724399805 ], [ -7153195.112669417634606, -7311604.496154645457864 ], [ -7153025.573084939271212, -7311751.24329952057451 ], [ -7152930.283600820228457, -7311870.609961852431297 ], [ -7152803.045422842726111, -7311971.658449047245085 ], [ -7152601.779783489182591, -7312145.989446566440165 ], [ -7152299.881324457935989, -7312338.645152161829174 ], [ -7152130.341739979572594, -7312412.121703042648733 ], [ -7151918.389429508708417, -7312485.598945131525397 ], [ -7151743.506509472616017, -7312485.598945131525397 ], [ -7151558.159557302482426, -7312577.205398748628795 ], [ -7151425.689363258890808, -7312577.205398748628795 ], [ -7151424.353529369458556, -7312577.012541927397251 ], [ -7151129.0229202946648, -7312531.498465486802161 ], [ -7151012.471413432620466, -7312503.920149903744459 ], [ -7150843.043148446828127, -7312485.598945131525397 ], [ -7150673.503563966602087, -7312512.984340787865222 ], [ -7150535.690034365281463, -7312485.598945131525397 ], [ -7150307.930356203578413, -7312494.663114754483104 ], [ -7150143.734107282944024, -7312485.598945131525397 ], [ -7149915.863109628669918, -7312448.763810859061778 ], [ -7149709.254134715534747, -7312421.185787395574152 ], [ -7149613.964650597423315, -7312347.902002405375242 ], [ -7149492.069808178581297, -7312329.581163592636585 ], [ -7149311.954872075468302, -7312164.309854755178094 ], [ -7149237.816091206856072, -7312054.19520624820143 ], [ -7149258.966794458217919, -7311934.825738379731774 ], [ -7149280.228817200288177, -7311898.186041449196637 ], [ -7149237.816091206856072, -7311769.755618751980364 ], [ -7149253.734778389334679, -7311650.390497628599405 ], [ -7149327.873559259809554, -7311549.538997874595225 ], [ -7149354.367598067969084, -7311503.645247436128557 ], [ -7149380.861636875197291, -7311420.921479176729918 ], [ -7149375.518301319330931, -7311393.347084439359605 ], [ -7149349.024262510240078, -7311255.86221922095865 ], [ -7149322.530223700217903, -7311164.078438783064485 ], [ -7149423.163043378852308, -7311072.295736795291305 ], [ -7149455.000417745672166, -7311063.04039813298732 ], [ -7149455.000417745672166, -7310897.988700179383159 ], [ -7149481.494456553831697, -7310833.781446809880435 ], [ -7149423.163043378852308, -7310787.891901422291994 ], [ -7149497.413143736310303, -7310631.908025302924216 ], [ -7149507.988495362922549, -7310540.131575881503522 ], [ -7149476.151120994240046, -7310338.265742803923786 ], [ -7149449.657082187011838, -7310200.606647649779916 ], [ -7149364.942949692718685, -7310200.606647649779916 ], [ -7149301.379520450718701, -7310200.606647649779916 ], [ -7149200.746700773946941, -7310209.668166163377464 ], [ -7149184.828013589605689, -7310228.176832384429872 ], [ -7149131.839935972355306, -7310255.554314908571541 ], [ -7148994.137725859880447, -7310329.011273794807494 ], [ -7148718.621986146084964, -7310402.468923429958522 ], [ -7148649.715221346355975, -7310439.101605262607336 ], [ -7148580.919776037335396, -7310439.101605262607336 ], [ -7148527.931698418222368, -7310384.152646933682263 ], [ -7148443.21756592579186, -7310430.03982060868293 ], [ -7148379.542817190289497, -7310586.019665811210871 ], [ -7148353.048778382129967, -7310677.796654360368848 ], [ -7148305.40403632260859, -7310686.858726425096393 ], [ -7148231.265255455859005, -7310870.416151342913508 ], [ -7148167.701826211996377, -7310952.941273095086217 ], [ -7148093.563045343384147, -7310952.941273095086217 ], [ -7148008.73759335745126, -7310897.988700179383159 ], [ -7147939.830828556790948, -7310870.416151342913508 ], [ -7147849.773360506631434, -7310888.733568040654063 ], [ -7147749.140540827997029, -7310952.941273095086217 ], [ -7147717.414485954679549, -7311053.977889650501311 ], [ -7147659.08307277597487, -7311044.722572692669928 ], [ -7147558.450253100134432, -7310998.831788096576929 ], [ -7147489.543488298542798, -7310952.941273095086217 ], [ -7147468.392785048112273, -7311017.149505921639502 ], [ -7147547.874901474453509, -7311099.868998226709664 ], [ -7147600.862979093566537, -7311145.760376406833529 ], [ -7147606.094995159655809, -7311219.03288365341723 ], [ -7147526.612878733314574, -7311356.709927330724895 ], [ -7147500.118839925155044, -7311494.389397670514882 ], [ -7147425.980059054680169, -7311531.027200543321669 ], [ -7147309.539871687069535, -7311613.752134883776307 ], [ -7147208.795732518658042, -7311760.499453652650118 ], [ -7147118.73826446570456, -7311714.604463718831539 ], [ -7146991.611405979841948, -7311751.24329952057451 ], [ -7146832.647173127159476, -7311815.650932734832168 ], [ -7146588.968807782046497, -7311788.07514451816678 ], [ -7146398.278520052321255, -7311824.71432494558394 ], [ -7146281.727013191208243, -7311751.24329952057451 ], [ -7146154.600154705345631, -7311852.290242514573038 ], [ -7146128.1061158971861, -7311861.546516388654709 ], [ -7146032.705312288366258, -7311852.290242514573038 ], [ -7145932.072492609731853, -7311898.186041449196637 ], [ -7145773.219579248689115, -7311934.825738379731774 ], [ -7145857.933711742982268, -7312017.554949375800788 ], [ -7145836.783008491620421, -7312100.092191558331251 ], [ -7145720.23150163050741, -7312173.566498391330242 ], [ -7145667.243424011394382, -7312164.309854755178094 ], [ -7145550.691917152144015, -7312265.169292472302914 ], [ -7145492.360503976233304, -7312292.746765081770718 ], [ -7145412.989707041531801, -7312338.645152161829174 ], [ -7145328.164255055598915, -7312338.645152161829174 ], [ -7145201.037396569736302, -7312237.78476566914469 ], [ -7145073.910538085736334, -7312136.732835609465837 ], [ -7144999.771757216192782, -7312072.515399136580527 ], [ -7144930.86499241553247, -7312072.515399136580527 ], [ -7144883.108930865302682, -7312118.412492098286748 ], [ -7144755.982072379440069, -7312136.732835609465837 ], [ -7144734.831369128078222, -7312182.630305916070938 ], [ -7144814.313485554419458, -7312210.207487110979855 ], [ -7144920.289640789851546, -7312210.207487110979855 ], [ -7144952.015695666894317, -7312237.78476566914469 ], [ -7144936.09700848441571, -7312412.121703042648733 ], [ -7144835.464188805781305, -7312476.341931694187224 ], [ -7144766.668743494898081, -7312531.498465486802161 ], [ -7144692.529962627217174, -7312623.105457436293364 ], [ -7144581.210471834056079, -7312788.38647457677871 ], [ -7144517.647042592056096, -7312889.446835900656879 ], [ -7144464.658964972943068, -7312944.413421136327088 ], [ -7144374.601496919989586, -7313054.540620717220008 ], [ -7144284.544028870761395, -7313137.088821774348617 ], [ -7144167.992522009648383, -7313256.476665266789496 ], [ -7144104.429092765785754, -7313274.799678385257721 ], [ -7144067.359702332876623, -7313357.54308351315558 ], [ -7144019.603640781715512, -7313458.417931010946631 ], [ -7143956.151531031355262, -7313550.228676171042025 ], [ -7143866.09406297840178, -7313651.106012399308383 ], [ -7143802.41931424383074, -7313825.667387408204377 ], [ -7143675.292455757968128, -7313926.548281371593475 ], [ -7143553.508932829834521, -7314000.039772144518793 ], [ -7143516.43954239692539, -7313990.78096358012408 ], [ -7143370.944967929273844, -7314047.491338323801756 ], [ -7143304.487231926992536, -7314073.531954481266439 ], [ -7143172.017037881538272, -7314146.831932802684605 ], [ -7143071.384218205697834, -7314174.416050172410905 ], [ -7142965.408062969334424, -7314321.211488425731659 ], [ -7142790.636462423950434, -7314449.876776305027306 ], [ -7142700.578994372859597, -7314458.943225863389671 ], [ -7142658.166268380358815, -7314458.943225863389671 ], [ -7142552.190113144926727, -7314458.943225863389671 ], [ -7142483.394667834974825, -7314422.291685995645821 ], [ -7142329.77377054002136, -7314477.269060298800468 ], [ -7142345.581138232722878, -7314605.936919275671244 ], [ -7142456.900629025883973, -7314688.501519579440355 ], [ -7142557.53344870172441, -7314706.827892693690956 ], [ -7142446.325277401134372, -7314762.000180857256055 ], [ -7142467.475980652496219, -7314807.913081435486674 ], [ -7142509.777387152425945, -7314862.89317046944052 ], [ -7142552.190113144926727, -7314862.89317046944052 ], [ -7142626.440213503316045, -7314844.56643111910671 ], [ -7142663.509603939950466, -7314853.82625194080174 ], [ -7142721.729697622358799, -7314853.82625194080174 ], [ -7142753.567071989178658, -7314853.82625194080174 ], [ -7142795.97979798167944, -7314872.153013023547828 ], [ -7142875.350594918243587, -7314982.30739891063422 ], [ -7142880.693930475972593, -7315018.961567111313343 ], [ -7142901.84463372733444, -7315193.36059766355902 ], [ -7142896.501298167742789, -7315349.435598799027503 ], [ -7142896.501298167742789, -7315450.529105862602592 ], [ -7142933.682008094154298, -7315579.020070379599929 ], [ -7142975.983414594084024, -7315698.445249888114631 ], [ -7143002.4774534041062, -7315808.611291796900332 ], [ -7142970.751398527063429, -7315872.859455786645412 ], [ -7142885.925946544855833, -7315973.959739138372242 ], [ -7142843.624540041200817, -7316038.209263546392322 ], [ -7142785.293126866221428, -7316130.050342451781034 ], [ -7142732.305049248039722, -7316212.631058356724679 ], [ -7142695.235658813267946, -7316056.538804363459349 ], [ -7142674.084955562837422, -7316038.209263546392322 ], [ -7142589.25950357876718, -7316047.27755730971694 ], [ -7142541.614761519245803, -7316074.86838820297271 ], [ -7142515.120722712017596, -7316230.961008592508733 ], [ -7142467.475980652496219, -7316295.212647583335638 ], [ -7142451.557293468154967, -7316377.795110159553587 ], [ -7142366.843160973861814, -7316387.056749212555587 ], [ -7142223.797615305520594, -7316442.240909626707435 ], [ -7142059.601366384886205, -7316396.318399251438677 ], [ -7142059.601366384886205, -7316368.726432562805712 ], [ -7142011.845304834656417, -7316249.291001855395734 ], [ -7141937.706523965112865, -7316276.882546528242528 ], [ -7141916.555820714682341, -7316359.464815249666572 ], [ -7141810.579665479250252, -7316423.717511598952115 ], [ -7141762.823603929951787, -7316598.340873800218105 ], [ -7141741.672900677658617, -7316662.595535743050277 ], [ -7141651.615432628430426, -7316855.362694027833641 ], [ -7141603.970690568909049, -7316892.025655136443675 ], [ -7141545.639277392067015, -7316928.881752700544894 ], [ -7141392.01838009711355, -7317020.733307812362909 ], [ -7141307.304247602820396, -7317084.991445637308061 ], [ -7141296.728895978070796, -7317139.987569141201675 ], [ -7141116.6139598749578, -7317259.436624304391444 ], [ -7140984.143765829503536, -7317314.626950334757566 ], [ -7140910.004984962753952, -7317250.173950472846627 ], [ -7140835.866204095073044, -7317305.3642110330984 ], [ -7140745.697416552342474, -7317305.3642110330984 ], [ -7140623.913893623277545, -7317332.95948759932071 ], [ -7140496.787035138346255, -7317342.02928510773927 ], [ -7140417.304918712936342, -7317250.173950472846627 ], [ -7140385.467544344253838, -7317250.173950472846627 ], [ -7140247.765334233641624, -7317213.509307713247836 ], [ -7140173.626553365960717, -7317185.914453292265534 ], [ -7140057.075046504847705, -7317222.77193805295974 ], [ -7140025.237672138027847, -7317296.101482718251646 ], [ -7139956.442226827144623, -7317433.885700325481594 ], [ -7139866.273439285345376, -7317433.885700325481594 ], [ -7139717.995877548120916, -7317369.624691249802709 ], [ -7139659.77578386478126, -7317351.292067904025316 ], [ -7139484.892863827757537, -7317415.552926099859178 ], [ -7139421.329434583894908, -7317314.626950334757566 ], [ -7139410.754082958213985, -7317231.841607573442161 ], [ -7139410.754082958213985, -7317158.512666378170252 ], [ -7139410.754082958213985, -7316937.951080865226686 ], [ -7139479.549528268165886, -7316772.775180691853166 ], [ -7139521.962254261597991, -7316662.595535743050277 ], [ -7139574.950331878848374, -7316432.979205119423568 ], [ -7139654.43244830518961, -7316065.60711941216141 ], [ -7139590.869019063189626, -7316047.27755730971694 ], [ -7139574.950331878848374, -7315900.449670429341495 ], [ -7139612.019722311757505, -7315762.692507502622902 ], [ -7139643.857096678577363, -7315680.116549578495324 ], [ -7139638.513761122711003, -7315505.513719285838306 ], [ -7139744.489916357211769, -7315211.881077457219362 ], [ -7139739.257900290191174, -7315074.136060474440455 ], [ -7139898.110813652165234, -7314826.239734772592783 ], [ -7139935.180204085074365, -7314789.586471105925739 ], [ -7139977.59293007850647, -7314771.066992776468396 ], [ -7140020.005656071007252, -7314449.876776305027306 ], [ -7140014.662320511415601, -7314293.81975178886205 ], [ -7140173.626553365960717, -7314045.948193425312638 ], [ -7140279.491389109753072, -7313889.899239933118224 ], [ -7140411.961583153344691, -7313816.408785560168326 ], [ -7140464.949660772457719, -7313531.905016875825822 ], [ -7140459.717644703574479, -7313173.927202390506864 ], [ -7140491.443699579685926, -7312971.993292100727558 ], [ -7140539.088441639207304, -7312760.807251939550042 ], [ -7140576.15783207397908, -7312687.520280393771827 ], [ -7140634.489245248958468, -7312549.819777923636138 ], [ -7140682.133987308479846, -7312485.598945131525397 ], [ -7140751.040752109140158, -7312375.479767121374607 ], [ -7140788.110142543911934, -7312292.746765081770718 ], [ -7140841.098220161162317, -7312228.528045926243067 ], [ -7140899.429633337073028, -7312191.886971266008914 ], [ -7141026.445172333158553, -7312256.105389168485999 ], [ -7141169.602037492208183, -7312320.324335061013699 ], [ -7141275.466873236000538, -7312384.543808952905238 ], [ -7141418.512418908067048, -7311999.042042843997478 ], [ -7141439.663122156634927, -7311843.033979608677328 ], [ -7141519.145238582976162, -7311769.755618751980364 ], [ -7141535.063925767317414, -7311843.033979608677328 ], [ -7141598.627355009317398, -7311861.546516388654709 ], [ -7141694.02815861813724, -7311751.24329952057451 ], [ -7141837.07370429020375, -7311659.646532251499593 ], [ -7141874.143094723112881, -7311613.752134883776307 ], [ -7141964.200562774203718, -7311641.134473973885179 ], [ -7142001.269953208975494, -7311677.96579977683723 ], [ -7142054.258030826225877, -7311714.604463718831539 ], [ -7142117.821460070088506, -7311806.394713248126209 ], [ -7142154.890850503928959, -7311815.650932734832168 ], [ -7142207.878928121179342, -7311806.394713248126209 ], [ -7142266.09902180545032, -7311732.923860137350857 ], [ -7142356.267809349112213, -7311788.07514451816678 ], [ -7142488.626683901064098, -7311824.71432494558394 ], [ -7142642.247581197880208, -7311769.755618751980364 ], [ -7142732.305049248039722, -7311760.499453652650118 ], [ -7142806.555149608291686, -7311604.496154645457864 ], [ -7142700.578994372859597, -7311576.921111863106489 ], [ -7142637.015565128996968, -7311622.815292827785015 ], [ -7142552.190113144926727, -7311567.858007168397307 ], [ -7142499.202035525813699, -7311531.027200543321669 ], [ -7142435.638606283813715, -7311476.070560674183071 ], [ -7142350.924473791383207, -7311402.602814476937056 ], [ -7142287.361044547520578, -7311356.709927330724895 ], [ -7142160.234186061657965, -7311274.180539794266224 ], [ -7142096.670756819657981, -7311237.351117856800556 ], [ -7141985.351266024634242, -7311200.714692406356335 ], [ -7141821.155017105862498, -7311182.396544116549194 ], [ -7141656.958768185228109, -7311274.180539794266224 ], [ -7141614.546042191796005, -7311402.602814476937056 ], [ -7141593.395338943228126, -7311503.645247436128557 ], [ -7141545.639277392067015, -7311586.177059425972402 ], [ -7141429.087770530954003, -7311586.177059425972402 ], [ -7141423.855754463933408, -7311641.134473973885179 ], [ -7141365.52434128895402, -7311632.07129477430135 ], [ -7141354.948989662341774, -7311558.602081312797964 ], [ -7141323.222934788092971, -7311430.177241888828576 ], [ -7141307.304247602820396, -7311347.647078137844801 ], [ -7141158.915366376750171, -7311292.498903325758874 ], [ -7141143.107998684048653, -7311145.760376406833529 ], [ -7141037.131843448616564, -7311044.722572692669928 ], [ -7140920.580336587503552, -7310925.368530292995274 ], [ -7140883.510946154594421, -7310852.09877759963274 ], [ -7140920.580336587503552, -7310705.175712700001895 ], [ -7141005.294469081796706, -7310567.510151722468436 ], [ -7141084.776585508137941, -7310475.927263828925788 ], [ -7141143.107998684048653, -7310402.468923429958522 ], [ -7141185.409405184909701, -7310310.695169534534216 ], [ -7141227.822131176479161, -7310182.290844452567399 ], [ -7141233.165466736070812, -7310053.695835399441421 ], [ -7141233.165466736070812, -7309962.118971042335033 ], [ -7141211.903443994000554, -7309824.466504012234509 ], [ -7141148.340014750137925, -7309751.0142892729491 ], [ -7141090.119921064935625, -7309705.131104010157287 ], [ -7141058.282546699978411, -7309723.445788499899209 ], [ -7141090.119921064935625, -7309806.151582687161863 ], [ -7141127.189311501570046, -7309888.665462026372552 ], [ -7141121.845975941978395, -7310008.003665731288493 ], [ -7141031.788507889024913, -7310008.003665731288493 ], [ -7140920.580336587503552, -7310008.003665731288493 ], [ -7140825.17953297868371, -7309998.749587963335216 ], [ -7140655.639948500320315, -7309971.180212924256921 ], [ -7140539.088441639207304, -7309980.434258032590151 ], [ -7140496.787035138346255, -7309980.434258032590151 ], [ -7140417.304918712936342, -7309989.495521157979965 ], [ -7140364.316841093823314, -7309989.495521157979965 ], [ -7140343.166137842461467, -7310118.089473377913237 ], [ -7140337.822802284732461, -7310246.492743168026209 ], [ -7140263.684021417982876, -7310255.554314908571541 ], [ -7140141.789178999140859, -7310246.492743168026209 ], [ -7140072.993733687326312, -7310228.176832384429872 ], [ -7140025.237672138027847, -7310200.606647649779916 ], [ -7139834.547384409233928, -7310191.352341720834374 ], [ -7139749.833251914009452, -7310163.975084198638797 ], [ -7139717.995877548120916, -7310090.519677168689668 ], [ -7139781.559306791052222, -7309879.411525626666844 ], [ -7139829.204048850573599, -7309741.760515928268433 ], [ -7139797.477993973530829, -7309622.61916319001466 ], [ -7139702.077190364710987, -7309604.304715075530112 ], [ -7139680.92648711334914, -7309622.61916319001466 ], [ -7139617.363057871349156, -7309576.736732023768127 ], [ -7139564.374980252236128, -7309494.226147290319204 ], [ -7139569.718315811827779, -7309402.463062559254467 ], [ -7139516.730238192714751, -7309310.701055669225752 ], [ -7139468.974176643416286, -7309292.387338776141405 ], [ -7139426.672770141623914, -7309283.134108672849834 ], [ -7139405.410747401416302, -7309283.134108672849834 ], [ -7139279.174444841220975, -7309217.205161419697106 ], [ -7139212.939347819425166, -7309263.08548104763031 ], [ -7139148.485362649895251, -7309218.361804821528494 ], [ -7139146.704250797629356, -7309217.205161419697106 ], [ -7139047.407265009358525, -7309182.698712005279958 ], [ -7139014.234056752175093, -7309240.145287551917136 ], [ -7138888.443032156676054, -7309194.265102648176253 ], [ -7138842.134123986586928, -7309171.325111237354577 ], [ -7138749.404988155700266, -7309308.966070121154189 ], [ -7138696.416910538449883, -7309263.08548104763031 ], [ -7138630.181813514791429, -7309263.08548104763031 ], [ -7138517.637808323837817, -7309251.518988511525095 ], [ -7138391.846783727407455, -7309274.45921540632844 ], [ -7138325.611686705611646, -7309400.728056631982327 ], [ -7138352.105725515633821, -7309538.180275552906096 ], [ -7138365.352744919247925, -7309652.886292608454823 ], [ -7138411.661653089337051, -7309698.769171023741364 ], [ -7138504.390788920223713, -7309721.710711287334561 ], [ -7138656.675852325744927, -7309790.535736312158406 ], [ -7138749.404988155700266, -7309802.103026924654841 ], [ -7138822.207935134880245, -7309951.129819461144507 ], [ -7138875.196012751199305, -7309985.446870377287269 ], [ -7138921.504920921288431, -7310088.784518424421549 ], [ -7138921.504920921288431, -7310295.078314554877579 ], [ -7138921.504920921288431, -7310375.476530951447785 ], [ -7138848.701973943971097, -7310478.626533589325845 ], [ -7138822.207935134880245, -7310524.514262219890952 ], [ -7138696.416910538449883, -7310524.514262219890952 ], [ -7138590.440755303017795, -7310570.402260407805443 ], [ -7138530.884827728383243, -7310616.29052815772593 ], [ -7138325.611686705611646, -7310627.859041563235223 ], [ -7138093.844506873749197, -7310696.499240164645016 ], [ -7137974.621332234703004, -7310696.499240164645016 ], [ -7137835.583288233727217, -7310731.012376884929836 ], [ -7137795.842230020090938, -7310742.388248661532998 ], [ -7137650.125016571953893, -7310731.012376884929836 ], [ -7137497.839953166432679, -7310765.332853998057544 ], [ -7137431.604856146499515, -7310765.332853998057544 ], [ -7137305.813831550069153, -7310834.167074383236468 ], [ -7137232.899565077386796, -7310834.167074383236468 ], [ -7137107.108540483750403, -7310914.570839351974428 ], [ -7136822.353283033706248, -7311017.727960869669914 ], [ -7136762.797355458140373, -7311086.56440538354218 ], [ -7136630.3271614164114, -7311178.347275028936565 ], [ -7136491.289117415435612, -7311510.972802947275341 ], [ -7136491.289117415435612, -7311705.926869885064662 ], [ -7136491.289117415435612, -7312096.042446713894606 ], [ -7136491.289117415435612, -7312268.062029784545302 ], [ -7136544.27719503082335, -7312508.934381857514381 ], [ -7136656.821200223639607, -7312669.584363150410354 ], [ -7136716.377127798274159, -7312853.188387913629413 ], [ -7136597.265272649936378, -7312967.943095158785582 ], [ -7136458.22722864896059, -7313185.885248112492263 ], [ -7136372.065942775458097, -7313403.833482747897506 ], [ -7136259.521937583573163, -7313438.358584134839475 ], [ -7136385.312962180003524, -7313610.407733339816332 ], [ -7136537.598025584593415, -7313656.31386436149478 ], [ -7136676.747389076277614, -7313702.220265210606158 ], [ -7136868.773510693572462, -7313771.080372419208288 ], [ -7137074.046651718206704, -7313816.987447853200138 ], [ -7137279.319792740978301, -7314046.526872725225985 ], [ -7137464.778064400888979, -7314126.770817727781832 ], [ -7137723.039283042773604, -7314275.880145352333784 ], [ -7137862.077327043749392, -7314436.566475809551775 ], [ -7138120.338545683771372, -7314654.549615651369095 ], [ -7138272.623609088361263, -7314712.0364486919716 ], [ -7138451.402711302042007, -7314803.861932291649282 ], [ -7138524.205658280290663, -7314952.984188217669725 ], [ -7138438.155691898427904, -7315021.85532455984503 ], [ -7138325.611686705611646, -7314952.984188217669725 ], [ -7138067.350468065589666, -7314964.36621087230742 ], [ -7138014.362390449270606, -7314918.645305131562054 ], [ -7137842.151138191111386, -7314918.645305131562054 ], [ -7137656.80418601911515, -7314803.861932291649282 ], [ -7137544.148861337453127, -7314826.81847189553082 ], [ -7137391.863797931931913, -7314861.156951213255525 ], [ -7137398.542967380024493, -7315010.280301200225949 ], [ -7137232.899565077386796, -7314964.36621087230742 ], [ -7137074.046651718206704, -7315010.280301200225949 ], [ -7136941.57645767275244, -7314861.156951213255525 ], [ -7136749.550336054526269, -7314861.156951213255525 ], [ -7136564.092064392752945, -7314734.99271837156266 ], [ -7136504.536136819981039, -7314918.645305131562054 ], [ -7136603.833122606389225, -7315044.812504979781806 ], [ -7136703.241427885368466, -7315193.939361995086074 ], [ -7136809.106263629160821, -7315331.686492155306041 ], [ -7136875.341360650956631, -7315411.943643397651613 ], [ -7136928.329438268207014, -7315538.31174321193248 ], [ -7136954.823477078229189, -7315871.123011974617839 ], [ -7136875.341360650956631, -7315997.305601278319955 ], [ -7136756.229505502618849, -7316215.525258164852858 ], [ -7136610.512292053550482, -7316238.485947988927364 ], [ -7136517.78315622266382, -7316261.253757502883673 ], [ -7136451.548059200868011, -7316192.564635853283107 ], [ -7136425.054020391777158, -7316077.76253695320338 ], [ -7136444.980209244415164, -7315974.345620589330792 ], [ -7136491.289117415435612, -7315756.325638559646904 ], [ -7136531.030175627209246, -7315676.064947945065796 ], [ -7136517.78315622266382, -7315492.394548285752535 ], [ -7136471.474248053506017, -7315377.602742148563266 ], [ -7136372.065942775458097, -7315216.897048291750252 ], [ -7136312.510015199892223, -7315056.194661471061409 ], [ -7136219.780879369936883, -7314930.027277739718556 ], [ -7136146.977932389825583, -7314861.156951213255525 ], [ -7136047.569627113640308, -7314815.243737610056996 ], [ -7135994.58154949452728, -7314803.861932291649282 ], [ -7135862.222674941644073, -7314712.0364486919716 ], [ -7135815.913766771554947, -7314666.124111770652235 ], [ -7135656.949533918872476, -7314597.256112480536103 ], [ -7135570.788248045369983, -7314597.256112480536103 ], [ -7135444.997223448939621, -7314505.433058101683855 ], [ -7135398.688315278850496, -7314459.521935766562819 ], [ -7135292.712160043418407, -7314425.185222364962101 ], [ -7135094.118188467808068, -7314379.274571777321398 ], [ -7135021.203921998851001, -7314321.790188122540712 ], [ -7134895.41289740242064, -7314413.611083326861262 ], [ -7134723.201645145192742, -7314413.611083326861262 ], [ -7134544.422542930580676, -7314310.409101940691471 ], [ -7134425.199368289671838, -7314298.835133001208305 ], [ -7134239.852416121400893, -7314195.634668290615082 ], [ -7134133.876260885037482, -7314161.106219138950109 ], [ -7133994.838216884993017, -7314011.999082787893713 ], [ -7133868.935872797854245, -7313989.044938195496798 ], [ -7133710.082959434948862, -7313851.321487369015813 ], [ -7133623.921673561446369, -7313599.027683771215379 ], [ -7133577.612765392288566, -7313392.453734169714153 ], [ -7133544.439557135105133, -7313254.740803095512092 ], [ -7133471.6366101577878, -7313048.175959197804332 ], [ -7133445.142571346834302, -7312818.665873117744923 ], [ -7133418.648532538674772, -7312600.733966565690935 ], [ -7133392.154493729583919, -7312359.858783544041216 ], [ -7133372.339624367654324, -7312164.888394659385085 ], [ -7133352.413435516878963, -7312061.523278247565031 ], [ -7133332.59856615588069, -7311924.026651948690414 ], [ -7133292.857507941313088, -7311740.444466894492507 ], [ -7133200.128372111357749, -7311488.026007317006588 ], [ -7133186.881352706812322, -7311338.969891953282058 ], [ -7133094.15221687592566, -7311235.615704353898764 ], [ -7133120.646255685016513, -7311120.886444687843323 ], [ -7133160.387313897721469, -7310971.837334857322276 ], [ -7133167.066483344882727, -7310708.067872355692089 ], [ -7133133.893275089561939, -7310467.251045916229486 ], [ -7133001.534400534816086, -7310363.908391296863556 ], [ -7133021.349269896745682, -7310272.135090411640704 ], [ -7133041.275458749383688, -7310249.384733006358147 ], [ -7133100.831386324949563, -7310168.987814313732088 ], [ -7133087.584366920404136, -7310100.159454991109669 ], [ -7132968.361192279495299, -7309985.446870377287269 ], [ -7132915.373114662244916, -7309962.504555589519441 ], [ -7132855.817187088541687, -7309985.446870377287269 ], [ -7132809.508278918452561, -7310019.956865737214684 ], [ -7132869.064206493087113, -7309893.67801548819989 ], [ -7132902.126095258630812, -7309744.652318920940161 ], [ -7132809.508278918452561, -7309629.944954459555447 ], [ -7132710.099973638541996, -7309561.121344225481153 ], [ -7132564.494079682044685, -7309331.906465704552829 ], [ -7132405.529846829362214, -7309228.578828981146216 ], [ -7132326.047730402089655, -7309159.758754555135965 ], [ -7132180.330516954883933, -7309182.698712005279958 ], [ -7132041.292472953908145, -7309274.45921540632844 ], [ -7131955.242506569251418, -7309343.280300256796181 ], [ -7131889.007409548386931, -7309400.728056631982327 ], [ -7131822.772312526591122, -7309446.416674533858895 ], [ -7131723.475326737388968, -7309549.747192512266338 ], [ -7131438.720069289207458, -7309675.827698132023215 ], [ -7131425.473049885593355, -7309710.336325759068131 ], [ -7131359.237952862866223, -7309779.161250577308238 ], [ -7131279.755836435593665, -7309779.161250577308238 ], [ -7131299.682025288231671, -7309997.014449602924287 ], [ -7131160.532661796547472, -7309951.129819461144507 ], [ -7131120.791603584773839, -7309836.419423192739487 ], [ -7131041.309487158432603, -7309779.161250577308238 ], [ -7130948.691670817323029, -7309756.219541598111391 ], [ -7130802.974457368254662, -7309687.394818900153041 ], [ -7130723.492340942844748, -7309744.652318920940161 ], [ -7130696.998302132822573, -7309824.852081765420735 ], [ -7130465.231122300960124, -7309824.852081765420735 ], [ -7130398.996025281026959, -7309767.593993930146098 ], [ -7130306.378208939917386, -7309744.652318920940161 ], [ -7130167.340164939872921, -7309710.336325759068131 ], [ -7130008.375932086259127, -7309698.769171023741364 ], [ -7129789.855771658942103, -7309698.769171023741364 ], [ -7129710.373655234463513, -7309710.336325759068131 ], [ -7129617.644519403576851, -7309790.535736312158406 ], [ -7129730.188524594530463, -7309962.504555589519441 ], [ -7129803.102791064418852, -7310019.956865737214684 ], [ -7129842.843849276192486, -7310088.784518424421549 ], [ -7129855.979549190960824, -7310214.873724105767906 ], [ -7129908.967626808211207, -7310363.908391296863556 ], [ -7129988.44974323362112, -7310444.307316092774272 ], [ -7130008.375932086259127, -7310547.458227618597448 ], [ -7130120.919937278144062, -7310650.610501240007579 ], [ -7130206.969903661869466, -7310903.00190133228898 ], [ -7130240.143111918121576, -7310937.515950443223119 ], [ -7130306.378208939917386, -7310983.406374822370708 ], [ -7130392.42817532364279, -7311086.56440538354218 ], [ -7130332.872247748076916, -7311075.188032377511263 ], [ -7130253.390131322667003, -7311143.83216181397438 ], [ -7130173.908014896325767, -7311316.023601604625583 ], [ -7130120.919937278144062, -7311247.185134993866086 ], [ -7130028.190801448188722, -7311258.561758500523865 ], [ -7129961.955704426392913, -7311384.862674873322248 ], [ -7129928.893815659917891, -7311384.862674873322248 ], [ -7129948.708685021847486, -7311568.243670983240008 ], [ -7130054.684840256348252, -7311751.821808831766248 ], [ -7130021.622951490804553, -7311901.078642852604389 ], [ -7129995.1289126817137, -7311969.730030568316579 ], [ -7129942.140835064463317, -7311958.352371227927506 ], [ -7129842.843849276192486, -7311924.026651948690414 ], [ -7129750.114713445305824, -7311878.130701178684831 ], [ -7129604.397499997168779, -7311774.769379429519176 ], [ -7129485.174325358122587, -7311832.235020082443953 ], [ -7129432.186247740872204, -7311866.560335982590914 ], [ -7129385.877339571714401, -7311912.456218766979873 ], [ -7129326.321411997079849, -7311924.026651948690414 ], [ -7129240.160126121714711, -7311889.508243665099144 ], [ -7129107.689932078123093, -7311843.612495717592537 ], [ -7129068.060193355195224, -7311797.717017441056669 ], [ -7128975.331057524308562, -7311751.821808831766248 ], [ -7128809.798974714241922, -7311728.87430565059185 ], [ -7128763.378747054375708, -7311889.508243665099144 ], [ -7128664.081761267967522, -7312004.248793371021748 ], [ -7128604.52583369333297, -7312073.093932243995368 ], [ -7128544.858586627058685, -7312118.99102860596031 ], [ -7128379.326503816992044, -7312061.523278247565031 ], [ -7128326.338426200672984, -7312268.062029784545302 ], [ -7128346.264615052379668, -7312394.37927050050348 ], [ -7128405.82054262701422, -7312520.505698654800653 ], [ -7128465.376470202580094, -7312772.957526836544275 ], [ -7128491.870509009808302, -7312876.13919448107481 ], [ -7128544.858586627058685, -7313013.845450147055089 ], [ -7128578.031794882379472, -7313117.030300152488053 ], [ -7128571.35262543708086, -7313346.549154013395309 ], [ -7128498.549678457900882, -7313576.074752888642251 ], [ -7128438.882431391626596, -7313816.987447853200138 ], [ -7128399.252692669630051, -7314023.572626654058695 ], [ -7128319.770576242357492, -7313805.414210120216012 ], [ -7128253.535479221493006, -7313839.941086761653423 ], [ -7128107.818265772424638, -7313759.507202711887658 ], [ -7128021.768299390561879, -7313748.126935889944434 ], [ -7127823.063008323311806, -7313759.507202711887658 ], [ -7127909.224294197745621, -7313897.229034461081028 ], [ -7128008.521279984153807, -7313943.136851403862238 ], [ -7128094.571246369741857, -7314138.151636300608516 ], [ -7128167.37419334705919, -7314310.409101940691471 ], [ -7128193.868232156150043, -7314436.566475809551775 ], [ -7128160.806343391537666, -7314643.168044529855251 ], [ -7128174.053362796083093, -7314780.905460170470178 ], [ -7128253.535479221493006, -7314930.027277739718556 ], [ -7128286.597367986105382, -7315102.109291693195701 ], [ -7128372.75865386147052, -7315251.430165719240904 ], [ -7128412.388392583467066, -7315366.220117192715406 ], [ -7128505.117528413422406, -7315503.777357152663171 ], [ -7128551.537756074219942, -7315607.188041834160686 ], [ -7128571.35262543708086, -7315733.366366383619606 ], [ -7128604.52583369333297, -7315940.002246073447168 ], [ -7128703.822819479741156, -7316146.643593762069941 ], [ -7128703.822819479741156, -7316226.90912115201354 ], [ -7128756.810897098854184, -7316353.097459719516337 ], [ -7128823.045994118787348, -7316525.403790159150958 ], [ -7128836.181694031693041, -7316640.019513189792633 ], [ -7128915.663810459896922, -7316904.18235918879509 ], [ -7129008.392946290783584, -7317053.344729091972113 ], [ -7129081.307212760671973, -7317202.509948457591236 ], [ -7129167.357179142534733, -7317432.14890934061259 ], [ -7129200.530387400649488, -7317466.498847180046141 ], [ -7129306.395223144441843, -7317569.935527683235705 ], [ -7129385.877339571714401, -7317615.864940788596869 ], [ -7129538.16240297537297, -7317650.215686843730509 ], [ -7129743.43554399907589, -7317868.48154226038605 ], [ -7129915.646796255372465, -7317925.799051597714424 ], [ -7130061.364009705372155, -7318074.980939184315503 ], [ -7130120.919937278144062, -7318143.879616595804691 ], [ -7130120.919937278144062, -7318270.29193632863462 ], [ -7130114.352087320759892, -7318373.546265701763332 ], [ -7130008.375932086259127, -7318534.316939791664481 ], [ -7129895.831926895305514, -7318683.510454749688506 ], [ -7129750.114713445305824, -7318763.802064508199692 ], [ -7129584.582630637101829, -7318878.643662601709366 ], [ -7129366.062470208853483, -7318924.580774825066328 ], [ -7129187.172048504464328, -7318924.580774825066328 ], [ -7129154.110159738920629, -7318821.319157949648798 ], [ -7128995.145926886238158, -7318752.414502298459411 ], [ -7128869.354902288876474, -7318649.155162426643074 ], [ -7128743.563877694308758, -7318603.219670681282878 ], [ -7128518.364547817967832, -7318499.769300797022879 ], [ -7128438.882431391626596, -7318407.900345311500132 ], [ -7128246.856309773400426, -7318384.933275341056287 ], [ -7128207.22657105140388, -7318235.745465562678874 ], [ -7128140.880154537968338, -7318074.980939184315503 ], [ -7128048.262338198721409, -7317925.799051597714424 ], [ -7127929.039163559675217, -7317753.654801140539348 ], [ -7127862.804066537879407, -7317569.935527683235705 ], [ -7127836.310027728788555, -7317466.498847180046141 ], [ -7127717.086853087879717, -7317282.979303084313869 ], [ -7127644.283906108699739, -7317191.124663092195988 ], [ -7127644.283906108699739, -7316892.604545376263559 ], [ -7127650.851756067946553, -7316421.980945288203657 ], [ -7127637.716056153178215, -7316226.90912115201354 ], [ -7127591.295828492380679, -7316066.185948389582336 ], [ -7127478.751823300495744, -7315962.962125786580145 ], [ -7127452.257784491404891, -7315779.284978236071765 ], [ -7127445.578615043312311, -7315721.983222858048975 ], [ -7127472.072653852403164, -7315457.860365282744169 ], [ -7127531.739900917746127, -7315297.34594383276999 ], [ -7127551.5547702787444, -7315170.981743183918297 ], [ -7127544.986920322291553, -7315067.769752885214984 ], [ -7127465.504803895950317, -7314712.0364486919716 ], [ -7127366.207818108610809, -7314689.080246493220329 ], [ -7127293.293551639653742, -7314643.168044529855251 ], [ -7127253.552493426017463, -7314597.256112480536103 ], [ -7127286.725701680406928, -7314413.611083326861262 ], [ -7127207.243585255928338, -7314207.01558721717447 ], [ -7127147.687657681293786, -7313977.664336902089417 ], [ -7127068.762138709425926, -7314028.780726986937225 ], [ -7127041.711502444930375, -7314046.526872725225985 ], [ -7127001.970444233156741, -7314023.572626654058695 ], [ -7126994.178079877980053, -7314009.298591688275337 ], [ -7126889.426439040340483, -7313816.987447853200138 ], [ -7126783.450283805839717, -7313713.600465141236782 ], [ -7126717.215186783112586, -7313564.501872140914202 ], [ -7126584.744992739520967, -7313484.263703905045986 ], [ -7126492.015856907702982, -7313312.024458466097713 ], [ -7126299.989735290408134, -7313220.409386076964438 ], [ -7126154.383841332048178, -7313048.175959197804332 ], [ -7126068.222555458545685, -7312933.420073141343892 ], [ -7125909.369642096571624, -7312772.957526836544275 ], [ -7125882.875603287480772, -7312394.37927050050348 ], [ -7125776.899448052048683, -7312313.960271808318794 ], [ -7125684.170312222093344, -7312176.266354852356017 ], [ -7125604.688195795752108, -7312233.734949430450797 ], [ -7125564.947137582115829, -7312233.734949430450797 ], [ -7125406.094224219210446, -7312164.888394659385085 ], [ -7125280.191880133002996, -7311992.678241357207298 ], [ -7125108.091947365552187, -7311992.678241357207298 ], [ -7124982.300922770984471, -7312004.248793371021748 ], [ -7124803.410501065663993, -7311992.678241357207298 ], [ -7124704.113515279255807, -7312153.317604685202241 ], [ -7124492.272524298168719, -7312313.960271808318794 ], [ -7124260.394024975597858, -7312531.884176886640489 ], [ -7124094.861942165531218, -7312612.30541936121881 ], [ -7124015.379825739189982, -7312474.606242896988988 ], [ -7123969.070917569100857, -7312405.757564994506538 ], [ -7123810.106684716418386, -7312382.808140553534031 ], [ -7123664.500790759921074, -7312554.834039346314967 ], [ -7123598.265693738125265, -7312566.405424140393734 ], [ -7123472.474669140763581, -7312394.37927050050348 ], [ -7123492.289538501761854, -7312118.99102860596031 ], [ -7123585.018674333579838, -7311981.300548589788377 ], [ -7123591.586524289101362, -7311843.612495717592537 ], [ -7123611.512713141739368, -7311510.972802947275341 ], [ -7123591.586524289101362, -7311384.862674873322248 ], [ -7123578.339504884555936, -7311224.239114268682897 ], [ -7123611.512713141739368, -7311075.188032377511263 ], [ -7123657.821621312759817, -7310937.515950443223119 ], [ -7123532.030596716329455, -7310914.570839351974428 ], [ -7123439.301460883580148, -7310811.222266860306263 ], [ -7123353.251494501717389, -7310753.95694881118834 ], [ -7123320.078286245465279, -7310731.012376884929836 ], [ -7123114.805145221762359, -7310799.846294842660427 ], [ -7122955.952231859788299, -7310788.277526731602848 ], [ -7122790.308829560875893, -7310708.067872355692089 ], [ -7122671.196974410675466, -7310685.123435216955841 ], [ -7122465.923833387903869, -7310708.067872355692089 ], [ -7122346.700658748857677, -7310731.012376884929836 ], [ -7122075.192420703358948, -7310685.123435216955841 ], [ -7121962.648415511474013, -7310788.277526731602848 ], [ -7122002.278154233470559, -7310845.735910456627607 ], [ -7121896.413318489678204, -7310822.791068950667977 ], [ -7121803.684182658791542, -7310822.791068950667977 ], [ -7121565.349152871407568, -7310857.111949304118752 ], [ -7121479.187866996973753, -7311017.727960869669914 ], [ -7121426.199789378792048, -7310868.680819358676672 ], [ -7121379.890881210565567, -7310822.791068950667977 ], [ -7121287.16174537781626, -7310765.332853998057544 ], [ -7121161.370720781385899, -7310868.680819358676672 ], [ -7121095.135623759590089, -7310731.012376884929836 ], [ -7120975.912449120543897, -7310685.123435216955841 ], [ -7120982.480299076996744, -7310559.026639088988304 ], [ -7120903.109502142295241, -7310559.026639088988304 ], [ -7120830.19523567147553, -7310536.082639712840319 ], [ -7120677.910172266885638, -7310501.57036420982331 ], [ -7120585.181036435998976, -7310524.514262219890952 ], [ -7120605.10722528770566, -7310650.610501240007579 ], [ -7120492.563220094889402, -7310788.277526731602848 ], [ -7120419.648953625932336, -7310731.012376884929836 ], [ -7120380.01921490393579, -7310719.443710715509951 ], [ -7120267.363890220411122, -7310822.791068950667977 ], [ -7120333.598987244069576, -7311120.886444687843323 ], [ -7120353.52517609577626, -7311293.077378663234413 ], [ -7120386.587064861319959, -7311488.026007317006588 ], [ -7120333.153709279373288, -7311765.706045171245933 ], [ -7120327.031137286685407, -7311797.717017441056669 ], [ -7120247.549020860344172, -7311809.287280661053956 ], [ -7120148.14071558136493, -7311832.235020082443953 ], [ -7120062.090749197639525, -7311820.66472287196666 ], [ -7119956.114593962207437, -7311809.287280661053956 ], [ -7119777.335491748526692, -7311809.287280661053956 ], [ -7119697.853375324048102, -7311625.70779225975275 ], [ -7119638.297447747550905, -7311476.649049606174231 ], [ -7119651.544467153027654, -7311327.400325369089842 ], [ -7119658.1123171094805, -7311224.239114268682897 ], [ -7119658.1123171094805, -7311086.56440538354218 ], [ -7119651.544467153027654, -7310925.946978442370892 ], [ -7119519.074273109436035, -7310799.846294842660427 ], [ -7119466.086195492185652, -7310650.610501240007579 ], [ -7119426.345137277618051, -7310501.57036420982331 ], [ -7119426.345137277618051, -7310421.363653658889234 ], [ -7119380.036229108460248, -7310260.759903428144753 ], [ -7119221.071996255777776, -7310180.555665324442089 ], [ -7119154.836899232119322, -7310180.555665324442089 ], [ -7119029.045874637551606, -7310146.044960492290556 ], [ -7118830.340583571232855, -7310123.102174052037299 ], [ -7118803.84654476121068, -7310123.102174052037299 ], [ -7118644.993631400167942, -7310191.930735520087183 ], [ -7118565.511514973826706, -7310191.930735520087183 ], [ -7118486.029398546554148, -7310134.669957111589611 ], [ -7118446.288340334780514, -7310065.841900150291622 ], [ -7118426.473470972850919, -7309905.245458825491369 ], [ -7118333.744335141964257, -7309779.161250577308238 ], [ -7118254.262218715623021, -7309744.652318920940161 ], [ -7118154.965232928283513, -7309652.886292608454823 ], [ -7118141.718213523738086, -7309584.062480268068612 ], [ -7118135.039044076576829, -7309480.924288797192276 ], [ -7118082.050966459326446, -7309297.399509659968317 ], [ -7118121.903344161808491, -7309113.8790417406708 ], [ -7118009.248019480146468, -7309090.93928636983037 ], [ -7117896.70401428733021, -7309033.686577314510942 ], [ -7117744.418950881808996, -7308918.989651373587549 ], [ -7117678.183853860013187, -7308804.294409295544028 ], [ -7117572.207698625512421, -7308792.921359404921532 ], [ -7117406.675615815445781, -7308758.41678393445909 ], [ -7117340.440518793649971, -7308712.539427976123989 ], [ -7117300.699460580013692, -7308712.539427976123989 ], [ -7117254.390552409924567, -7308712.539427976123989 ], [ -7117135.167377770878375, -7308724.10512256808579 ], [ -7116929.894236747175455, -7308689.600851023569703 ], [ -7116916.647217343561351, -7308712.539427976123989 ], [ -7116777.609173341654241, -7308724.10512256808579 ], [ -7116605.397921086288989, -7308620.785524260252714 ], [ -7116525.91580465901643, -7308632.351083020679653 ], [ -7116367.062891297973692, -7308437.473704156465828 ], [ -7116254.407566614449024, -7308402.970698479562998 ], [ -7116201.419488996267319, -7308402.970698479562998 ], [ -7116016.072536825202405, -7308437.473704156465828 ], [ -7115896.849362187087536, -7308322.785530813038349 ], [ -7115824.046415207907557, -7308265.345700274221599 ], [ -7115724.638109928928316, -7308116.351061287336051 ], [ -7115612.094104737974703, -7308116.351061287336051 ], [ -7115678.32920175883919, -7308322.785530813038349 ], [ -7115804.120226355269551, -7308483.349444899708033 ], [ -7115797.552376398816705, -7308632.351083020679653 ], [ -7115876.92317333444953, -7308735.478072279132903 ], [ -7115910.096381589770317, -7308873.111352482810616 ], [ -7115817.367245759814978, -7308964.868219682015479 ], [ -7115764.379168141633272, -7308930.555651596747339 ], [ -7115658.403012907132506, -7308907.616434515453875 ], [ -7115526.044138354249299, -7308827.233323005959392 ], [ -7115386.894774861633778, -7308827.233323005959392 ], [ -7115241.288880905136466, -7308861.738202411681414 ], [ -7115088.892498008906841, -7308861.738202411681414 ], [ -7115029.336570435203612, -7308804.294409295544028 ], [ -7114983.027662265114486, -7308724.10512256808579 ], [ -7114943.286604051478207, -7308689.600851023569703 ], [ -7114877.051507029682398, -7308643.72389916703105 ], [ -7114817.495579455047846, -7308609.412741509266198 ], [ -7114685.025385411456227, -7308620.785524260252714 ], [ -7114506.246283196844161, -7308666.662341419607401 ], [ -7114440.011186175048351, -7308643.72389916703105 ], [ -7114360.529069748707116, -7308643.72389916703105 ], [ -7114281.046953321434557, -7308632.351083020679653 ], [ -7114155.255928725935519, -7308540.598121050745249 ], [ -7114062.526792895048857, -7308425.908433879725635 ], [ -7114042.711923533119261, -7308345.723030796274543 ], [ -7114009.538715277798474, -7308208.099041014909744 ], [ -7113949.982787703163922, -7308059.105493731796741 ], [ -7113930.056598851457238, -7307990.295720151625574 ], [ -7113844.006632467731833, -7307864.049672272987664 ], [ -7113797.697724297642708, -7307680.562870252877474 ], [ -7113651.980510849505663, -7307451.403157532215118 ], [ -7113526.189486252143979, -7307416.904506164602935 ], [ -7113440.139519869349897, -7307439.839346805587411 ], [ -7113426.001944539137185, -7307445.043059514835477 ], [ -7113347.410384038463235, -7307474.338099439628422 ], [ -7113285.071469194255769, -7307420.373637403361499 ], [ -7113254.681248207576573, -7307393.969732845202088 ], [ -7113188.446151185780764, -7307382.598735745064914 ], [ -7113115.643204206600785, -7307290.86044919397682 ], [ -7113069.222976546734571, -7307176.189105692319572 ], [ -7112996.420029567554593, -7307256.555232189595699 ], [ -7112996.420029567554593, -7307313.794919850304723 ], [ -7112870.629004970192909, -7307267.926045855507255 ], [ -7112857.270666076801717, -7307279.48960214946419 ], [ -7112824.208777310326695, -7307371.035026848316193 ], [ -7112777.89986914023757, -7307462.774254769086838 ], [ -7112665.355863949283957, -7307531.579382601194084 ], [ -7112539.453519861213863, -7307543.14332910720259 ], [ -7112393.847625902853906, -7307543.14332910720259 ], [ -7112294.439320624805987, -7307451.403157532215118 ], [ -7112221.636373647488654, -7307302.231312786228955 ], [ -7112161.969126581214368, -7307199.123239754699171 ], [ -7112122.339387859217823, -7307107.38710739929229 ], [ -7112003.116213218308985, -7306981.348043383099139 ], [ -7111969.943004962988198, -7306958.414548529312015 ], [ -7111877.325188623741269, -7306981.348043383099139 ], [ -7111711.793105813674629, -7307061.519445116631687 ], [ -7111605.81695057824254, -7306878.051488529890776 ], [ -7111585.890761725604534, -7306981.348043383099139 ], [ -7111605.81695057824254, -7307256.555232189595699 ], [ -7111440.284867769107223, -7307302.231312786228955 ], [ -7111400.543809555470943, -7307382.598735745064914 ], [ -7111321.061693129129708, -7307416.904506164602935 ], [ -7111274.641465467400849, -7307416.904506164602935 ], [ -7111221.653387850150466, -7307451.403157532215118 ], [ -7111142.282590915448964, -7307462.774254769086838 ], [ -7110976.63918861374259, -7307359.664063126780093 ], [ -7110811.107105804607272, -7307153.255038944073021 ], [ -7110678.636911761946976, -7307096.016527363099158 ], [ -7110672.069061804562807, -7307153.255038944073021 ], [ -7110711.810120016336441, -7307244.991709835827351 ], [ -7110625.760153634473681, -7307485.709230056032538 ], [ -7110559.525056612677872, -7307634.884577881544828 ], [ -7110473.475090228952467, -7307818.177567786537111 ], [ -7110400.560823759995401, -7308059.105493731796741 ], [ -7110374.066784949973226, -7308299.848098171874881 ], [ -7110281.337649119086564, -7308471.784106711857021 ], [ -7110274.769799162633717, -7308747.043800829909742 ], [ -7110327.757876780815423, -7308873.111352482810616 ], [ -7110400.560823759995401, -7309010.747057414613664 ], [ -7110493.28995958995074, -7309148.385187185369432 ], [ -7110586.019095420837402, -7309228.578828981146216 ], [ -7110705.130950569175184, -7309343.280300256796181 ], [ -7110784.613066996447742, -7309446.416674533858895 ], [ -7110870.774352869950235, -7309572.688295153900981 ], [ -7110910.515411083586514, -7309767.593993930146098 ], [ -7110778.045217039994895, -7309790.535736312158406 ], [ -7110658.822042399086058, -7309870.735970206558704 ], [ -7110572.772076016291976, -7309847.793992298655212 ], [ -7110473.475090228952467, -7309905.245458825491369 ], [ -7110380.745954398065805, -7309916.620128143578768 ], [ -7110241.707910397090018, -7310054.274219006299973 ], [ -7110003.261561118066311, -7310134.669957111589611 ], [ -7109970.199672352522612, -7310283.703094162978232 ], [ -7109817.803289457224309, -7310237.816780073568225 ], [ -7109718.506303668953478, -7310214.873724105767906 ], [ -7109619.209317880682647, -7310180.555665324442089 ], [ -7109486.739123837091029, -7310031.331702086143196 ], [ -7109413.82485736720264, -7309951.129819461144507 ], [ -7109314.527871580794454, -7309767.593993930146098 ], [ -7109228.477905197069049, -7309767.593993930146098 ], [ -7109241.724924601614475, -7309893.67801548819989 ], [ -7109182.168997026048601, -7310031.331702086143196 ], [ -7109122.501749961636961, -7310065.841900150291622 ], [ -7109076.192841791547835, -7310054.274219006299973 ], [ -7108930.47562834341079, -7310077.216803308576345 ], [ -7108884.166720174252987, -7310019.956865737214684 ], [ -7108745.017356681637466, -7310008.389252541586757 ], [ -7108625.905501532368362, -7310008.389252541586757 ], [ -7108447.015079827979207, -7309997.014449602924287 ], [ -7108334.471074636094272, -7309905.245458825491369 ], [ -7108288.162166466005147, -7309974.072100842371583 ], [ -7108367.644282892346382, -7310077.216803308576345 ], [ -7108500.003157446160913, -7310168.987814313732088 ], [ -7108526.497196254320443, -7310226.441643063910306 ], [ -7108645.720370894297957, -7310444.307316092774272 ], [ -7108718.523317873477936, -7310478.626533589325845 ], [ -7108811.363773194141686, -7310559.026639088988304 ], [ -7108877.487550726160407, -7310593.346360587514937 ], [ -7108937.15479779150337, -7310673.554837005212903 ], [ -7109016.525594727136195, -7310708.067872355692089 ], [ -7109115.933900004252791, -7310765.332853998057544 ], [ -7109215.230885792523623, -7310799.846294842660427 ], [ -7109294.713002218864858, -7310799.846294842660427 ], [ -7109440.318896177224815, -7310799.846294842660427 ], [ -7109506.665312690660357, -7310822.791068950667977 ], [ -7109552.974220858886838, -7310937.515950443223119 ], [ -7109566.221240263432264, -7311040.673374973237514 ], [ -7109499.986143241636455, -7311040.673374973237514 ], [ -7109526.480182050727308, -7311178.347275028936565 ], [ -7109526.480182050727308, -7311361.916249709203839 ], [ -7109387.44213804975152, -7311384.862674873322248 ], [ -7109334.454060431569815, -7311384.862674873322248 ], [ -7109221.910055240616202, -7311350.34664913918823 ], [ -7109049.698802982456982, -7311453.702354809269309 ], [ -7109082.760691748932004, -7311705.926869885064662 ], [ -7109135.748769366182387, -7311843.612495717592537 ], [ -7109254.971944005228579, -7312038.574865194968879 ], [ -7109374.195118645206094, -7312176.266354852356017 ], [ -7109526.480182050727308, -7312279.63298974186182 ], [ -7109956.841333458200097, -7312589.355388033203781 ], [ -7109983.335372265428305, -7312761.385836031287909 ], [ -7110056.249638735316694, -7312818.665873117744923 ], [ -7110142.299605119042099, -7312887.518190812319517 ], [ -7110354.251915588974953, -7313025.224647101946175 ], [ -7110453.548901377245784, -7313117.030300152488053 ], [ -7110605.833964780904353, -7313185.885248112492263 ], [ -7110764.798197635449469, -7313208.83703232742846 ], [ -7110831.033294657245278, -7313254.740803095512092 ], [ -7110910.515411083586514, -7313323.596965108066797 ], [ -7111115.788552106358111, -7313415.406125426292419 ], [ -7111294.567654320970178, -7313449.738399596884847 ], [ -7111387.296790150925517, -7313438.358584134839475 ], [ -7111446.852717725560069, -7313472.690959199331701 ], [ -7111572.643742321059108, -7313541.549042724072933 ], [ -7111625.631819938309491, -7313541.549042724072933 ], [ -7111784.596052792854607, -7313564.501872140914202 ], [ -7111850.831149814650416, -7313564.501872140914202 ], [ -7111943.448966153897345, -7313667.69399739895016 ], [ -7111989.869193813763559, -7313725.173566821031272 ], [ -7112036.178101984784007, -7313805.414210120216012 ], [ -7112062.672140792943537, -7313954.710293221287429 ], [ -7112069.35131024196744, -7314103.816335808485746 ], [ -7111950.128135601058602, -7314298.835133001208305 ], [ -7111824.337111005559564, -7314379.274571777321398 ], [ -7111698.434766917489469, -7314379.274571777321398 ], [ -7111566.075892365537584, -7314379.274571777321398 ], [ -7111380.617620702832937, -7314425.185222364962101 ], [ -7111208.517687937244773, -7314425.185222364962101 ], [ -7111089.294513297267258, -7314413.611083326861262 ], [ -7110950.14514980558306, -7314505.433058101683855 ], [ -7110758.119028186425567, -7314448.14064886700362 ], [ -7110586.019095420837402, -7314425.185222364962101 ], [ -7110248.275760354474187, -7314298.835133001208305 ], [ -7110003.261561118066311, -7314161.106219138950109 ], [ -7109698.691434307023883, -7314115.197120933793485 ], [ -7109440.318896177224815, -7313977.664336902089417 ], [ -7109036.451783577911556, -7313725.173566821031272 ], [ -7108844.425661959685385, -7313564.501872140914202 ], [ -7108678.893579149618745, -7313426.785907445475459 ], [ -7108413.953191062435508, -7313392.453734169714153 ], [ -7108341.150244083255529, -7313151.554133757017553 ], [ -7108281.482997018843889, -7313013.845450147055089 ], [ -7108208.680050040595233, -7312864.567350808531046 ], [ -7108115.950914208777249, -7312807.286977094598114 ], [ -7107957.098000845871866, -7312715.484964718110859 ], [ -7107857.689695568755269, -7312245.113009911030531 ], [ -7107798.133767993189394, -7311981.300548589788377 ], [ -7107718.651651566848159, -7311751.821808831766248 ], [ -7107685.589762802235782, -7311694.549594798125327 ], [ -7107546.551718801259995, -7311602.760659571737051 ], [ -7107427.328544160351157, -7311442.132618290372193 ], [ -7107389.479917292483151, -7311382.548746589571238 ], [ -7107354.414277691394091, -7311327.400325369089842 ], [ -7107275.043480756692588, -7311006.351688113063574 ], [ -7107268.364311308600008, -7310914.570839351974428 ], [ -7107268.364311308600008, -7310868.680819358676672 ], [ -7107215.376233690418303, -7310731.012376884929836 ], [ -7107162.388156075030565, -7310662.179065471515059 ], [ -7107169.0673255212605, -7310501.57036420982331 ], [ -7107202.129214287735522, -7310444.307316092774272 ], [ -7107129.326267308555543, -7310295.078314554877579 ], [ -7107076.338189691305161, -7310168.987814313732088 ], [ -7107109.40007845684886, -7310054.274219006299973 ], [ -7107149.141136670485139, -7309939.562308180145919 ], [ -7107109.40007845684886, -7309779.161250577308238 ], [ -7107030.029281520284712, -7309664.45337941031903 ], [ -7106943.867995645850897, -7309538.180275552906096 ], [ -7106983.609053858555853, -7309400.728056631982327 ], [ -7106950.547165093943477, -7309320.339871276170015 ], [ -7106804.829951644875109, -7309205.63873681332916 ], [ -7106712.100815813988447, -7309045.059977705590427 ], [ -7106626.050849432125688, -7309079.565819189883769 ], [ -7106599.556810623034835, -7309308.966070121154189 ], [ -7106447.271747217513621, -7309320.339871276170015 ], [ -7106354.542611387558281, -7309297.399509659968317 ], [ -7106275.060494959354401, -7309263.08548104763031 ], [ -7106175.763509172946215, -7309354.846928649581969 ], [ -7106076.355203893966973, -7309297.399509659968317 ], [ -7106010.231426362879574, -7309377.787458958104253 ], [ -7105963.811198703013361, -7309354.846928649581969 ], [ -7105897.576101681217551, -7309343.280300256796181 ], [ -7105765.217227127403021, -7309320.339871276170015 ], [ -7105751.970207722857594, -7309320.339871276170015 ], [ -7105632.747033083811402, -7309400.728056631982327 ], [ -7105493.708989081904292, -7309263.08548104763031 ], [ -7105440.720911464653909, -7308987.807604869827628 ], [ -7105407.547703209333122, -7308850.172304065898061 ], [ -7105341.423925677314401, -7308712.539427976123989 ], [ -7105321.497736825607717, -7308609.412741509266198 ], [ -7105301.571547973901033, -7308425.908433879725635 ], [ -7105301.571547973901033, -7308334.157896337099373 ], [ -7105308.250717421062291, -7308196.534110275097191 ], [ -7105275.077509164810181, -7308093.414234700612724 ], [ -7105155.965654015541077, -7308036.168835204094648 ], [ -7105069.915687633678317, -7307829.741938485763967 ], [ -7104997.001421162858605, -7307795.241616539657116 ], [ -7104924.198474183678627, -7307806.805953290313482 ], [ -7104864.531227119266987, -7307829.741938485763967 ], [ -7104785.049110692925751, -7308001.667601715773344 ], [ -7104599.702158521860838, -7308013.232244010083377 ], [ -7104546.714080903679132, -7308001.667601715773344 ], [ -7104427.49090626463294, -7307967.359263628721237 ], [ -7104348.120109329931438, -7308013.232244010083377 ], [ -7104261.9588234545663, -7308013.232244010083377 ], [ -7104255.390973499044776, -7307657.820058393292129 ], [ -7104295.132031711749732, -7307531.579382601194084 ], [ -7104155.982668220065534, -7307531.579382601194084 ], [ -7104036.759493580088019, -7307531.579382601194084 ], [ -7103977.203566005453467, -7307508.644272667355835 ], [ -7103785.177444387227297, -7307772.305732622742653 ], [ -7103791.745294344611466, -7307886.985825513489544 ], [ -7103752.115555620752275, -7307864.049672272987664 ], [ -7103612.966192129999399, -7307783.870035425759852 ], [ -7103454.113278768956661, -7307737.998401685617864 ], [ -7103321.643084723502398, -7307657.820058393292129 ], [ -7103222.346098937094212, -7307623.320495591498911 ], [ -7103109.802093745209277, -7307634.884577881544828 ], [ -7102983.899749657139182, -7307715.062685810960829 ], [ -7102983.899749657139182, -7307852.677991012111306 ], [ -7103017.072957914322615, -7308013.232244010083377 ], [ -7103069.949716040864587, -7308231.036204293370247 ], [ -7103096.443754849024117, -7308414.535934802144766 ], [ -7103122.93779365811497, -7308643.72389916703105 ], [ -7103050.134846679866314, -7308620.785524260252714 ], [ -7102937.590841486118734, -7308643.72389916703105 ], [ -7102930.911672038957477, -7308850.172304065898061 ], [ -7102944.158691443502903, -7308987.807604869827628 ], [ -7102877.923594421707094, -7309136.818864468485117 ], [ -7102805.12064744438976, -7309205.63873681332916 ], [ -7102732.317700465209782, -7309457.983455627225339 ], [ -7102705.823661656118929, -7309446.416674533858895 ], [ -7102606.415356377139688, -7309354.846928649581969 ], [ -7102474.05648182425648, -7309194.265102648176253 ], [ -7102361.512476632371545, -7309090.93928636983037 ], [ -7102215.7952631842345, -7309045.059977705590427 ], [ -7102142.992316205054522, -7308987.807604869827628 ], [ -7102017.08997211791575, -7308873.111352482810616 ], [ -7101851.557889308780432, -7308861.738202411681414 ], [ -7101752.260903520509601, -7308850.172304065898061 ], [ -7101725.766864711418748, -7309090.93928636983037 ], [ -7101798.569811690598726, -7309320.339871276170015 ], [ -7101752.260903520509601, -7309503.865189337171614 ], [ -7101864.804908713325858, -7309710.336325759068131 ], [ -7101891.298947521485388, -7309870.735970206558704 ], [ -7101977.348913903348148, -7309962.504555589519441 ], [ -7102123.066127353347838, -7310088.784518424421549 ], [ -7102182.62205492798239, -7310123.102174052037299 ], [ -7102301.845229567959905, -7310019.956865737214684 ], [ -7102354.833307185210288, -7310019.956865737214684 ], [ -7102387.895195950753987, -7310168.987814313732088 ], [ -7102705.823661656118929, -7310203.498620501719415 ], [ -7102871.35574446618557, -7310295.078314554877579 ], [ -7103017.072957914322615, -7310237.816780073568225 ], [ -7103142.863982510752976, -7310593.346360587514937 ], [ -7103228.913948892615736, -7310719.443710715509951 ], [ -7103328.3222541725263, -7310960.461128934286535 ], [ -7103189.172890679910779, -7311086.56440538354218 ], [ -7103328.3222541725263, -7311384.862674873322248 ], [ -7103222.346098937094212, -7311533.919665985740721 ], [ -7103175.925871275365353, -7311878.130701178684831 ], [ -7102944.158691443502903, -7311969.730030568316579 ], [ -7102844.861705656163394, -7311889.508243665099144 ], [ -7102705.823661656118929, -7311946.781887201592326 ], [ -7102560.106448207050562, -7312222.164057466201484 ], [ -7102454.130292971618474, -7312359.858783544041216 ], [ -7102474.05648182425648, -7312508.934381857514381 ], [ -7102507.118370588868856, -7312692.534630217589438 ], [ -7102460.809462419711053, -7312876.13919448107481 ], [ -7102381.327345993369818, -7313071.12733873911202 ], [ -7102354.833307185210288, -7313220.409386076964438 ], [ -7102348.265457227826118, -7313426.785907445475459 ], [ -7102348.265457227826118, -7313599.027683771215379 ], [ -7102348.265457227826118, -7313690.64719754178077 ], [ -7102434.315423611551523, -7313828.367815013974905 ], [ -7102487.303501228801906, -7313908.802408250980079 ], [ -7102573.353467612527311, -7313966.09086106903851 ], [ -7102659.40343399439007, -7314023.572626654058695 ], [ -7102765.379589230753481, -7314057.907574367709458 ], [ -7102851.429555613547564, -7314069.481186263263226 ], [ -7102891.281933317892253, -7314115.197120933793485 ], [ -7102990.578919105231762, -7314138.151636300608516 ], [ -7103010.393788467161357, -7314172.6799839688465 ], [ -7103136.296132553368807, -7314195.634668290615082 ], [ -7103175.925871275365353, -7314275.880145352333784 ], [ -7103301.828215363435447, -7314402.229863334447145 ], [ -7103367.951992893591523, -7314482.477463196963072 ], [ -7103454.113278768956661, -7314505.433058101683855 ], [ -7103566.657283959910274, -7314562.725887640379369 ], [ -7103692.448308556340635, -7314723.418120183050632 ], [ -7103758.683405578136444, -7314872.731753547675908 ], [ -7103778.60959443077445, -7314895.688495597802103 ], [ -7103844.733371961861849, -7314998.898211625404656 ], [ -7103937.462507792748511, -7315079.15194283798337 ], [ -7104003.69760481454432, -7315010.280301200225949 ], [ -7104056.685682433657348, -7315033.237447593361139 ], [ -7104162.661837668158114, -7315033.237447593361139 ], [ -7104242.143954093568027, -7314941.409266936592758 ], [ -7104348.120109329931438, -7314918.645305131562054 ], [ -7104480.478983881883323, -7314838.200310669839382 ], [ -7104632.764047287404537, -7314849.775078980252147 ], [ -7104904.272285331971943, -7314952.984188217669725 ], [ -7105016.927610015496612, -7314964.36621087230742 ], [ -7105043.421648823656142, -7314998.898211625404656 ], [ -7105116.22459580283612, -7315159.599419387988746 ], [ -7105142.71863461099565, -7315193.939361995086074 ], [ -7105215.521581590175629, -7315285.770512135699391 ], [ -7105295.003698016516864, -7315377.602742148563266 ], [ -7105414.226872655563056, -7315538.31174321193248 ], [ -7105387.732833847403526, -7315676.064947945065796 ], [ -7105440.720911464653909, -7315882.506372900679708 ], [ -7105321.497736825607717, -7316066.185948389582336 ], [ -7105308.250717421062291, -7316100.722821714356542 ], [ -7105299.901755611412227, -7316165.552225447259843 ], [ -7105233.666658589616418, -7316260.674914065748453 ], [ -7105263.834240594878793, -7316307.175473583862185 ], [ -7105189.027542782016098, -7316307.175473583862185 ], [ -7105109.545426355674863, -7316376.058554058894515 ], [ -7104997.001421162858605, -7316364.674473636783659 ], [ -7104963.939532397314906, -7316444.942242175340652 ], [ -7105030.063309927470982, -7316513.826537943445146 ], [ -7105109.545426355674863, -7316605.673210899345577 ], [ -7105248.694789846427739, -7316720.483071310445666 ], [ -7105334.744756230153143, -7316846.679386347532272 ], [ -7105447.288761422038078, -7316973.070706324651837 ], [ -7105546.585747208446264, -7317076.307882596738636 ], [ -7105679.055941253900528, -7317214.088221789337695 ], [ -7105950.564179298467934, -7317455.113176884129643 ], [ -7105983.737387554720044, -7317386.22057687304914 ], [ -7106049.861165086738765, -7317340.292514555156231 ], [ -7106102.849242703989148, -7317512.427651850506663 ], [ -7106175.763509172946215, -7317638.829748655669391 ], [ -7106281.739664408378303, -7317604.286071680486202 ], [ -7106387.604500153101981, -7317765.040906771086156 ], [ -7106434.024727813899517, -7317788.006153392605484 ], [ -7106599.556810623034835, -7317925.799051597714424 ], [ -7106831.323990454897285, -7317994.696412608027458 ], [ -7106791.582932242192328, -7318235.745465562678874 ], [ -7106665.791907644830644, -7318396.513302176259458 ], [ -7106798.262101689353585, -7318534.316939791664481 ], [ -7106811.397801602259278, -7318660.542574031278491 ], [ -7107016.670942625030875, -7318752.414502298459411 ], [ -7107069.659020242281258, -7318798.350871831178665 ], [ -7107082.906039646826684, -7318959.130293612368405 ], [ -7107155.820306117646396, -7319119.913026393391192 ], [ -7107235.191103052347898, -7319200.20912423171103 ], [ -7107367.661297095939517, -7319257.536410884000361 ], [ -7107453.822582971304655, -7319349.415364409796894 ], [ -7107506.699341096915305, -7319579.117478881962597 ], [ -7107467.069602374918759, -7319762.884036542847753 ], [ -7107341.167258287779987, -7319762.884036542847753 ], [ -7107188.882194882258773, -7319774.27307269256562 ], [ -7107043.164981434121728, -7319728.330960735678673 ], [ -7106970.362034455873072, -7319889.129535406827927 ], [ -7107056.412000839598477, -7320084.292878958396614 ], [ -7106990.288223307579756, -7320107.264948535710573 ], [ -7107049.844150882214308, -7320199.153902819380164 ], [ -7107188.882194882258773, -7320256.681571769528091 ], [ -7107281.611330712214112, -7320314.01661663968116 ], [ -7107347.846427735872567, -7320359.96217536740005 ], [ -7107275.043480756692588, -7320543.747114395722747 ], [ -7107248.549441947601736, -7320830.823213306255639 ], [ -7107268.364311308600008, -7321060.568920197896659 ], [ -7107394.155335905961692, -7321060.568920197896659 ], [ -7107500.131491141393781, -7321060.568920197896659 ], [ -7107566.366588162258267, -7321003.035327065736055 ], [ -7107639.169535141438246, -7320911.136910223402083 ], [ -7107725.330821015872061, -7320922.720684692263603 ], [ -7107857.689695568755269, -7321060.568920197896659 ], [ -7107963.665850803256035, -7321106.518872963264585 ], [ -7108029.900947825051844, -7321071.95984966121614 ], [ -7108175.618161275051534, -7321071.95984966121614 ], [ -7108341.150244083255529, -7321094.934825758449733 ], [ -7108473.50911863707006, -7321026.010100315324962 ], [ -7108559.670404510572553, -7321152.469096198678017 ], [ -7108738.449506724253297, -7321209.810720522888005 ], [ -7108930.47562834341079, -7321301.712653497233987 ], [ -7108877.487550726160407, -7321106.518872963264585 ], [ -7108745.017356681637466, -7321003.035327065736055 ], [ -7108990.031555918045342, -7321048.984941178932786 ], [ -7109029.883933622390032, -7321221.394938196986914 ], [ -7109188.73684698343277, -7321278.73706881981343 ], [ -7109268.218963409774005, -7321347.664025712758303 ], [ -7109261.539793962612748, -7321232.786102336831391 ], [ -7109281.465982814319432, -7321129.493950773961842 ], [ -7109473.492104432545602, -7321336.079620661213994 ], [ -7109533.048032008111477, -7321370.639813254587352 ], [ -7109645.7033566897735, -7321290.321388778276742 ], [ -7109811.23543949984014, -7321301.712653497233987 ], [ -7109903.964575330726802, -7321278.73706881981343 ], [ -7110069.49665813986212, -7321301.712653497233987 ], [ -7110188.719832779839635, -7321393.615668420679867 ], [ -7110400.560823759995401, -7321427.983040189370513 ], [ -7110486.610790143720806, -7321439.567581625655293 ], [ -7110672.069061804562807, -7321508.495958620682359 ], [ -7110771.366047592833638, -7321508.495958620682359 ], [ -7110837.601144614629447, -7321508.495958620682359 ], [ -7110890.58922223187983, -7321565.840198238380253 ], [ -7111036.306435680016875, -7321749.653529476374388 ], [ -7111221.653387850150466, -7321623.37793948687613 ], [ -7111334.308712531812489, -7321715.284741499461234 ], [ -7111612.384800534695387, -7321772.630500218831003 ], [ -7111758.102013982832432, -7321841.561818242073059 ], [ -7111764.669863940216601, -7321738.068527858704329 ], [ -7111685.299067004583776, -7321646.354538545012474 ], [ -7111513.087814748287201, -7321496.911314895376563 ], [ -7111360.802751342765987, -7321462.543639665469527 ], [ -7111168.776629723608494, -7321416.591591210104525 ], [ -7111109.109382659196854, -7321393.615668420679867 ], [ -7111122.35640206374228, -7321255.761551767587662 ], [ -7111155.529610319063067, -7321094.934825758449733 ], [ -7111089.294513297267258, -7321048.984941178932786 ], [ -7110956.82431925367564, -7321048.984941178932786 ], [ -7110877.342202827334404, -7320968.669826067052782 ], [ -7110831.033294657245278, -7320876.771813772618771 ], [ -7110731.624989379197359, -7320796.458470401354134 ], [ -7110731.624989379197359, -7320761.900819693692029 ], [ -7110784.613066996447742, -7320670.005241420120001 ], [ -7110797.860086400061846, -7320382.935056135989726 ], [ -7110698.56310061365366, -7320314.01661663968116 ], [ -7110689.434902367182076, -7320242.975276606157422 ], [ -7110685.316081209108233, -7320210.736620875075459 ], [ -7110784.613066996447742, -7320118.847530259750783 ], [ -7110844.280314061790705, -7320049.931422062218189 ], [ -7110930.330280444584787, -7319843.186747550964355 ], [ -7111029.627266231924295, -7319843.186747550964355 ], [ -7111023.059416275471449, -7319567.728727419860661 ], [ -7111188.591499083675444, -7319383.966763246804476 ], [ -7111301.135504277423024, -7319269.117732022888958 ], [ -7111400.543809555470943, -7319223.17859258595854 ], [ -7111414.792704376392066, -7319233.987777546048164 ], [ -7111506.408645299263299, -7319303.475752488709986 ], [ -7111599.137781130149961, -7319315.057141776196659 ], [ -7111678.619897556491196, -7319475.847204673103988 ], [ -7111731.607975175604224, -7319648.029431104660034 ], [ -7111771.349033386446536, -7319808.826351836323738 ], [ -7111777.916883343830705, -7319992.598316640593112 ], [ -7111705.113936364650726, -7320038.541983769275248 ], [ -7111698.434766917489469, -7320210.736620875075459 ], [ -7111724.928805726580322, -7320417.491029317490757 ], [ -7111817.657941557466984, -7320589.694025196135044 ], [ -7111936.881116196513176, -7320670.005241420120001 ], [ -7112049.425121389329433, -7320738.926823710091412 ], [ -7112267.945281816646457, -7320761.900819693692029 ], [ -7112320.93335943389684, -7320715.952895337715745 ], [ -7112407.094645308330655, -7320715.952895337715745 ], [ -7112506.391631096601486, -7320796.458470401354134 ], [ -7112626.95063962507993, -7320853.411357051692903 ], [ -7112724.911791522055864, -7320899.746215425431728 ], [ -7112844.134966162964702, -7321003.035327065736055 ], [ -7113089.149165397509933, -7321106.518872963264585 ], [ -7113188.446151185780764, -7321112.310903009958565 ], [ -7113287.743136974051595, -7321117.909869475290179 ], [ -7113598.992433231323957, -7321094.934825758449733 ], [ -7113764.524516041390598, -7321083.543862771242857 ], [ -7113943.303618254140019, -7321163.860159762203693 ], [ -7114062.526792895048857, -7321244.370354101993144 ], [ -7114194.996986938640475, -7321209.810720522888005 ], [ -7114320.788011536002159, -7321290.321388778276742 ], [ -7114347.282050344161689, -7321301.712653497233987 ], [ -7114446.57903613243252, -7321267.345837628468871 ], [ -7114532.740322005935013, -7321244.370354101993144 ], [ -7114632.037307793274522, -7321244.370354101993144 ], [ -7114744.581312986090779, -7321244.370354101993144 ], [ -7114797.569390603341162, -7321313.297007546760142 ], [ -7114896.977695881389081, -7321450.95906413346529 ], [ -7114956.533623456023633, -7321542.863836162723601 ], [ -7114943.286604051478207, -7321761.045464500784874 ], [ -7114931.932015990838408, -7321784.022468774579465 ], [ -7114903.545545838773251, -7321841.561818242073059 ], [ -7114744.581312986090779, -7321933.471189149655402 ], [ -7114625.469457835890353, -7321967.840937783941627 ], [ -7114466.505224984139204, -7321967.840937783941627 ], [ -7114457.710985210724175, -7321971.316538769751787 ], [ -7114406.949297408573329, -7321990.818550768308342 ], [ -7114254.552914513275027, -7322036.773979650810361 ], [ -7114095.588681659661233, -7322025.381642228923738 ], [ -7114102.267851108685136, -7322082.729679084382951 ], [ -7114168.502948130480945, -7322266.555182419717312 ], [ -7114221.491025747731328, -7322335.490862266160548 ], [ -7114327.467180983163416, -7322323.904991158284247 ], [ -7114433.443336217664182, -7322369.862381063401699 ], [ -7114625.469457835890353, -7322565.280858715064824 ], [ -7114817.495579455047846, -7322714.551430391147733 ], [ -7114949.854454006999731, -7322714.551430391147733 ], [ -7114883.730676476843655, -7322852.431312144733965 ], [ -7114969.78064286056906, -7323001.707375320605934 ], [ -7115161.80676447879523, -7323128.005264967679977 ], [ -7115320.770997331477702, -7323208.535720265470445 ], [ -7115406.820963715203106, -7323392.387739092111588 ], [ -7115526.044138354249299, -7323541.674129279330373 ], [ -7115704.823240568861365, -7323610.621071542613208 ], [ -7115863.787473421543837, -7323392.387739092111588 ], [ -7115976.331478613428771, -7323461.140236800536513 ], [ -7116108.690353166311979, -7323415.176421234384179 ], [ -7116373.630741253495216, -7323633.603520975448191 ], [ -7116413.371799468062818, -7323656.586038079112768 ], [ -7116539.162824063561857, -7323794.482561852782965 ], [ -7116658.385998704470694, -7323920.793280286714435 ], [ -7116910.079367387108505, -7324058.694472099654377 ], [ -7117042.438241939991713, -7324058.694472099654377 ], [ -7117121.920358366332948, -7324035.710770928300917 ], [ -7117254.390552409924567, -7324150.629953599534929 ], [ -7117393.428596410900354, -7324150.629953599534929 ], [ -7117592.022567986510694, -7324173.613993181847036 ], [ -7117678.183853860013187, -7324311.326505186967552 ], [ -7117731.17193147726357, -7324472.219516350887716 ], [ -7117764.233820243738592, -7324736.454370957799256 ], [ -7117810.542728412896395, -7324759.440135792829096 ], [ -7117923.198053096421063, -7324575.749066013842821 ], [ -7118048.989077692851424, -7324575.749066013842821 ], [ -7118168.212252331897616, -7324610.13045156840235 ], [ -7118313.929465780034661, -7324633.115844361484051 ], [ -7118486.029398546554148, -7324690.676200645975769 ], [ -7118532.560945698991418, -7324819.898815242573619 ], [ -7118552.26449556928128, -7324874.36997542809695 ], [ -7118592.005553782917559, -7325000.891335823573172 ], [ -7118737.722767231054604, -7325138.811613358557224 ], [ -7118837.019753018394113, -7325368.490985996089876 ], [ -7118903.254850040189922, -7325483.429795094765723 ], [ -7119095.280971659347415, -7325621.358600531704724 ], [ -7119260.813054468482733, -7325724.710213454440236 ], [ -7119214.504146298393607, -7325621.358600531704724 ], [ -7119207.824976850301027, -7325586.779581411741674 ], [ -7119297.99376439396292, -7325455.419341080822051 ], [ -7119373.357059659436345, -7325345.503427308052778 ], [ -7119393.283248511143029, -7325311.118802045471966 ], [ -7119433.914862651377916, -7325235.589061574079096 ], [ -7119486.012384342961013, -7325138.811613358557224 ], [ -7119430.575277927331626, -7325098.632905562408268 ], [ -7119406.5302679175511, -7325081.247951880097389 ], [ -7119293.986262724734843, -7325012.288017078302801 ], [ -7119207.824976850301027, -7324931.932111045345664 ], [ -7119095.280971659347415, -7324908.945838186889887 ], [ -7119029.045874637551606, -7324828.397836480289698 ], [ -7118916.501869444735348, -7324610.13045156840235 ], [ -7118936.316738806664944, -7324598.734357552602887 ], [ -7119108.527991062030196, -7324679.086833034642041 ], [ -7119135.022029872052372, -7324713.661830657161772 ], [ -7119327.048151491209865, -7324817.001423751935363 ], [ -7119333.727320938371122, -7324633.115844361484051 ], [ -7119393.283248511143029, -7324656.1013048524037 ], [ -7119446.82792358379811, -7324663.248058463446796 ], [ -7119479.333214894868433, -7324667.690638331696391 ], [ -7119525.753442556597292, -7324518.189557323232293 ], [ -7119472.76536493934691, -7324414.85392062086612 ], [ -7119386.604079063981771, -7324265.550828363746405 ], [ -7119313.801132086664438, -7324207.993607303127646 ], [ -7119293.986262724734843, -7324173.613993181847036 ], [ -7119320.368982042185962, -7324070.089777607470751 ], [ -7119300.554112680256367, -7323978.15524478815496 ], [ -7119280.739243320189416, -7323943.776643055491149 ], [ -7119346.863020851276815, -7323943.776643055491149 ], [ -7119459.518345534801483, -7323920.793280286714435 ], [ -7119492.58023429941386, -7323978.15524478815496 ], [ -7119605.12423949316144, -7324116.057450104504824 ], [ -7119724.347414131276309, -7324058.694472099654377 ], [ -7119704.532544770278037, -7323978.15524478815496 ], [ -7119625.050428344868124, -7323874.82675778772682 ], [ -7119625.050428344868124, -7323725.533995429053903 ], [ -7119664.79148655757308, -7323507.104323046281934 ], [ -7119672.695170402526855, -7323458.822727015241981 ], [ -7119678.038505962118506, -7323426.763912246562541 ], [ -7119631.618278300389647, -7323254.498318982310593 ], [ -7119545.568311916664243, -7323231.516985793597996 ], [ -7119419.777287321165204, -7323242.911083706654608 ], [ -7119300.554112680256367, -7323173.967389475554228 ], [ -7119188.010107490234077, -7323128.005264967679977 ], [ -7118949.56375821121037, -7323047.668756127357483 ], [ -7118876.760811232030392, -7322944.352586420252919 ], [ -7118817.20488365739584, -7322863.824856696650386 ], [ -7118684.734689612872899, -7322748.924618383869529 ], [ -7118505.844267909415066, -7322737.531241549178958 ], [ -7118399.979432163760066, -7322622.632862280122936 ], [ -7118340.312185098417103, -7322553.694646533578634 ], [ -7118333.744335141964257, -7322358.469557501375675 ], [ -7118419.794301525689662, -7322243.576757756993175 ], [ -7118572.190684420987964, -7322312.512234673835337 ], [ -7118605.252573186531663, -7322289.533674723468721 ], [ -7118578.758534378372133, -7322117.293177510611713 ], [ -7118750.969786634668708, -7322048.359424589201808 ], [ -7118817.20488365739584, -7322036.773979650810361 ], [ -7118989.304816423915327, -7322059.751795548945665 ], [ -7119070.902003175579011, -7322031.560535037890077 ], [ -7119121.775010467506945, -7322013.79623139090836 ], [ -7119190.125177814625204, -7321810.668155062943697 ], [ -7119214.504146298393607, -7321738.068527858704329 ], [ -7119161.516068681143224, -7321600.401408057659864 ], [ -7119208.715532776899636, -7321600.401408057659864 ], [ -7119234.319015660323203, -7321600.401408057659864 ], [ -7119293.986262724734843, -7321611.793125269934535 ], [ -7119380.036229108460248, -7321611.793125269934535 ], [ -7119466.086195492185652, -7321680.723023036494851 ], [ -7119585.309370130300522, -7321680.723023036494851 ], [ -7119598.556389535777271, -7321715.284741499461234 ], [ -7119750.841452941298485, -7321784.022468774579465 ], [ -7119817.076549961231649, -7321841.561818242073059 ], [ -7119876.632477536797523, -7321715.284741499461234 ], [ -7119942.867574559524655, -7321841.561818242073059 ], [ -7120260.796040263026953, -7321875.931162203662097 ], [ -7120201.128793198615313, -7321944.86339243594557 ], [ -7120274.043059669435024, -7322117.293177510611713 ], [ -7120426.328123074956238, -7322186.227539187297225 ], [ -7120545.551297712139785, -7322335.490862266160548 ], [ -7120744.145269288681448, -7322266.555182419717312 ], [ -7120744.145269288681448, -7322220.598400737158954 ], [ -7120704.404211075045168, -7322105.707630259916186 ], [ -7120631.60126409586519, -7321979.426280414685607 ], [ -7120630.265430207364261, -7321967.840937783941627 ], [ -7120624.922094648703933, -7321921.885914722457528 ], [ -7120737.46609984152019, -7322013.79623139090836 ], [ -7120830.19523567147553, -7321921.885914722457528 ], [ -7120763.96013864967972, -7321864.539059516042471 ], [ -7120664.663152862340212, -7321784.022468774579465 ], [ -7120658.095302905887365, -7321726.676626364700496 ], [ -7120830.19523567147553, -7321634.7696902314201 ], [ -7120744.145269288681448, -7321519.887541715987027 ], [ -7120671.342322310432792, -7321450.95906413346529 ], [ -7120459.390011839568615, -7321290.321388778276742 ], [ -7120327.031137286685407, -7321163.860159762203693 ], [ -7120227.622832008637488, -7321048.984941178932786 ], [ -7120214.375812603160739, -7320957.085983416065574 ], [ -7120194.560943243093789, -7320784.874883284792304 ], [ -7120128.325846221297979, -7320601.084267603233457 ], [ -7120015.670521537773311, -7320302.626793066039681 ], [ -7119956.114593962207437, -7320164.791940371505916 ], [ -7119889.879496942274272, -7320038.541983769275248 ], [ -7119790.582511154003441, -7319958.044224129058421 ], [ -7119790.582511154003441, -7319912.101030721329153 ], [ -7119936.299724602140486, -7319843.186747550964355 ], [ -7119936.299724602140486, -7319808.826351836323738 ], [ -7119843.570588772185147, -7319739.912980279885232 ], [ -7119803.829530558548868, -7319602.088062036782503 ], [ -7119936.299724602140486, -7319257.536410884000361 ], [ -7119936.85632205568254, -7319251.359713301062584 ], [ -7119942.867574559524655, -7319188.820925483480096 ], [ -7119929.175277192145586, -7319176.853683683089912 ], [ -7119770.656322301365435, -7319039.42473787534982 ], [ -7119737.594433534890413, -7318855.675207847729325 ], [ -7119850.138438727706671, -7318855.675207847729325 ], [ -7119949.546744006685913, -7318913.192978111095726 ], [ -7119923.052705196663737, -7318786.770248990505934 ], [ -7119850.138438727706671, -7318683.510454749688506 ], [ -7119737.594433534890413, -7318430.867482842877507 ], [ -7119638.297447747550905, -7318178.425680893473327 ], [ -7119631.618278300389647, -7317948.764771050773561 ], [ -7119585.309370130300522, -7317868.48154226038605 ], [ -7119505.827253704890609, -7317753.654801140539348 ], [ -7119433.02430672571063, -7317673.180595741607249 ], [ -7119373.357059659436345, -7317604.286071680486202 ], [ -7119267.49222391564399, -7317466.498847180046141 ], [ -7119194.577957445755601, -7317363.256511945277452 ], [ -7119161.516068681143224, -7317237.05184801761061 ], [ -7119247.566035063005984, -7317064.922781241126359 ], [ -7119287.307093277573586, -7316938.529974509030581 ], [ -7119353.542190299369395, -7316835.294619794934988 ], [ -7119426.345137277618051, -7316743.445245958864689 ], [ -7119519.074273109436035, -7316754.829878596588969 ], [ -7119572.062350726686418, -7316697.520964185707271 ], [ -7119691.285525366663933, -7316662.981451225467026 ], [ -7119737.594433534890413, -7316651.59695249889046 ], [ -7119843.570588772185147, -7316651.59695249889046 ], [ -7119893.21908166538924, -7316703.309724319726229 ], [ -7119942.867574559524655, -7316754.829878596588969 ], [ -7119985.502939532510936, -7316758.88203998375684 ], [ -7120068.658599155023694, -7316766.407488131895661 ], [ -7120115.078826814889908, -7316835.294619794934988 ], [ -7120201.128793198615313, -7316869.641932099126279 ], [ -7120254.116870815865695, -7316927.14507404062897 ], [ -7120353.52517609577626, -7317007.418624672107399 ], [ -7120446.142992435023189, -7317145.197748297825456 ], [ -7120545.551297712139785, -7317133.619577119126916 ], [ -7120638.169114053249359, -7317214.088221789337695 ], [ -7120783.886327501386404, -7317294.364722384139895 ], [ -7120909.677352097816765, -7317374.835023635998368 ], [ -7120969.344599163159728, -7317420.763289133086801 ], [ -7121015.653507333248854, -7317432.14890934061259 ], [ -7121068.641584950499237, -7317466.498847180046141 ], [ -7121095.135623759590089, -7317478.077511963434517 ], [ -7121187.864759591408074, -7317569.935527683235705 ], [ -7121234.173667760565877, -7317650.215686843730509 ], [ -7121287.16174537781626, -7317719.110616168007255 ], [ -7121326.902803591452539, -7317765.040906771086156 ], [ -7121386.458731166087091, -7317776.620014272630215 ], [ -7121432.878958825953305, -7317810.971467559225857 ], [ -7121485.86703644413501, -7317856.902298530563712 ], [ -7121671.213988615199924, -7317868.48154226038605 ], [ -7121810.252032616175711, -7317937.18540826253593 ], [ -7121843.425240872427821, -7318040.628324365243316 ], [ -7121902.981168447062373, -7318109.526698640547693 ], [ -7121962.648415511474013, -7318155.459285920485854 ], [ -7122008.957323681563139, -7318189.812405969947577 ], [ -7122154.674537129700184, -7318212.778901988640428 ], [ -7122154.674537129700184, -7318258.712096694856882 ], [ -7122207.662614747881889, -7318396.513302176259458 ], [ -7122234.15665355604142, -7318419.480406209826469 ], [ -7122353.268508706241846, -7318384.933275341056287 ], [ -7122452.676813983358443, -7318350.579296784475446 ], [ -7122558.652969218790531, -7318304.645561626181006 ], [ -7122651.270785559900105, -7318339.192337245680392 ], [ -7122737.432071432471275, -7318384.933275341056287 ], [ -7122790.308829560875893, -7318407.900345311500132 ], [ -7122803.555848964489996, -7318465.414816961623728 ], [ -7122790.308829560875893, -7318557.284449191763997 ], [ -7122790.308829560875893, -7318626.187382771633565 ], [ -7122849.976076625287533, -7318660.542574031278491 ], [ -7122876.470115434378386, -7318718.058906781487167 ], [ -7122942.705212456174195, -7318786.770248990505934 ], [ -7123015.508159435354173, -7318867.255932892672718 ], [ -7123055.24921764805913, -7318936.161602075211704 ], [ -7123028.755178838968277, -7319016.455810121260583 ], [ -7122962.520081817172468, -7319073.974764875136316 ], [ -7122889.717134837992489, -7319085.362796102650464 ], [ -7122843.296907178126276, -7319085.362796102650464 ], [ -7122843.296907178126276, -7319165.851558212190866 ], [ -7122936.026043009012938, -7319292.087403111159801 ], [ -7122949.273062413558364, -7319406.936772231012583 ], [ -7123015.508159435354173, -7319544.758245357312262 ], [ -7123088.311106414534152, -7319625.058712778612971 ], [ -7123101.558125817216933, -7319728.330960735678673 ], [ -7123055.24921764805913, -7319854.768937487155199 ], [ -7123061.817067603580654, -7319958.044224129058421 ], [ -7123141.299184031784534, -7320026.959521188400686 ], [ -7123220.78130045812577, -7320164.791940371505916 ], [ -7123346.572325053624809, -7320210.736620875075459 ], [ -7123498.968707949854434, -7320382.935056135989726 ], [ -7123452.548480288125575, -7320509.190582343377173 ], [ -7123485.610369054600596, -7320578.110744880512357 ], [ -7123684.315660119988024, -7320681.58865808788687 ], [ -7123843.279892973601818, -7320601.084267603233457 ], [ -7123922.762009399943054, -7320647.031515873037279 ], [ -7124088.294092210009694, -7320727.536380183883011 ], [ -7124253.826175018213689, -7320819.43263569381088 ], [ -7124439.284446680918336, -7320911.136910223402083 ], [ -7124611.384379448369145, -7321026.010100315324962 ], [ -7124723.928384639322758, -7321140.88498080894351 ], [ -7124796.842651109211147, -7321083.543862771242857 ], [ -7124863.077748130075634, -7321060.568920197896659 ], [ -7124905.04519615881145, -7321087.212137173861265 ], [ -7124917.067701165564358, -7321101.692184537649155 ], [ -7124984.972590548917651, -7321156.909678324125707 ], [ -7125010.687392922118306, -7321154.206714989617467 ], [ -7125134.585986176505685, -7321232.786102336831391 ], [ -7125260.377010771073401, -7321439.567581625655293 ], [ -7125353.106146601960063, -7321554.448548085056245 ], [ -7125598.120345839299262, -7321715.284741499461234 ], [ -7125651.108423455618322, -7321588.816627940163016 ], [ -7125640.867030302993953, -7321499.80747421644628 ], [ -7125631.182234603911638, -7321416.591591210104525 ], [ -7125664.24412337038666, -7321324.688305792398751 ], [ -7125757.08457869105041, -7321324.688305792398751 ], [ -7125792.261537781916559, -7321339.941087102517486 ], [ -7125889.443453243002295, -7321382.031195178627968 ], [ -7126094.716594267636538, -7321370.639813254587352 ], [ -7126260.248677075840533, -7321290.321388778276742 ], [ -7126277.391878659836948, -7321121.578160027042031 ], [ -7126322.698911411687732, -7321066.940115986391902 ], [ -7126345.742046006023884, -7321019.252807047218084 ], [ -7126359.656982354819775, -7321003.035327065736055 ], [ -7126399.398040568456054, -7321003.035327065736055 ], [ -7126492.015856907702982, -7321106.518872963264585 ], [ -7126604.671181591227651, -7321290.321388778276742 ], [ -7126650.980089761316776, -7321416.591591210104525 ], [ -7126803.26515316683799, -7321405.007083872333169 ], [ -7126869.5002501886338, -7321370.639813254587352 ], [ -7127001.970444233156741, -7321427.983040189370513 ], [ -7127081.452560658566654, -7321588.816627940163016 ], [ -7126995.402594276703894, -7321623.37793948687613 ], [ -7126995.402594276703894, -7321692.307939548976719 ], [ -7127061.526371807791293, -7321784.022468774579465 ], [ -7127068.20554125495255, -7321933.471189149655402 ], [ -7127127.761468829587102, -7321967.840937783941627 ], [ -7127200.564415806904435, -7322036.773979650810361 ], [ -7127280.046532235108316, -7322071.337274591438472 ], [ -7127306.540571042336524, -7322105.707630259916186 ], [ -7127187.428715893998742, -7322128.685649073682725 ], [ -7127180.749546445906162, -7322197.620111359283328 ], [ -7127286.725701680406928, -7322254.969413631595671 ], [ -7127366.207818108610809, -7322369.862381063401699 ], [ -7127379.45483751129359, -7322461.777972618117929 ], [ -7127445.578615043312311, -7322530.715376581065357 ], [ -7127551.5547702787444, -7322611.046564969234169 ], [ -7127611.22201734315604, -7322461.777972618117929 ], [ -7127677.345794875174761, -7322565.280858715064824 ], [ -7127770.074930706061423, -7322576.673984131775796 ], [ -7127915.792144154198468, -7322599.653389381244779 ], [ -7127988.595091134309769, -7322622.632862280122936 ], [ -7128021.768299390561879, -7322668.59201103169471 ], [ -7128140.880154537968338, -7322771.904530740343034 ], [ -7128213.794421006925404, -7322817.864558408968151 ], [ -7128167.37419334705919, -7322932.765811552293599 ], [ -7128048.262338198721409, -7322932.765811552293599 ], [ -7127942.286182964220643, -7322863.824856696650386 ], [ -7127935.718333006836474, -7323001.707375320605934 ], [ -7127948.854032919742167, -7323116.611334788613021 ], [ -7128005.626973224803805, -7323208.149481086991727 ], [ -7128027.222954438067973, -7323242.911083706654608 ], [ -7128131.529317311942577, -7323228.620183888822794 ], [ -7128237.505472546443343, -7323354.921745270490646 ], [ -7128446.118198294192553, -7323452.642704284749925 ], [ -7128488.976202248595655, -7323467.706518264487386 ], [ -7128518.921145273372531, -7323478.328455856069922 ], [ -7128617.772853096947074, -7323449.745820314623415 ], [ -7128591.278814288787544, -7323369.405999907292426 ], [ -7128631.0198725014925, -7323346.42432839050889 ], [ -7128813.027239947579801, -7323334.836956647224724 ], [ -7128995.145926886238158, -7323323.442724540829659 ], [ -7129147.54230978153646, -7323231.516985793597996 ], [ -7129313.074392592534423, -7323231.516985793597996 ], [ -7129327.211967922747135, -7323271.492961836978793 ], [ -7129366.062470208853483, -7323380.800299112685025 ], [ -7129723.620674638077617, -7323449.745820314623415 ], [ -7130001.696762639097869, -7323484.122246090322733 ], [ -7130054.684840256348252, -7323392.387739092111588 ], [ -7130253.390131322667003, -7323334.836956647224724 ], [ -7130418.81089464109391, -7323059.448817471042275 ], [ -7130418.92221413180232, -7323059.062585669569671 ], [ -7130577.886446984484792, -7322748.924618383869529 ], [ -7130809.653626816347241, -7322117.293177510611713 ], [ -7130855.962534986436367, -7321910.493744971230626 ], [ -7130882.45657379552722, -7321772.630500218831003 ], [ -7130875.777404348365963, -7321427.983040189370513 ], [ -7130882.45657379552722, -7321290.321388778276742 ], [ -7130975.185709626413882, -7321037.594045242294669 ], [ -7131127.470773031935096, -7321048.984941178932786 ], [ -7131142.721543271094561, -7321038.945506601594388 ], [ -7131213.520739414729178, -7320991.644498175941408 ], [ -7131306.24987524561584, -7321026.010100315324962 ], [ -7131309.92341844085604, -7320975.427075549028814 ], [ -7131312.817725202068686, -7320934.111413012258708 ], [ -7131213.520739414729178, -7320853.79747973382473 ], [ -7131074.48269541375339, -7320738.926823710091412 ], [ -7130908.950612604618073, -7320555.137289763428271 ], [ -7130882.45657379552722, -7320336.989362203516066 ], [ -7130935.444651412777603, -7320061.320876973681152 ], [ -7131028.173787243664265, -7319923.683322897180915 ], [ -7131134.149942479096353, -7319854.768937487155199 ], [ -7131114.223753627389669, -7319693.971070516854525 ], [ -7131047.988656603731215, -7319648.029431104660034 ], [ -7130961.938690221868455, -7319602.088062036782503 ], [ -7130869.209554390981793, -7319556.146963311359286 ], [ -7130749.986379751935601, -7319556.146963311359286 ], [ -7130591.133466389030218, -7319464.265576866455376 ], [ -7130584.454296941868961, -7319246.14812851510942 ], [ -7130663.936413366347551, -7319223.17859258595854 ], [ -7130763.233399156481028, -7319154.270390253514051 ], [ -7130822.900646220892668, -7319119.913026393391192 ], [ -7130942.012501369230449, -7319165.851558212190866 ], [ -7130977.968696896918118, -7319191.71622867602855 ], [ -7131021.494617796503007, -7319223.17859258595854 ], [ -7131120.791603584773839, -7319280.506047896109521 ], [ -7131259.940967075526714, -7319234.566841448657215 ], [ -7131332.743914054706693, -7319269.117732022888958 ], [ -7131392.299841629341245, -7319475.847204673103988 ], [ -7131345.990933459252119, -7319521.787830878049135 ], [ -7131319.496894650161266, -7319613.476863618940115 ], [ -7131379.164141714572906, -7319636.447547869756818 ], [ -7131498.275996862910688, -7319716.941991604864597 ], [ -7131538.017055075615644, -7319820.21545500960201 ], [ -7131610.820002056658268, -7319981.01592222135514 ], [ -7131730.04317669570446, -7320095.875426597893238 ], [ -7131875.760390143841505, -7320210.736620875075459 ], [ -7131988.304395334795117, -7320291.043938674964011 ], [ -7132081.033531165681779, -7320348.572284760884941 ], [ -7132107.527569974772632, -7320325.599505112506449 ], [ -7132193.577536359429359, -7320325.599505112506449 ], [ -7132273.059652785770595, -7320359.96217536740005 ], [ -7132319.479880445636809, -7320589.694025196135044 ], [ -7132206.824555762112141, -7320750.510342643596232 ], [ -7132120.774589380249381, -7320796.458470401354134 ], [ -7132014.79843414388597, -7320934.111413012258708 ], [ -7132014.79843414388597, -7321152.469096198678017 ], [ -7132134.021608784794807, -7321152.469096198678017 ], [ -7132220.071575166657567, -7321094.934825758449733 ], [ -7132319.479880445636809, -7321048.984941178932786 ], [ -7132471.764943851158023, -7321094.934825758449733 ], [ -7132551.135740786790848, -7321221.394938196986914 ], [ -7132637.297026661224663, -7321301.712653497233987 ], [ -7132730.026162492111325, -7321290.321388778276742 ], [ -7132855.817187088541687, -7321267.345837628468871 ], [ -7132922.052284109406173, -7321278.73706881981343 ], [ -7133074.337347513996065, -7321313.297007546760142 ], [ -7133206.807541559450328, -7321336.079620661213994 ], [ -7133359.09260496404022, -7321427.983040189370513 ], [ -7133826.411827314645052, -7321374.694371017627418 ], [ -7133862.368022840470076, -7321370.639813254587352 ], [ -7133921.923950415104628, -7321554.448548085056245 ], [ -7133911.793876752257347, -7321610.827724861912429 ], [ -7133888.862061648629606, -7321738.068527858704329 ], [ -7133749.824017647653818, -7321898.90850464720279 ], [ -7133564.365745987743139, -7321875.931162203662097 ], [ -7133365.660454920493066, -7321784.022468774579465 ], [ -7133133.893275089561939, -7321738.068527858704329 ], [ -7133092.927702477201819, -7321723.973465740680695 ], [ -7133080.125961037352681, -7321719.532561032101512 ], [ -7132902.126095258630812, -7321657.746322819963098 ], [ -7132829.323148278519511, -7321623.37793948687613 ], [ -7132716.779143087565899, -7321784.022468774579465 ], [ -7132679.487113670445979, -7321799.46923235617578 ], [ -7132577.629779594950378, -7321841.561818242073059 ], [ -7132524.753021467477083, -7321956.448700963519514 ], [ -7132438.59173559397459, -7321979.426280414685607 ], [ -7132365.788788616657257, -7322174.641889623366296 ], [ -7132451.838754998520017, -7322254.969413631595671 ], [ -7132524.753021467477083, -7322289.533674723468721 ], [ -7132604.123818404041231, -7322346.883652288466692 ], [ -7132703.532123683020473, -7322450.385014900937676 ], [ -7132670.358915426768363, -7322588.067126178182662 ], [ -7132670.358915426768363, -7322817.864558408968151 ], [ -7132723.346993043087423, -7322978.726786408573389 ], [ -7132789.582090064883232, -7323173.967389475554228 ], [ -7132789.582090064883232, -7323242.911083706654608 ], [ -7132749.841031853109598, -7323403.782071844674647 ], [ -7132882.311225895769894, -7323576.050959937274456 ], [ -7132935.299303514882922, -7323771.499638702720404 ], [ -7132922.052284109406173, -7323863.431737358681858 ], [ -7132994.855231089517474, -7323943.776643055491149 ], [ -7132802.829109469428658, -7324104.662077483721077 ], [ -7132796.261259513907135, -7324345.899873659946024 ], [ -7132855.817187088541687, -7324518.189557323232293 ], [ -7132928.62013406585902, -7324575.749066013842821 ], [ -7132822.643978831358254, -7324702.072428912855685 ], [ -7132975.040361727587879, -7324943.328691598027945 ], [ -7133080.905197471380234, -7324977.904859865084291 ], [ -7133312.783696794882417, -7325092.837916696444154 ], [ -7133405.846791097894311, -7325032.183958136476576 ], [ -7133418.648532538674772, -7325023.877879488281906 ], [ -7133430.893676524981856, -7324896.390339585952461 ], [ -7133431.895551943220198, -7324885.959633027203381 ], [ -7133551.11872658226639, -7324839.987425811588764 ], [ -7133703.403789987787604, -7324885.959633027203381 ], [ -7133726.112966109998524, -7324969.212512645870447 ], [ -7133763.07103705406189, -7325104.234732220880687 ], [ -7133815.947795179672539, -7325288.131412348710001 ], [ -7133875.615042244084179, -7325288.131412348710001 ], [ -7134004.745651563629508, -7325145.379306417889893 ], [ -7134021.332255694083869, -7325127.221580263227224 ], [ -7134133.876260885037482, -7325069.851169925183058 ], [ -7134299.408343695104122, -7325092.837916696444154 ], [ -7134384.345115169882774, -7325141.902291755191982 ], [ -7134458.372576547786593, -7325184.785580837167799 ], [ -7134603.97847050614655, -7325483.429795094765723 ], [ -7134690.139756378717721, -7325644.346971774473786 ], [ -7134855.671839188784361, -7325655.744592709466815 ], [ -7134948.400975019671023, -7325667.335410732775927 ], [ -7134901.980747357942164, -7325816.665322501212358 ], [ -7134981.462863785214722, -7325897.223524806089699 ], [ -7134994.709883188828826, -7325966.191279578022659 ], [ -7135087.439019020646811, -7326023.568279515020549 ], [ -7134961.647994425147772, -7326149.91507975757122 ], [ -7135021.203921998851001, -7326264.865398386493325 ], [ -7135186.736004808917642, -7326230.476722202263772 ], [ -7135298.834732037037611, -7326122.288616894744337 ], [ -7135305.959179447963834, -7326115.526910111308098 ], [ -7135431.527565062046051, -7326203.815942703746259 ], [ -7135584.035267449915409, -7326310.845999939367175 ], [ -7135683.443572727963328, -7326333.836402314715087 ], [ -7135504.553151022642851, -7326494.771115419454873 ], [ -7135544.405528727918863, -7326563.744151330552995 ], [ -7135564.220398087054491, -7326586.735298772342503 ], [ -7135584.035267449915409, -7326724.683605907484889 ], [ -7135517.911489917896688, -7326874.033752067014575 ], [ -7135484.738281660713255, -7326908.425264348275959 ], [ -7135444.997223448939621, -7326908.425264348275959 ], [ -7135411.9353346824646, -7327000.394322706386447 ], [ -7135385.441295874305069, -7327069.371827798895538 ], [ -7135365.515107021667063, -7327184.335691237822175 ], [ -7135365.515107021667063, -7327241.914867815561593 ], [ -7135497.985301066190004, -7327276.308001476339996 ], [ -7135537.726359279826283, -7327368.281395735219121 ], [ -7135517.911489917896688, -7327471.656147508881986 ], [ -7135511.232320470735431, -7327552.231436456553638 ], [ -7135504.553151022642851, -7327724.591922343708575 ], [ -7135544.405528727918863, -7327804.976589785888791 ], [ -7135650.270364471711218, -7327885.555320694111288 ], [ -7135729.752480897121131, -7327931.545472957193851 ], [ -7135822.481616727076471, -7327977.535896280780435 ], [ -7135941.704791367985308, -7328034.927687093615532 ], [ -7136021.075588303618133, -7328092.513140518218279 ], [ -7136100.557704729959369, -7328138.504512592218816 ], [ -7136160.224951794371009, -7328241.889468813315034 ], [ -7136259.521937583573163, -7328356.870608447119594 ], [ -7136378.745112221688032, -7328494.850212585180998 ], [ -7136444.980209244415164, -7328667.231521664187312 ], [ -7136504.536136819981039, -7328747.625900765880942 ], [ -7136570.771233841776848, -7328828.214366931468248 ], [ -7136610.512292053550482, -7328920.206055487506092 ], [ -7136597.265272649936378, -7328954.606587396934628 ], [ -7136570.771233841776848, -7329138.594029518775642 ], [ -7136570.771233841776848, -7329241.992237864993513 ], [ -7136531.030175627209246, -7329379.9874954437837 ], [ -7136524.351006180979311, -7329414.390054577030241 ], [ -7136676.747389076277614, -7329575.388316427357495 ], [ -7136809.106263629160821, -7329621.388430017977953 ], [ -7136935.008607717230916, -7329632.985140114091337 ], [ -7137014.379404651932418, -7329678.985593287274241 ], [ -7137093.861521079204977, -7329770.987313278019428 ], [ -7137219.763865164481103, -7329678.985593287274241 ], [ -7137226.331715121865273, -7329575.388316427357495 ], [ -7137160.096618100069463, -7329402.986942327581346 ], [ -7137067.367482269182801, -7329322.585810325108469 ], [ -7136987.885365842841566, -7329253.588384066708386 ], [ -7136901.835399460047483, -7329115.595361988991499 ], [ -7136868.773510693572462, -7328954.606587396934628 ], [ -7136895.267549503594637, -7328920.206055487506092 ], [ -7137040.873443461023271, -7329069.598230297677219 ], [ -7137113.787709929980338, -7329138.594029518775642 ], [ -7137193.269826356321573, -7329138.594029518775642 ], [ -7137246.257903974503279, -7328966.202306486666203 ], [ -7137279.319792740978301, -7328793.621134410612285 ], [ -7137206.516845759935677, -7328621.237033059820533 ], [ -7137133.602579290978611, -7328414.265189418569207 ], [ -7137093.861521079204977, -7328264.885561192408204 ], [ -7137160.096618100069463, -7327977.535896280780435 ], [ -7137163.547522315755486, -7327955.700073258951306 ], [ -7137180.022806952707469, -7327850.96626712847501 ], [ -7137219.763865164481103, -7327563.631844285875559 ], [ -7137197.61128649674356, -7327508.562231745570898 ], [ -7137196.275452608242631, -7327507.98255367949605 ], [ -7137194.828299229033291, -7327501.799323665909469 ], [ -7137113.787709929980338, -7327299.301248412579298 ], [ -7137180.022806952707469, -7327126.950156094506383 ], [ -7137226.331715121865273, -7326977.401956498622894 ], [ -7137312.381681505590677, -7326793.658673951402307 ], [ -7137431.604856146499515, -7326540.753071623854339 ], [ -7137451.86500347033143, -7326483.17906838003546 ], [ -7137524.333991977386177, -7326276.457121135666966 ], [ -7137597.13693895470351, -7326035.159643854945898 ], [ -7137689.866074785590172, -7325943.201960264705122 ], [ -7137875.324346448294818, -7325920.21270867343992 ], [ -7138054.10344866104424, -7325908.62151506729424 ], [ -7138156.740019173361361, -7325927.746993751265109 ], [ -7138239.561720321886241, -7325943.201960264705122 ], [ -7138292.549797940999269, -7326023.568279515020549 ], [ -7138292.549797940999269, -7326207.486624327488244 ], [ -7138332.179536662995815, -7326402.808015819638968 ], [ -7138391.846783727407455, -7326529.160956282168627 ], [ -7138424.908672493882477, -7326621.125544912181795 ], [ -7138438.155691898427904, -7326759.074459983967245 ], [ -7138464.649730706587434, -7326897.025813709944487 ], [ -7138491.143769516609609, -7326920.017943095415831 ], [ -7138583.872905347496271, -7326931.41742732282728 ], [ -7138643.428832921199501, -7326897.025813709944487 ], [ -7138755.972838112153113, -7326943.010140223428607 ], [ -7138808.960915730334818, -7327161.342783053405583 ], [ -7138808.960915730334818, -7327322.294563102535903 ], [ -7138895.122201603837311, -7327425.668705655261874 ], [ -7138987.851337434723973, -7327586.625937876291573 ], [ -7139093.716173178516328, -7327735.992581992410123 ], [ -7139272.495275394059718, -7327793.575829345732927 ], [ -7139411.644638884812593, -7327885.555320694111288 ], [ -7139537.435663480311632, -7327850.96626712847501 ], [ -7139667.679467709735036, -7328018.115906674414873 ], [ -7139689.720726885832846, -7328046.522039517760277 ], [ -7139762.523673865944147, -7328138.504512592218816 ], [ -7139861.931979143992066, -7328218.893444205634296 ], [ -7139961.228964932262897, -7328218.893444205634296 ], [ -7140047.278931314125657, -7328195.89748736936599 ], [ -7140067.205120166763663, -7328184.302912984974682 ], [ -7140067.427759148180485, -7328184.496155749075115 ], [ -7140219.490183572284877, -7328218.893444205634296 ], [ -7140220.269420007243752, -7328221.598855346441269 ], [ -7140232.737202976830304, -7328264.885561192408204 ], [ -7140239.305052934214473, -7328391.2686567902565 ], [ -7140285.725280594080687, -7328517.847050493583083 ], [ -7140338.713358210399747, -7328563.647677487693727 ], [ -7140366.877189381979406, -7328580.074128198437393 ], [ -7140438.010343999601901, -7328621.237033059820533 ], [ -7140537.307329786010087, -7328632.639002858661115 ], [ -7140577.048388000577688, -7328621.237033059820533 ], [ -7140649.962654469534755, -7328598.239890428259969 ], [ -7140737.57109372317791, -7328532.920644888654351 ], [ -7140753.155822435393929, -7328553.985075577162206 ], [ -7140755.716170723550022, -7328553.791823661886156 ], [ -7140828.741756682284176, -7328690.228867638856173 ], [ -7140888.297684257850051, -7328862.614493260160089 ], [ -7140941.285761875100434, -7328954.606587396934628 ], [ -7141034.014897706918418, -7328782.21892936527729 ], [ -7141113.497014133259654, -7328690.228867638856173 ], [ -7141212.79399991966784, -7328885.612415111623704 ], [ -7141239.288038729690015, -7328931.608462180942297 ], [ -7141272.349927494302392, -7328494.850212585180998 ], [ -7141239.288038729690015, -7328425.860105521976948 ], [ -7141146.558902898803353, -7328241.889468813315034 ], [ -7141206.114830472506583, -7328080.918719753623009 ], [ -7141411.499290985055268, -7328253.290884293615818 ], [ -7141524.043296177871525, -7328299.283204032108188 ], [ -7141702.822398391552269, -7328322.27946555800736 ], [ -7141894.848520010709763, -7328345.275794862769544 ], [ -7142186.171627417206764, -7328115.508792670443654 ], [ -7142259.085893886163831, -7328011.932272414676845 ], [ -7142378.309068525210023, -7327931.545472957193851 ], [ -7142490.85307371802628, -7327850.96626712847501 ], [ -7142629.891117719002068, -7327839.565439492464066 ], [ -7142815.349389379844069, -7327885.555320694111288 ], [ -7143060.363588616251945, -7327793.575829345732927 ], [ -7143086.857627424411476, -7327690.196812798269093 ], [ -7143080.289777468889952, -7327588.558217733167112 ], [ -7143073.610608020797372, -7327483.249663019552827 ], [ -7143186.154613212682307, -7327379.681534821167588 ], [ -7143298.698618403635919, -7327448.662392704747617 ], [ -7143325.192657213658094, -7327540.637818458490074 ], [ -7143338.439676618203521, -7327621.213819712400436 ], [ -7143439.851732730865479, -7327611.359156196005642 ], [ -7143457.662851257249713, -7327609.620099221356213 ], [ -7143563.639006492681801, -7327609.620099221356213 ], [ -7143629.762784024700522, -7327644.208082982338965 ], [ -7143669.615161727182567, -7327816.570600537583232 ], [ -7143808.653205729089677, -7327954.540650735609233 ], [ -7143821.900225132703781, -7328023.52659067325294 ], [ -7143788.727016875520349, -7328126.910023489966989 ], [ -7143921.197210920974612, -7328126.910023489966989 ], [ -7144093.40846317820251, -7328218.893444205634296 ], [ -7144113.22333253826946, -7328310.877949271351099 ], [ -7144099.976313133724034, -7328437.261789823882282 ], [ -7144252.261376539245248, -7328517.847050493583083 ], [ -7144258.940545987337828, -7328586.64471816457808 ], [ -7144139.717371348291636, -7328851.212187390774488 ], [ -7143987.432307942770422, -7328862.614493260160089 ], [ -7143934.444230325520039, -7328989.200533669441938 ], [ -7143914.629360963590443, -7329069.598230297677219 ], [ -7144093.40846317820251, -7329218.993265550583601 ], [ -7144212.631637817248702, -7329425.986457009799778 ], [ -7144272.187565391883254, -7329598.388339322991669 ], [ -7144172.779260112904012, -7329713.389470831491053 ], [ -7144152.964390752837062, -7329851.393066191114485 ], [ -7144099.976313133724034, -7329931.799647748470306 ], [ -7144061.34844982996583, -7329883.09171574190259 ], [ -7144041.644899958744645, -7329887.730553309433162 ], [ -7144007.803774758242071, -7329928.127213704399765 ], [ -7144004.464190035127103, -7329960.019461763091385 ], [ -7144045.763721118681133, -7330278.562523445114493 ], [ -7144122.351530783809721, -7330301.951209790073335 ], [ -7144152.964390752837062, -7330311.229385782964528 ], [ -7144285.43458479642868, -7330345.829347712919116 ], [ -7144325.17564301006496, -7330437.838931596837938 ], [ -7144325.17564301006496, -7330587.260168636217713 ], [ -7144444.287498159334064, -7330667.867638780735433 ], [ -7144517.20176462829113, -7330667.867638780735433 ], [ -7144623.066600372083485, -7330552.85243740491569 ], [ -7144669.486828031949699, -7330529.849600601941347 ], [ -7144835.018910842016339, -7330667.867638780735433 ], [ -7144868.080799608491361, -7330506.84683161880821 ], [ -7144893.016365546733141, -7330473.599251769483089 ], [ -7144954.242085482925177, -7330391.834004016593099 ], [ -7145053.539071269333363, -7330368.831641954369843 ], [ -7145146.268207100220025, -7330380.236165928654373 ], [ -7145205.824134674854577, -7330414.836433895863593 ], [ -7145265.491381739266217, -7330472.246155590750277 ], [ -7145305.232439953833818, -7330506.84683161880821 ], [ -7145335.956619412638247, -7330517.478355070576072 ], [ -7145404.529425740242004, -7330541.254359952174127 ], [ -7145510.505580975674093, -7330541.254359952174127 ], [ -7145589.987697402015328, -7330518.251557341776788 ], [ -7145623.049586167559028, -7330472.246155590750277 ], [ -7145641.751260621473193, -7330438.612125975079834 ], [ -7145821.754877233877778, -7330115.810135195031762 ], [ -7145901.125674169510603, -7329954.800721341744065 ], [ -7145927.619712978601456, -7329736.389900543726981 ], [ -7145960.792921234853566, -7329563.984968872740865 ], [ -7145940.866732383146882, -7329414.390054577030241 ], [ -7145947.545901831239462, -7329333.98880506772548 ], [ -7146040.275037662126124, -7329069.598230297677219 ], [ -7146086.583945831283927, -7329081.000855313614011 ], [ -7146132.892854001373053, -7329103.999420872889459 ], [ -7146185.880931619554758, -7328862.614493260160089 ], [ -7146185.880931619554758, -7328678.633558676578104 ], [ -7146258.795198089443147, -7328586.64471816457808 ], [ -7146397.833242089487612, -7328644.234243469312787 ], [ -7146444.142150257714093, -7328747.625900765880942 ], [ -7146554.682404616847634, -7328854.304336490109563 ], [ -7146622.921252474188805, -7328920.206055487506092 ], [ -7146675.909330089576542, -7328782.21892936527729 ], [ -7146775.317635368555784, -7328632.639002858661115 ], [ -7146874.614621156826615, -7328690.228867638856173 ], [ -7146894.429490518756211, -7328885.612415111623704 ], [ -7146907.676509923301637, -7329081.000855313614011 ], [ -7146940.849718178622425, -7329230.589377569034696 ], [ -7146927.602698774076998, -7329333.98880506772548 ], [ -7146927.602698774076998, -7329414.390054577030241 ], [ -7146927.602698774076998, -7329517.985193720087409 ], [ -7146980.590776393190026, -7329632.985140114091337 ], [ -7147020.220515115186572, -7329701.985921577550471 ], [ -7147079.887762179598212, -7329747.986781572923064 ], [ -7147252.09901443682611, -7329793.98791278898716 ], [ -7147265.346033841371536, -7329724.986317672766745 ], [ -7147344.716830777935684, -7329908.79864196293056 ], [ -7147344.716830777935684, -7329954.800721341744065 ], [ -7147430.878116650506854, -7330058.403036256320775 ], [ -7147536.854271885938942, -7330242.416509731672704 ], [ -7147523.607252481393516, -7330311.229385782964528 ], [ -7147556.669141247868538, -7330541.254359952174127 ], [ -7147609.657218865118921, -7330575.855342033319175 ], [ -7147662.645296482369304, -7330667.867638780735433 ], [ -7147669.213146439753473, -7330851.702179064042866 ], [ -7147516.928083034232259, -7330794.289665034040809 ], [ -7147450.69298601243645, -7330771.286116351373494 ], [ -7147424.198947204276919, -7330897.709818487986922 ], [ -7147331.581130864098668, -7330863.300718047656119 ], [ -7147291.728753158822656, -7331093.341970408335328 ], [ -7147450.69298601243645, -7331093.341970408335328 ], [ -7147530.175102438777685, -7331173.761352883651853 ], [ -7147589.731030013412237, -7331300.191577393561602 ], [ -7147662.645296482369304, -7331564.6577552203089 ], [ -7147622.904238269664347, -7331737.300235660746694 ], [ -7147735.448243460617959, -7331817.726256691850722 ], [ -7147861.239268057048321, -7331955.767081439495087 ], [ -7147874.486287461593747, -7332116.817797629162669 ], [ -7148073.191578526981175, -7332300.87983039021492 ], [ -7148145.994525508023798, -7332369.904212360270321 ], [ -7148324.884947211481631, -7332381.311662026681006 ], [ -7148377.761705338023603, -7332381.311662026681006 ], [ -7148440.100620182231069, -7332378.991501420736313 ], [ -7148482.40202668402344, -7332461.7443229816854 ], [ -7148487.745362241752446, -7332517.042258467525244 ], [ -7148440.100620182231069, -7332590.708998247981071 ], [ -7148440.100620182231069, -7332664.183079954236746 ], [ -7148450.675971808843315, -7332756.220011327415705 ], [ -7148408.26324581541121, -7332848.258028629235923 ], [ -7148429.525268557481468, -7332912.646614900790155 ], [ -7148429.525268557481468, -7333041.618745037354529 ], [ -7148387.112542564980686, -7333133.466764432378113 ], [ -7148434.757284624502063, -7333234.79088674671948 ], [ -7148466.594658991321921, -7333280.812583071179688 ], [ -7148403.031229749321938, -7333381.945247834548354 ], [ -7148387.112542564980686, -7333510.925137680023909 ], [ -7148397.687894189730287, -7333602.778683295473456 ], [ -7148376.53719093836844, -7333685.737867789342999 ], [ -7148328.781129389069974, -7333823.811753509566188 ], [ -7148371.193855382502079, -7333888.208393134176731 ], [ -7148418.838597442023456, -7333952.605564414523542 ], [ -7148487.745362241752446, -7334044.657699383795261 ], [ -7148530.046768743544817, -7334136.710920725949109 ], [ -7148577.802830293774605, -7334155.083017217926681 ], [ -7148593.721517477184534, -7334063.029579053632915 ], [ -7148636.022923979908228, -7334053.746939706616104 ], [ -7148699.586353221908212, -7334109.056162336841226 ], [ -7148773.836453581228852, -7334155.083017217926681 ], [ -7148837.399882824160159, -7334228.765228475444019 ], [ -7148927.457350876182318, -7334265.509898392483592 ], [ -7149022.746834995225072, -7334293.165211498737335 ], [ -7149107.572286979295313, -7334293.165211498737335 ], [ -7149202.973090588115156, -7334329.910184802487493 ], [ -7149224.123793839477003, -7334329.910184802487493 ], [ -7149277.111871458590031, -7334320.627227836288512 ], [ -7149382.976707202382386, -7334256.227018070407212 ], [ -7149388.320042760111392, -7334228.765228475444019 ], [ -7149382.976707202382386, -7334164.172386221587658 ], [ -7149385.871013961732388, -7334140.191946212202311 ], [ -7149388.320042760111392, -7334118.338867507874966 ], [ -7149388.320042760111392, -7334081.401501998305321 ], [ -7149372.401355577632785, -7334035.375081900507212 ], [ -7149372.401355577632785, -7333961.69469747133553 ], [ -7149398.895394384860992, -7333915.862368520349264 ], [ -7149430.732768752612174, -7333897.297451150603592 ], [ -7149435.964784819632769, -7333851.272117399610579 ], [ -7149356.482668391428888, -7333805.247055227868259 ], [ -7149308.837926331907511, -7333768.504553472623229 ], [ -7149255.849848716519773, -7333740.851100514642894 ], [ -7149308.837926331907511, -7333713.391125357709825 ], [ -7149345.907316768541932, -7333713.391125357709825 ], [ -7149367.16933951061219, -7333639.713782344944775 ], [ -7149356.482668391428888, -7333520.013756080530584 ], [ -7149377.744691133499146, -7333529.29576027020812 ], [ -7149473.0341752525419, -7333520.013756080530584 ], [ -7149478.377510812133551, -7333409.597428422421217 ], [ -7149536.708923988044262, -7333225.509232995100319 ], [ -7149589.697001605294645, -7333161.118064180016518 ], [ -7149674.411134098656476, -7333133.466764432378113 ], [ -7149753.893250525929034, -7333161.118064180016518 ], [ -7149833.375366952270269, -7333161.118064180016518 ], [ -7149923.432835003361106, -7333087.44593742582947 ], [ -7150002.803631938062608, -7333124.378596406430006 ], [ -7149976.420912620611489, -7333023.055908281356096 ], [ -7149939.240202696062624, -7332921.92789638787508 ], [ -7149949.926873811520636, -7332866.627090648747981 ], [ -7149955.158889878541231, -7332811.520034359768033 ], [ -7150013.490303055383265, -7332783.869973841123283 ], [ -7150045.21635793056339, -7332765.501106698997319 ], [ -7150013.490303055383265, -7332664.183079954236746 ], [ -7149997.571615871042013, -7332535.410540550947189 ], [ -7150013.490303055383265, -7332461.7443229816854 ], [ -7150071.710396739654243, -7332388.272147984243929 ], [ -7150135.273825981654227, -7332378.991501420736313 ], [ -7150119.35513879917562, -7332305.326760961674154 ], [ -7150103.436451616697013, -7332250.223669742234051 ], [ -7150055.791709557175636, -7332121.457963581196964 ], [ -7150071.710396739654243, -7331992.501045735552907 ], [ -7150039.873022372834384, -7331946.486949407495558 ], [ -7150002.803631938062608, -7331919.033290115185082 ], [ -7149944.58353825379163, -7331882.106337390840054 ], [ -7149918.0894994456321, -7331808.639621421694756 ], [ -7149865.101421827450395, -7331642.955383200198412 ], [ -7149838.607383019290864, -7331633.675623277202249 ], [ -7149780.387289333157241, -7331550.931585347279906 ], [ -7149653.14911135751754, -7331468.188425038009882 ], [ -7149579.010330488905311, -7331366.88724613469094 ], [ -7149526.022252870723605, -7331339.435626475140452 ], [ -7149462.458823627792299, -7331320.876839744858444 ], [ -7149409.470746010541916, -7331293.425381987355649 ], [ -7149351.250652325339615, -7331256.50139044970274 ], [ -7149451.88347200397402, -7331183.040565744973719 ], [ -7149478.377510812133551, -7331173.761352883651853 ], [ -7149557.859627238474786, -7331146.117096653208137 ], [ -7149593.370544801466167, -7331112.866792355664074 ], [ -7149626.766392039135098, -7331081.743089416064322 ], [ -7149679.643150164745748, -7331026.648640208877623 ], [ -7149870.444757386110723, -7331008.090597551316023 ], [ -7149912.746163886971772, -7331054.099159250035882 ], [ -7150013.490303055383265, -7330934.6321119107306 ], [ -7150012.043149675242603, -7330928.252855009399354 ], [ -7149997.571615871042013, -7330860.981008871458471 ], [ -7150013.490303055383265, -7330778.245165938511491 ], [ -7150076.942412806674838, -7330704.595539255067706 ], [ -7150135.273825981654227, -7330649.310449553653598 ], [ -7150151.192513165995479, -7330529.849600601941347 ], [ -7150145.849177608266473, -7330428.560605037026107 ], [ -7150193.605239157564938, -7330419.475587636232376 ], [ -7150294.238058836199343, -7330410.197282915003598 ], [ -7150347.226136453449726, -7330502.207625923678279 ], [ -7150371.827743918634951, -7330559.231387355364859 ], [ -7150378.952191328629851, -7330575.855342033319175 ], [ -7150400.214214070700109, -7330630.946607838384807 ], [ -7150500.847033748403192, -7330695.316895443014801 ], [ -7150537.916424181312323, -7330741.323612635023892 ], [ -7150590.904501800425351, -7330833.337860940955579 ], [ -7150649.124595482833683, -7330916.074288139119744 ], [ -7150733.95004746876657, -7330999.004905262961984 ], [ -7150797.513476710766554, -7331026.648640208877623 ], [ -7150866.308922021649778, -7331035.734364691190422 ], [ -7150972.285077256150544, -7330952.996668476611376 ], [ -7151051.767193684354424, -7330989.725911295972764 ], [ -7151067.685880867764354, -7330943.717729229480028 ], [ -7151025.273154875263572, -7330824.252372168935835 ], [ -7150924.640335196629167, -7330778.245165938511491 ], [ -7150850.390234839171171, -7330768.966434533707798 ], [ -7150744.525399095378816, -7330759.687714165076613 ], [ -7150654.467931042425334, -7330722.959554332308471 ], [ -7150590.904501800425351, -7330686.231567403301597 ], [ -7150569.642479058355093, -7330649.310449553653598 ], [ -7150532.573088623583317, -7330566.576851332560182 ], [ -7150546.042747010476887, -7330550.146217790432274 ], [ -7150585.5611662408337, -7330502.207625923678279 ], [ -7150643.892579416744411, -7330410.197282915003598 ], [ -7150640.3303557112813, -7330331.1388423377648 ], [ -7150638.549243859946728, -7330290.546800251118839 ], [ -7150585.5611662408337, -7330272.18380297254771 ], [ -7150564.633101972751319, -7330266.191676372662187 ], [ -7150490.160362632013857, -7330244.542741197161376 ], [ -7150357.80148807913065, -7330198.538953406736255 ], [ -7150304.813410460948944, -7330226.179852197878063 ], [ -7150230.674629593268037, -7330171.091444515623152 ], [ -7150204.180590783245862, -7330161.813435179181397 ], [ -7150172.343216418288648, -7330005.441979514434934 ], [ -7150241.249981218017638, -7329922.715208790265024 ], [ -7150325.964113711379468, -7329839.989315229468048 ], [ -7150437.283604504540563, -7329821.434095053933561 ], [ -7150548.491775807924569, -7329720.34757686778903 ], [ -7150601.479853423312306, -7329646.707935993559659 ], [ -7150617.398540609516203, -7329517.985193720087409 ], [ -7150617.398540609516203, -7329453.624618959613144 ], [ -7150696.880657035857439, -7329361.626641134731472 ], [ -7150728.606711911037564, -7329324.905062142759562 ], [ -7150776.251453970558941, -7329297.267356149852276 ], [ -7150829.239531587809324, -7329260.352810644544661 ], [ -7150839.81488321442157, -7329232.908602044917643 ], [ -7150845.158218770287931, -7329085.639216018840671 ], [ -7150824.007515520788729, -7329076.555762222968042 ], [ -7150771.019437903538346, -7328984.562230293639004 ], [ -7150802.745492779649794, -7328966.202306486666203 ], [ -7150850.390234839171171, -7328984.562230293639004 ], [ -7150914.064983571879566, -7328920.206055487506092 ], [ -7150929.872351266443729, -7328883.293293870985508 ], [ -7150908.72164801415056, -7328763.859481681138277 ], [ -7150929.872351266443729, -7328763.859481681138277 ], [ -7150988.203764442354441, -7328782.21892936527729 ], [ -7150972.285077256150544, -7328634.958049600943923 ], [ -7150967.053061190061271, -7328561.52190404292196 ], [ -7150951.134374005720019, -7328506.251997699029744 ], [ -7150935.215686823241413, -7328386.630708845332265 ], [ -7151004.122451624833047, -7328368.272191939875484 ], [ -7151004.122451624833047, -7328294.838556258007884 ], [ -7150967.053061190061271, -7328267.204498638398945 ], [ -7150903.378312456421554, -7328230.294826085679233 ], [ -7150855.733570396900177, -7328184.302912984974682 ], [ -7150839.81488321442157, -7328110.871008631773293 ], [ -7150797.513476710766554, -7328092.513140518218279 ], [ -7150771.019437903538346, -7328083.237602528184652 ], [ -7150686.193985919468105, -7328129.228919931687415 ], [ -7150622.630556675605476, -7328138.504512592218816 ], [ -7150680.961969851516187, -7328027.971083907410502 ], [ -7150739.182063535787165, -7328000.5312095945701 ], [ -7150808.0888283373788, -7327982.173601075075567 ], [ -7150845.158218770287931, -7327908.550362945534289 ], [ -7150887.570944763720036, -7327853.285081567242742 ], [ -7150929.872351266443729, -7327825.652587658725679 ], [ -7150808.0888283373788, -7327761.305970602668822 ], [ -7150723.374695844016969, -7327798.213424801826477 ], [ -7150643.892579416744411, -7327834.927819458767772 ], [ -7150553.835111363790929, -7327834.927819458767772 ], [ -7150500.847033748403192, -7327825.652587658725679 ], [ -7150416.021581762470305, -7327825.652587658725679 ], [ -7150331.307449269108474, -7327798.213424801826477 ], [ -7150294.238058836199343, -7327770.581125915981829 ], [ -7150230.674629593268037, -7327724.591922343708575 ], [ -7150220.878514403477311, -7327700.824499001726508 ], [ -7150204.180590783245862, -7327660.24613865185529 ], [ -7150188.261903600767255, -7327568.26930308714509 ], [ -7150172.343216418288648, -7327558.994388245977461 ], [ -7150119.35513879917562, -7327540.637818458490074 ], [ -7150050.559693489223719, -7327549.912711479701102 ], [ -7150018.72231912240386, -7327549.912711479701102 ], [ -7149955.158889878541231, -7327522.281291850842535 ], [ -7149918.0894994456321, -7327513.006431672722101 ], [ -7149886.252125078812242, -7327402.67508636135608 ], [ -7149865.101421827450395, -7327347.606609718874097 ], [ -7149796.19465702585876, -7327246.358915885910392 ], [ -7149769.70061821769923, -7327163.661392572335899 ], [ -7149780.387289333157241, -7327016.62426905054599 ], [ -7149828.032031392678618, -7326897.025813709944487 ], [ -7149896.938796194270253, -7326740.719771814532578 ], [ -7149939.240202696062624, -7326704.010524987243116 ], [ -7150071.710396739654243, -7326722.365126814693213 ], [ -7150140.617161541245878, -7326704.010524987243116 ], [ -7150220.099277967587113, -7326639.479951791465282 ], [ -7150352.458152520470321, -7326538.434647178277373 ], [ -7150373.720175262540579, -7326464.82502912171185 ], [ -7150347.226136453449726, -7326428.117080102674663 ], [ -7150299.470074902288616, -7326409.763170343823731 ], [ -7150257.168668401427567, -7326409.763170343823731 ], [ -7150214.755942407995462, -7326372.862282414920628 ], [ -7150205.516424672678113, -7326308.914036439731717 ], [ -7150204.180590783245862, -7326299.447422197088599 ], [ -7150251.825332842767239, -7326207.486624327488244 ], [ -7150257.168668401427567, -7326170.586692863143981 ], [ -7150299.470074902288616, -7326069.547459363937378 ], [ -7150304.813410460948944, -7326069.547459363937378 ], [ -7150363.144823635928333, -7326069.547459363937378 ], [ -7150447.858956130221486, -7326023.568279515020549 ], [ -7150469.009659381583333, -7325995.942263922654092 ], [ -7150543.148440248332918, -7325922.337762704119086 ], [ -7150543.148440248332918, -7325867.279731404036283 ], [ -7150507.860161667689681, -7325844.290703465230763 ], [ -7150500.847033748403192, -7325839.654269061051309 ], [ -7150437.283604504540563, -7325793.676443661563098 ], [ -7150384.29552688729018, -7325720.267031845636666 ], [ -7150347.226136453449726, -7325646.665130616165698 ], [ -7150336.650784828700125, -7325600.688442192971706 ], [ -7150341.88280089572072, -7325481.111684738658369 ], [ -7150394.870878512971103, -7325426.056766182184219 ], [ -7150426.596933388151228, -7325426.056766182184219 ], [ -7150463.666323821991682, -7325370.809062897227705 ], [ -7150495.503698188811541, -7325315.754922458902001 ], [ -7150537.916424181312323, -7325324.833999579772353 ], [ -7150559.067127433605492, -7325223.805715291760862 ], [ -7150537.916424181312323, -7325159.480548421852291 ], [ -7150495.503698188811541, -7325122.585571847856045 ], [ -7150426.596933388151228, -7325085.883935741148889 ], [ -7150368.376839702948928, -7325049.182472229935229 ], [ -7150299.470074902288616, -7324874.36997542809695 ], [ -7150278.319371653720737, -7324846.941187672317028 ], [ -7150251.825332842767239, -7324773.347522176802158 ], [ -7150230.674629593268037, -7324718.104439222253859 ], [ -7150193.605239157564938, -7324617.084008632227778 ], [ -7150182.918568041175604, -7324589.462971308268607 ], [ -7150156.424529233016074, -7324506.793597554787993 ], [ -7150161.767864792607725, -7324460.823623706586659 ], [ -7150161.767864792607725, -7324414.85392062086612 ], [ -7150129.930490425787866, -7324304.566367239691317 ], [ -7150124.698474358767271, -7324267.675431896932423 ], [ -7150129.930490425787866, -7324185.009466477669775 ], [ -7150129.930490425787866, -7324111.422042285092175 ], [ -7150114.123122732155025, -7324056.376784876920283 ], [ -7150108.779787173494697, -7323936.823685834184289 ], [ -7150156.424529233016074, -7323808.195094453170896 ], [ -7150172.343216418288648, -7323752.958842455409467 ], [ -7150204.180590783245862, -7323661.221175777725875 ], [ -7150278.319371653720737, -7323596.71575684659183 ], [ -7150283.662707209587097, -7323569.291458804160357 ], [ -7150288.894723277539015, -7323449.745820314623415 ], [ -7150294.238058836199343, -7323413.052049745805562 ], [ -7150283.662707209587097, -7323348.741804804652929 ], [ -7150294.238058836199343, -7323247.545975753106177 ], [ -7150363.144823635928333, -7323201.583417976275086 ], [ -7150368.376839702948928, -7323137.274915348738432 ], [ -7150500.847033748403192, -7323091.313006904907525 ], [ -7150627.973892234265804, -7323082.043411107733846 ], [ -7150670.386618224903941, -7323054.620921327732503 ], [ -7150691.537321476265788, -7323036.274943221360445 ], [ -7150755.100750719197094, -7322962.698348476551473 ], [ -7150765.67610234580934, -7322907.468079523183405 ], [ -7150723.374695844016969, -7322834.08580925501883 ], [ -7150686.193985919468105, -7322778.856450326740742 ], [ -7150627.973892234265804, -7322696.206251557916403 ], [ -7150580.329150174744427, -7322640.977868197485805 ], [ -7150521.997736998833716, -7322595.018882037140429 ], [ -7150479.585011006332934, -7322530.715376581065357 ], [ -7150447.858956130221486, -7322402.109954848885536 ], [ -7150431.940268946811557, -7322300.926397670060396 ], [ -7150400.214214070700109, -7322117.293177510611713 ], [ -7150368.376839702948928, -7322016.113312182016671 ], [ -7150384.29552688729018, -7321905.859646776691079 ], [ -7150410.78956569544971, -7321841.561818242073059 ], [ -7150447.858956130221486, -7321731.310618186369538 ], [ -7150484.92834656406194, -7321712.967749999836087 ], [ -7150537.916424181312323, -7321685.356987579725683 ], [ -7150617.398540609516203, -7321676.089061248116195 ], [ -7150654.467931042425334, -7321676.089061248116195 ], [ -7150707.456008661538363, -7321685.356987579725683 ], [ -7150744.525399095378816, -7321667.014227374456823 ], [ -7150781.594789528287947, -7321630.135755717754364 ], [ -7150776.251453970558941, -7321400.566360618919134 ], [ -7150749.868734651245177, -7321354.614676993340254 ], [ -7150718.031360284425318, -7321299.395784748718143 ], [ -7150665.04328266903758, -7321225.83555952925235 ], [ -7150612.055205049924552, -7321134.127588102594018 ], [ -7150590.904501800425351, -7321115.593055278994143 ], [ -7150527.341072556562722, -7321051.301735607907176 ], [ -7150479.585011006332934, -7320987.010945415124297 ], [ -7150469.009659381583333, -7320913.453663744032383 ], [ -7150487.043416890315711, -7320826.189755999483168 ], [ -7150481.700081330724061, -7320812.48246090952307 ], [ -7150449.974026455543935, -7320761.900819693692029 ], [ -7150428.823323205113411, -7320734.293420948088169 ], [ -7150415.464984310790896, -7320706.879177545197308 ], [ -7150410.232968241907656, -7320642.398167652077973 ], [ -7150428.823323205113411, -7320582.744054944254458 ], [ -7150449.974026455543935, -7320536.797185045666993 ], [ -7150449.974026455543935, -7320504.750368646346033 ], [ -7150447.30235867574811, -7320467.87738723680377 ], [ -7150457.877710301429033, -7320403.591401604935527 ], [ -7150468.453061926178634, -7320366.911947292275727 ], [ -7150479.139733042567968, -7320334.672779755666852 ], [ -7150489.715084668248892, -7320196.837361271493137 ], [ -7150492.386752447113395, -7320137.186653132550418 ], [ -7150489.715084668248892, -7320045.298428208567202 ], [ -7150489.715084668248892, -7319939.705522069707513 ], [ -7150484.371749110519886, -7319875.423885522410274 ], [ -7150481.700081330724061, -7319824.848315289244056 ], [ -7150481.700081330724061, -7319806.509926105849445 ], [ -7150489.715084668248892, -7319737.596574995666742 ], [ -7150571.757549383677542, -7319664.051064568571746 ], [ -7150614.170275376178324, -7319659.418299705721438 ], [ -7150675.062036840245128, -7319650.345809813588858 ], [ -7150730.721782235428691, -7319650.345809813588858 ], [ -7150741.297133862040937, -7319668.683832180686295 ], [ -7150765.119504891335964, -7319755.934802305884659 ], [ -7150778.477843786589801, -7319778.905905712395906 ], [ -7150836.697937470860779, -7319746.862200253643095 ], [ -7150857.848640723153949, -7319765.200449328869581 ], [ -7150924.083737743087113, -7319838.553876386024058 ], [ -7150931.987421589903533, -7319857.0853775376454 ], [ -7150945.345760485157371, -7319898.395340509712696 ], [ -7150969.168131514452398, -7319912.101030721329153 ], [ -7151006.237521948292851, -7319880.056778565049171 ], [ -7151014.141205796040595, -7319880.056778565049171 ], [ -7151040.635244603268802, -7319880.056778565049171 ], [ -7151061.785947855561972, -7319903.028247185051441 ], [ -7151067.129283413290977, -7319921.366863087750971 ], [ -7151075.144286749884486, -7319931.404860561713576 ], [ -7151096.294990000315011, -7319958.044224129058421 ], [ -7151098.855338288471103, -7319930.439667937345803 ], [ -7151112.213677184656262, -7319893.762436582706869 ], [ -7151128.021044877357781, -7319884.496636979281902 ], [ -7151151.843415907584131, -7319893.762436582706869 ], [ -7151170.43377086892724, -7319898.395340509712696 ], [ -7151213.403094314970076, -7319939.705522069707513 ], [ -7151236.66886789072305, -7319972.715216793119907 ], [ -7151266.391171934083104, -7320013.253629332408309 ], [ -7151300.232297134585679, -7320024.256949057802558 ], [ -7151338.303562984801829, -7320057.267001286149025 ], [ -7151368.025867028161883, -7320064.602587403729558 ], [ -7151399.863241394050419, -7320075.605979503132403 ], [ -7151450.736248686909676, -7320046.263635035604239 ], [ -7151497.267795838415623, -7320046.263635035604239 ], [ -7151562.946295406669378, -7320090.27719309180975 ], [ -7151601.128880748525262, -7320119.812746178358793 ], [ -7151622.279583998955786, -7320204.17307853512466 ], [ -7151660.462169342674315, -7320255.7163389287889 ], [ -7151639.311466091312468, -7320329.267423380166292 ], [ -7151620.16451367456466, -7320391.622297570109367 ], [ -7151645.656677066348493, -7320446.8347690962255 ], [ -7151662.577239667065442, -7320461.506680347025394 ], [ -7151658.347099016420543, -7320527.723675485700369 ], [ -7151630.73986529931426, -7320586.412094028666615 ], [ -7151622.279583998955786, -7320641.625943216495216 ], [ -7151656.232028691098094, -7320685.642857983708382 ], [ -7151622.279583998955786, -7320792.211153129115701 ], [ -7151635.08132544066757, -7320847.426457899622619 ], [ -7151662.577239667065442, -7320913.453663744032383 ], [ -7151675.267661617137492, -7320998.015637710690498 ], [ -7151702.874895333312452, -7321078.910255466587842 ], [ -7151732.485879885964096, -7321104.588197235018015 ], [ -7151770.668465225957334, -7321104.588197235018015 ], [ -7151783.358887177892029, -7321159.805711503140628 ], [ -7151764.323254250921309, -7321185.483919369988143 ], [ -7151760.093113602139056, -7321248.038704078644514 ], [ -7151783.358887177892029, -7321310.400917422957718 ], [ -7151808.85105056874454, -7321358.283078777603805 ], [ -7151855.38259772118181, -7321453.855206403881311 ], [ -7151878.759690787643194, -7321501.545170322991908 ], [ -7151904.140534686855972, -7321538.229956207796931 ], [ -7151931.747768404893577, -7321619.130172278732061 ], [ -7151952.898471655324101, -7321670.682775966823101 ], [ -7151971.934104581363499, -7321711.036924278363585 ], [ -7151997.42626797221601, -7321729.379787927493453 ], [ -7152065.219837866723537, -7321821.287837990559638 ], [ -7152107.632563858292997, -7321802.944758373312652 ], [ -7152135.128478083759546, -7321788.270325712859631 ], [ -7152154.164111010730267, -7321821.287837990559638 ], [ -7152192.346696350723505, -7321872.84177678078413 ], [ -7152181.771344726905227, -7321938.877656431868672 ], [ -7152190.231626026332378, -7321979.426280414685607 ], [ -7152258.025195919908583, -7322012.444601247087121 ], [ -7152291.977640611119568, -7322052.800516376271844 ], [ -7152281.402288986369967, -7322111.693494191393256 ], [ -7152258.025195919908583, -7322159.387477259151638 ], [ -7152315.243414188735187, -7322192.59965377766639 ], [ -7152327.933836137875915, -7322188.93085989356041 ], [ -7152380.921913754194975, -7322214.612453291192651 ], [ -7152433.909991373308003, -7322254.969413631595671 ], [ -7152455.060694623738527, -7322284.513158025220037 ], [ -7152455.060694623738527, -7322291.850837366655469 ], [ -7152472.092576714232564, -7322317.532769380137324 ], [ -7152501.703561265021563, -7322343.214785889722407 ], [ -7152512.278912891633809, -7322368.896886896342039 ], [ -7152533.540935633704066, -7322424.123345202766359 ], [ -7152542.001216933131218, -7322468.150312154553831 ], [ -7152567.382060834206641, -7322530.715376581065357 ], [ -7152592.874224225990474, -7322571.073971256613731 ], [ -7152611.909857151098549, -7322622.632862280122936 ], [ -7152647.977372169494629, -7322659.322917231358588 ], [ -7152675.473286394961178, -7322681.530139535665512 ], [ -7152700.854130296036601, -7322718.220471329055727 ], [ -7152749.612067263573408, -7322747.572860943153501 ], [ -7152772.98916032910347, -7322714.551430391147733 ], [ -7152817.405637155286968, -7322699.875283876433969 ], [ -7152849.243011523969471, -7322721.889513995498419 ], [ -7152861.933433473110199, -7322762.249097138643265 ], [ -7152881.08038589078933, -7322788.125686074607074 ], [ -7152925.496862716972828, -7322795.463838847354054 ], [ -7152963.679448056966066, -7322813.80925096385181 ], [ -7152978.484940333291888, -7322891.053564431145787 ], [ -7152993.290432608686388, -7322953.428905417211354 ], [ -7152970.024659034796059, -7323015.997859690338373 ], [ -7152970.024659034796059, -7323060.028165208175778 ], [ -7153003.977103726007044, -7323093.24417408183217 ], [ -7153027.242877300828695, -7323129.936441225931048 ], [ -7153003.977103726007044, -7323210.853155738674104 ], [ -7152997.631892750039697, -7323225.530263045802712 ], [ -7153046.278510226868093, -7323251.215267241001129 ], [ -7153039.933299251832068, -7323302.778651122935116 ], [ -7153065.425462643615901, -7323313.786608657799661 ], [ -7153101.381658168509603, -7323328.463909520767629 ], [ -7153124.758751237764955, -7323343.141237984411418 ], [ -7153158.599876437336206, -7323446.076435495167971 ], [ -7153192.552321129478514, -7323475.431562353856862 ], [ -7153202.237116828560829, -7323475.431562353856862 ], [ -7153224.278376004658639, -7323475.431562353856862 ], [ -7153268.806172321550548, -7323497.447979947552085 ], [ -7153268.583533340133727, -7323502.855530611239374 ], [ -7153287.841805248521268, -7323571.029615677893162 ], [ -7153332.3696015663445, -7323596.71575684659183 ], [ -7153370.552186908200383, -7323633.603520975448191 ], [ -7153396.934906225651503, -7323673.195294246077538 ], [ -7153417.195053549483418, -7323703.323802614584565 ], [ -7153423.540264525450766, -7323644.611945093609393 ], [ -7153465.952990517020226, -7323633.603520975448191 ], [ -7153535.861630736850202, -7323670.298328415490687 ], [ -7153550.667123011313379, -7323699.654298580251634 ], [ -7153578.163037236779928, -7323725.533995429053903 ], [ -7153631.151114855892956, -7323787.916005473583937 ], [ -7153660.873418896459043, -7323813.79599498026073 ], [ -7153679.909051823429763, -7323835.813367043621838 ], [ -7153688.369333122856915, -7323857.830801213160157 ], [ -7153737.127270090393722, -7323920.407005861401558 ], [ -7153771.07971478253603, -7323942.424678667448461 ], [ -7153796.46055868268013, -7324023.349816774018109 ], [ -7153853.678776950575411, -7324027.019472995772958 ], [ -7153887.519902152009308, -7324034.358790614642203 ], [ -7153915.127135869115591, -7324004.808422249741852 ], [ -7153900.321643591858447, -7323935.08544749673456 ], [ -7153864.254128576256335, -7323901.865855885669589 ], [ -7153810.041536559350789, -7323840.448611181229353 ], [ -7153809.150980633683503, -7323839.48293509054929 ], [ -7153847.333565975539386, -7323791.585551005788147 ], [ -7153860.023987925611436, -7323758.559703346341848 ], [ -7153914.125260450877249, -7323788.688541231676936 ], [ -7153919.357276518829167, -7323791.585551005788147 ], [ -7153963.885072836652398, -7323740.212070587091148 ], [ -7153946.741871253587306, -7323707.379572236910462 ], [ -7153923.58741716761142, -7323662.959353124722838 ], [ -7153883.401080992072821, -7323600.385212484747171 ], [ -7153940.507979768328369, -7323442.407052402384579 ], [ -7154012.643009804189205, -7323390.842746100388467 ], [ -7154010.527939477935433, -7323317.455931286327541 ], [ -7154033.793713053688407, -7323251.215267241001129 ], [ -7154023.218361428007483, -7323207.183883224613965 ], [ -7154012.643009804189205, -7323144.613396375440061 ], [ -7153978.690565111115575, -7323100.582613713108003 ], [ -7153959.654932185076177, -7323045.3513691034168 ], [ -7153951.194650885649025, -7322975.443850657902658 ], [ -7153927.817557818256319, -7322946.090604136697948 ], [ -7153908.781924893148243, -7322909.399201213382185 ], [ -7153898.206573268398643, -7322795.463838847354054 ], [ -7153921.472346844151616, -7322714.551430391147733 ], [ -7153982.920705760829151, -7322637.30886356625706 ], [ -7153970.230283811688423, -7322600.618912090547383 ], [ -7153940.507979768328369, -7322541.722245343960822 ], [ -7153929.932628145441413, -7322453.474628911353648 ], [ -7153966.000143160112202, -7322380.09662657789886 ], [ -7153966.000143160112202, -7322324.870479757897556 ], [ -7153989.265916735865176, -7322273.506651946343482 ], [ -7154018.98822077922523, -7322185.26206773519516 ], [ -7154050.714275654405355, -7322126.368534866720438 ], [ -7154088.896860996261239, -7322078.674753544852138 ], [ -7154088.896860996261239, -7322041.794337015599012 ], [ -7154069.861228072084486, -7321990.432371840812266 ], [ -7154095.242071971297264, -7321931.540308883413672 ], [ -7154150.345219913870096, -7321891.185020648874342 ], [ -7154139.769868289120495, -7321799.276147621683776 ], [ -7154146.115079265087843, -7321722.04263729415834 ], [ -7154184.297664606943727, -7321644.809891109354794 ], [ -7154201.218227207660675, -7321630.135755717754364 ], [ -7154237.174422732554376, -7321597.119051944464445 ], [ -7154264.781656449660659, -7321582.445006204769015 ], [ -7154330.460156017914414, -7321505.213641151785851 ], [ -7154366.416351543739438, -7321486.871304238215089 ], [ -7154417.40067832916975, -7321457.523654823191464 ], [ -7154442.781522228382528, -7321457.523654823191464 ], [ -7154468.162366130389273, -7321440.919112580828369 ], [ -7154476.177369466051459, -7321408.67550933547318 ], [ -7154505.231756563298404, -7321349.015540756285191 ], [ -7154521.150443745777011, -7321326.0398168573156 ], [ -7154574.138521364890039, -7321312.331644052639604 ], [ -7154627.126598981209099, -7321293.989760345779359 ], [ -7154669.539324973709881, -7321303.064160581678152 ], [ -7154701.265379850752652, -7321335.307327602058649 ], [ -7154714.512399255298078, -7321367.357553750276566 ], [ -7154743.678105842322111, -7321417.943118186667562 ], [ -7154778.075828497298062, -7321440.919112580828369 ], [ -7154796.666183459572494, -7321482.237457524053752 ], [ -7154828.503557828254998, -7321519.115230472758412 ], [ -7154834.737449311651289, -7321531.086063336580992 ], [ -7154852.214609366841614, -7321564.87480351421982 ], [ -7154897.299003137275577, -7321597.119051944464445 ], [ -7154921.121374167501926, -7321666.048820136114955 ], [ -7154934.368393572047353, -7321712.002337079495192 ], [ -7154952.958748534321785, -7321790.008086034096777 ], [ -7154968.877435717731714, -7321849.864511067979038 ], [ -7154987.356471189297736, -7321891.185020648874342 ], [ -7155016.522177778184414, -7321932.505748956464231 ], [ -7155035.001213248819113, -7321955.483257931657135 ], [ -7155064.166919837705791, -7321978.460834540426731 ], [ -7155090.660958644933999, -7321983.094975833781064 ], [ -7155114.483329675160348, -7322015.147861769422889 ], [ -7155133.073684637434781, -7322052.028152405284345 ], [ -7155154.22438788972795, -7322093.349732144735754 ], [ -7155183.390094474889338, -7322116.327714582905173 ], [ -7155196.637113879434764, -7322175.993547854945064 ], [ -7155172.814742850139737, -7322221.950066924095154 ], [ -7155207.21246550604701, -7322263.272546184249222 ], [ -7155228.363168756477535, -7322281.616707551293075 ], [ -7155239.049839872866869, -7322350.552520412951708 ], [ -7155270.775894748978317, -7322368.896886896342039 ], [ -7155291.926597998477519, -7322391.875680473633111 ], [ -7155350.25801117438823, -7322414.854541697539389 ], [ -7155395.231085455045104, -7322451.736720882356167 ], [ -7155421.725124264135957, -7322456.371143155731261 ], [ -7155450.890830853022635, -7322405.778848929330707 ], [ -7155445.65881478600204, -7322368.896886896342039 ], [ -7155458.905834190547466, -7322323.132600362412632 ], [ -7155485.288553507998586, -7322327.57384848035872 ], [ -7155514.454260095022619, -7322309.229579110629857 ], [ -7155546.291634461842477, -7322332.20819703862071 ], [ -7155559.538653866387904, -7322341.476902406662703 ], [ -7155578.017689338885248, -7322277.175485581159592 ], [ -7155584.808178276754916, -7322263.465642394497991 ], [ -7155593.936376521363854, -7322244.928427923470736 ], [ -7155601.951379858888686, -7322217.315783829428256 ], [ -7155686.665512352250516, -7322175.993547854945064 ], [ -7155707.816215602681041, -7322212.681503483094275 ], [ -7155731.638586632907391, -7322221.950066924095154 ], [ -7155789.969999808818102, -7322217.315783829428256 ], [ -7155824.367722463794053, -7322217.315783829428256 ], [ -7155898.506503332406282, -7322143.940001443959773 ], [ -7155933.015545477159321, -7322019.782024842686951 ], [ -7155964.741600354202092, -7321960.117385582067072 ], [ -7155983.331955316476524, -7321955.483257931657135 ], [ -7156012.497661903500557, -7321923.237529185600579 ], [ -7156027.859751634299755, -7321913.003882640972733 ], [ -7156037.099269370548427, -7321884.620065257884562 ], [ -7156046.89538455940783, -7321865.890664053149521 ], [ -7156046.89538455940783, -7321831.521364299580455 ], [ -7156097.211794398725033, -7321592.485139784403145 ], [ -7156147.528204237110913, -7321592.485139784403145 ], [ -7156187.269262449815869, -7321555.800098928622901 ], [ -7156208.419965701177716, -7321482.237457524053752 ], [ -7156245.489356134086847, -7321431.651476451195776 ], [ -7156295.917085465043783, -7321394.967191417701542 ], [ -7156314.396120935678482, -7321381.258897574618459 ], [ -7156388.534901802428067, -7321326.0398168573156 ], [ -7156465.345350450836122, -7321330.673570855520666 ], [ -7156502.414740885607898, -7321321.40606561023742 ], [ -7156587.240192871540785, -7321211.162211699411273 ], [ -7156589.911860649473965, -7321169.845301513560116 ], [ -7156685.201344768516719, -7321077.944920956157148 ], [ -7156746.204425722360611, -7321036.62871584109962 ], [ -7156777.930480599403381, -7321013.653911340981722 ], [ -7156849.508913178928196, -7320995.312729394994676 ], [ -7156907.729006863199174, -7321059.60358795709908 ], [ -7156923.425055065192282, -7321062.692651549354196 ], [ -7156976.635771664790809, -7321073.311316971667111 ], [ -7157071.925255783833563, -7321064.237183804623783 ], [ -7157135.488685027696192, -7321054.96999485976994 ], [ -7157188.476762644015253, -7321091.845749407075346 ], [ -7157233.56115641631186, -7321137.795886276289821 ], [ -7157228.217820858582854, -7321142.23646005243063 ], [ -7157228.217820858582854, -7321206.528528642840683 ], [ -7157270.630546850152314, -7321234.13759748917073 ], [ -7157291.781250100582838, -7321293.989760345779359 ], [ -7157323.618624467402697, -7321312.331644052639604 ], [ -7157350.112663275562227, -7321266.380479818210006 ], [ -7157334.19397609308362, -7321202.087918293662369 ], [ -7157326.290292247198522, -7321142.23646005243063 ], [ -7157339.537311651743948, -7321096.286297048442066 ], [ -7157413.676092519424856, -7321077.944920956157148 ], [ -7157450.745482954196632, -7321082.57852768804878 ], [ -7157485.143205609172583, -7321045.89588301256299 ], [ -7157487.814873388037086, -7320981.605137339793146 ], [ -7157506.405228350311518, -7320921.755369497463107 ], [ -7157546.146286563016474, -7320880.439991013146937 ], [ -7157588.447693064808846, -7320875.806504259817302 ], [ -7157614.941731873899698, -7320889.70697277225554 ], [ -7157633.532086834311485, -7320944.729903535917401 ], [ -7157697.095516080036759, -7320931.022400300949812 ], [ -7157704.999199925921857, -7320921.755369497463107 ], [ -7157750.083593695424497, -7320866.732600664719939 ], [ -7157766.002280879765749, -7320866.732600664719939 ], [ -7157800.4000035347417, -7320857.465646178461611 ], [ -7157871.867116625420749, -7320921.755369497463107 ], [ -7157885.225455518811941, -7320875.806504259817302 ], [ -7157882.44246825017035, -7320806.883713498711586 ], [ -7157959.364236389286816, -7320811.517159344628453 ], [ -7157969.939588012173772, -7320811.517159344628453 ], [ -7158044.078368881717324, -7320811.517159344628453 ], [ -7158062.668723843060434, -7320783.909585135988891 ], [ -7158091.723110941238701, -7320783.909585135988891 ], [ -7158179.108911214396358, -7320788.543017346411943 ], [ -7158200.37093395460397, -7320793.176452307030559 ], [ -7158250.68734379298985, -7320779.469215181656182 ], [ -7158314.250773037783802, -7320793.176452307030559 ], [ -7158346.08814740460366, -7320793.176452307030559 ], [ -7158388.389553904533386, -7320770.202364282682538 ], [ -7158451.952983148396015, -7320802.443330477923155 ], [ -7158486.462025295011699, -7320834.491368955932558 ], [ -7158526.203083507716656, -7320848.391763903200626 ], [ -7158579.191161124967039, -7320889.70697277225554 ], [ -7158608.245548222213984, -7320908.047906602732837 ], [ -7158645.314938656054437, -7320958.630494776181877 ], [ -7158632.179238743148744, -7321013.653911340981722 ], [ -7158629.507570963352919, -7321022.921051238663495 ], [ -7158634.739587029442191, -7321041.262298051267862 ], [ -7158640.082922589033842, -7321064.237183804623783 ], [ -7158642.754590366967022, -7321110.187158159911633 ], [ -7158656.001609771512449, -7321156.137402989901602 ], [ -7158679.823980800807476, -7321174.478962798602879 ], [ -7158719.565039015375078, -7321197.454240622930229 ], [ -7158761.866445515304804, -7321229.50390079524368 ], [ -7158767.209781074896455, -7321252.479340566322207 ], [ -7158759.194777737371624, -7321289.356028124690056 ], [ -7158746.05907782446593, -7321321.40606561023742 ], [ -7158732.812058419920504, -7321330.673570855520666 ], [ -7158727.468722860328853, -7321376.62511354777962 ], [ -7158740.715742265805602, -7321408.67550933547318 ], [ -7158772.553116632625461, -7321427.210738039575517 ], [ -7158801.607503729872406, -7321454.627511190250516 ], [ -7158828.101542538963258, -7321459.261341518722475 ], [ -7158899.679975118488073, -7321482.237457524053752 ], [ -7158936.749365552328527, -7321551.166211294941604 ], [ -7158979.050772055052221, -7321597.119051944464445 ], [ -7159024.135165826417506, -7321629.363433567807078 ], [ -7159061.204556259326637, -7321689.025544790551066 ], [ -7159050.295246162451804, -7321728.800538943149149 ], [ -7159034.710517451167107, -7321785.56714375782758 ], [ -7159001.648628684692085, -7321738.840860764496028 ], [ -7158992.409110949374735, -7321725.711211749352515 ], [ -7158967.362225521355867, -7321745.984943768940866 ], [ -7158956.230276441201568, -7321748.30194506701082 ], [ -7158932.853183374740183, -7321750.812030584551394 ], [ -7158902.240323407575488, -7321739.613193745724857 ], [ -7158870.51426853146404, -7321730.345202996395528 ], [ -7158836.11654587648809, -7321730.345202996395528 ], [ -7158783.128468257375062, -7321725.711211749352515 ], [ -7158746.05907782446593, -7321730.345202996395528 ], [ -7158695.74266798608005, -7321771.665079917758703 ], [ -7158693.961556131951511, -7321775.526761837303638 ], [ -7158663.905293618328869, -7321845.230448867194355 ], [ -7158629.507570963352919, -7321877.282768710516393 ], [ -7158610.917216001078486, -7321877.282768710516393 ], [ -7158584.423177191987634, -7321877.282768710516393 ], [ -7158539.450102910399437, -7321840.596389416605234 ], [ -7158486.462025295011699, -7321845.230448867194355 ], [ -7158462.639654265716672, -7321858.939557513222098 ], [ -7158454.068053472787142, -7321858.939557513222098 ], [ -7158412.323244424536824, -7321858.939557513222098 ], [ -7158420.226928272284567, -7321923.237529185600579 ], [ -7158388.389553904533386, -7321927.871637697331607 ], [ -7158353.991831249557436, -7321927.871637697331607 ], [ -7158311.579105257987976, -7321927.871637697331607 ], [ -7158274.5097148232162, -7321932.505748956464231 ], [ -7158229.536640543490648, -7321923.237529185600579 ], [ -7158200.37093395460397, -7321918.796511112712324 ], [ -7158173.876895147375762, -7321904.894210000522435 ], [ -7158155.286540184170008, -7321895.819110129959881 ], [ -7158131.46416915487498, -7321900.260115131735802 ], [ -7158097.06644649989903, -7321932.505748956464231 ], [ -7158086.491094873286784, -7321987.729119876399636 ], [ -7158081.147759315557778, -7321992.170177169144154 ], [ -7158067.900739912874997, -7321955.483257931657135 ], [ -7158046.750036660581827, -7321941.773979732766747 ], [ -7158025.59933340921998, -7321937.139862968586385 ], [ -7158009.680646226741374, -7321946.215010878629982 ], [ -7157977.843271859921515, -7321987.729119876399636 ], [ -7157985.746955706737936, -7322065.737624241039157 ], [ -7157964.596252455376089, -7322139.305764658376575 ], [ -7157985.746955706737936, -7322171.359292039647698 ], [ -7158025.59933340921998, -7322171.359292039647698 ], [ -7158067.900739912874997, -7322166.918132801540196 ], [ -7158120.888817528262734, -7322162.283882376737893 ], [ -7158173.876895147375762, -7322171.359292039647698 ], [ -7158205.602950021624565, -7322203.606045774184167 ], [ -7158218.961288918741047, -7322254.19702965579927 ], [ -7158179.108911214396358, -7322295.519679622724652 ], [ -7158203.042601734399796, -7322323.132600362412632 ], [ -7158234.768656609579921, -7322350.552520412951708 ], [ -7158229.536640543490648, -7322497.694863420911133 ], [ -7158192.467250109650195, -7322511.405118009075522 ], [ -7158152.726191895082593, -7322571.073971256613731 ], [ -7158126.232153087854385, -7322612.591403615660965 ], [ -7158123.56048530805856, -7322662.991932210512459 ], [ -7158094.394778720103204, -7322690.606152924709022 ], [ -7158091.723110941238701, -7322722.855051826685667 ], [ -7158102.298462567850947, -7322759.545577869750559 ], [ -7158144.711188557557762, -7322791.794761599041522 ], [ -7158173.876895147375762, -7322796.236276383511722 ], [ -7158165.973211299628019, -7322883.522210235707462 ], [ -7158195.027598397806287, -7322906.502518855966628 ], [ -7158240.111992169171572, -7322925.041304526850581 ], [ -7158261.262695418670774, -7322989.348058588802814 ], [ -7158266.606030978262424, -7322998.424429906532168 ], [ -7158277.181382603012025, -7323044.385791380889714 ], [ -7158279.853050382807851, -7323067.366573609411716 ], [ -7158293.100069785490632, -7323081.27094528824091 ], [ -7158319.594108594581485, -7323122.597973996773362 ], [ -7158340.744811845012009, -7323145.578986499458551 ], [ -7158298.332085852511227, -7323177.636646374128759 ], [ -7158261.262695418670774, -7323196.17607603315264 ], [ -7158234.768656609579921, -7323214.522429977543652 ], [ -7158216.289621138945222, -7323246.580373015254736 ], [ -7158240.111992169171572, -7323306.447968577034771 ], [ -7158269.277698756195605, -7323338.506289172917604 ], [ -7158271.949366535060108, -7323384.469653244130313 ], [ -7158258.591027640737593, -7323458.050223907455802 ], [ -7158271.949366535060108, -7323526.996427482925355 ], [ -7158282.524718160741031, -7323540.708490157499909 ], [ -7158245.455327725969255, -7323549.978630681522191 ], [ -7158200.37093395460397, -7323554.420576917938888 ], [ -7158192.467250109650195, -7323563.690733727999032 ], [ -7158181.780578992329538, -7323623.367631779052317 ], [ -7158165.973211299628019, -7323683.238117447122931 ], [ -7158163.301543521694839, -7323747.551118512637913 ], [ -7158157.958207962103188, -7323811.864649516530335 ], [ -7158147.38285633828491, -7323876.1787104671821 ], [ -7158128.792501375079155, -7323894.526662854477763 ], [ -7158104.970130345784128, -7323894.526662854477763 ], [ -7158062.668723843060434, -7323880.813978576101363 ], [ -7158033.503017256967723, -7323871.543445109389722 ], [ -7158004.337310667149723, -7323935.857997823506594 ], [ -7157999.10529460106045, -7324009.443766752257943 ], [ -7157980.514939638786018, -7324046.140341222286224 ], [ -7157956.692568607628345, -7324101.378668120130897 ], [ -7157935.430545867420733, -7324101.378668120130897 ], [ -7157906.376158770173788, -7324096.743269018828869 ], [ -7157877.21045218128711, -7324101.378668120130897 ], [ -7157834.797726190648973, -7324106.014069975353777 ], [ -7157805.743339093402028, -7324124.362562666647136 ], [ -7157797.728335756808519, -7324184.043747756630182 ], [ -7157781.809648572467268, -7324202.585568078793585 ], [ -7157752.755261475220323, -7324257.63185666128993 ], [ -7157742.068590359762311, -7324321.949590932577848 ], [ -7157742.068590359762311, -7324390.903426294215024 ], [ -7157766.002280879765749, -7324418.523760923184454 ], [ -7157816.318690717220306, -7324390.903426294215024 ], [ -7157824.222374565899372, -7324386.267855237238109 ], [ -7157856.059748931787908, -7324372.554306978359818 ], [ -7157911.608174837194383, -7324400.174576669000089 ], [ -7157954.020900829695165, -7324367.91874681878835 ], [ -7157948.677565271966159, -7324312.871680395677686 ], [ -7157972.61125579290092, -7324303.600633725523949 ], [ -7158022.9276656312868, -7324340.298591276630759 ], [ -7158054.65372050832957, -7324308.236155685037374 ], [ -7158081.147759315557778, -7324303.600633725523949 ], [ -7158102.298462567850947, -7324257.63185666128993 ], [ -7158131.46416915487498, -7324197.950108868069947 ], [ -7158192.467250109650195, -7324197.950108868069947 ], [ -7158212.504758452065289, -7324182.11231067404151 ], [ -7158221.521637205965817, -7324174.9659976195544 ], [ -7158314.250773037783802, -7324142.711098496802151 ], [ -7158340.744811845012009, -7324184.043747756630182 ], [ -7158343.193840643391013, -7324207.027885738760233 ], [ -7158346.08814740460366, -7324234.647569657303393 ], [ -7158404.308241088874638, -7324211.663350339978933 ], [ -7158406.979908868670464, -7324188.679198707453907 ], [ -7158396.738515716046095, -7324132.08825670555234 ], [ -7158393.732889464125037, -7324115.091739916242659 ], [ -7158415.106231695972383, -7324103.503226961940527 ], [ -7158436.145615455694497, -7324092.107872668653727 ], [ -7158478.447021956555545, -7324106.014069975353777 ], [ -7158550.025454537011683, -7324110.649474582634866 ], [ -7158568.504490009509027, -7324133.633396431803703 ], [ -7158523.53141572792083, -7324165.69511475879699 ], [ -7158547.35378675814718, -7324230.012091405689716 ], [ -7158534.106767354533076, -7324280.616211350075901 ], [ -7158515.516412390395999, -7324363.283189412206411 ], [ -7158478.447021956555545, -7324487.478449510410428 ], [ -7158502.380712477490306, -7324519.541621449403465 ], [ -7158550.025454537011683, -7324579.418981972150505 ], [ -7158552.697122314944863, -7324588.497202540747821 ], [ -7158531.435099575668573, -7324689.710419354029 ], [ -7158507.612728543579578, -7324740.317519979551435 ], [ -7158512.956064103171229, -7324786.09598146751523 ], [ -7158581.751509414054453, -7324827.625197801738977 ], [ -7158640.082922589033842, -7324868.961474437266588 ], [ -7158671.808977466076612, -7324924.012463170103729 ], [ -7158706.318019610829651, -7325075.839307520538568 ], [ -7158661.233625840395689, -7325117.176898840814829 ], [ -7158693.071000205352902, -7325167.59360331390053 ], [ -7158764.538113296963274, -7325264.178237974643707 ], [ -7158799.047155441716313, -7325236.554910416714847 ], [ -7158743.387410045601428, -7325181.50171703658998 ], [ -7158751.291093890555203, -7325103.268899750895798 ], [ -7158788.360484325326979, -7325057.29541246406734 ], [ -7158812.182855356484652, -7324997.607549399137497 ], [ -7158852.035233058966696, -7324919.569737395271659 ], [ -7158883.761287936009467, -7324887.311760870739818 ], [ -7158923.502346147783101, -7324850.611231151036918 ], [ -7158968.475420429371297, -7324790.731790007092059 ], [ -7158989.737443171441555, -7324767.745933013036847 ], [ -7159005.544810862280428, -7324749.395927704870701 ], [ -7159055.972540193237364, -7324740.317519979551435 ], [ -7159074.451575663872063, -7324740.317519979551435 ], [ -7159108.849298318848014, -7324749.395927704870701 ], [ -7159167.180711494758725, -7324804.639232152141631 ], [ -7159212.26510526612401, -7324809.081892504356802 ], [ -7159236.08747629635036, -7324795.367601302452385 ], [ -7159251.672205006703734, -7324797.106031246483326 ], [ -7159275.828534509055316, -7324800.00341534987092 ], [ -7159331.376960415393114, -7324841.339545687660575 ], [ -7159315.458273231051862, -7324946.998780405148864 ], [ -7159249.334495700895786, -7324997.607549399137497 ], [ -7159217.497121332213283, -7325048.216646573506296 ], [ -7159185.771066457033157, -7325103.268899750895798 ], [ -7159145.918688752688468, -7325186.137760452926159 ], [ -7159145.918688752688468, -7325268.814330502413213 ], [ -7159119.535969435237348, -7325328.504267794080079 ], [ -7159106.288950030691922, -7325397.466996771283448 ], [ -7159087.69859506841749, -7325461.794125225394964 ], [ -7159077.123243442736566, -7325530.758032042533159 ], [ -7159111.520966097712517, -7325590.643151365220547 ], [ -7159156.605359869077802, -7325595.086259174160659 ], [ -7159185.771066457033157, -7325581.370586692355573 ], [ -7159241.319492363370955, -7325586.006867649964988 ], [ -7159275.828534509055316, -7325604.358840141445398 ], [ -7159315.458273231051862, -7325627.347161307930946 ], [ -7159286.403886133804917, -7325677.960342374630272 ], [ -7159206.921769709326327, -7325710.028405596502125 ], [ -7159196.346418083645403, -7325756.00573818385601 ], [ -7159243.99116014316678, -7325778.994506055489182 ], [ -7159299.650905540212989, -7325907.65558304451406 ], [ -7159315.458273231051862, -7325953.634079962968826 ], [ -7159365.774683070369065, -7326004.249377210624516 ], [ -7159402.955392993986607, -7326045.591886481270194 ], [ -7159442.696451208554208, -7326096.207780159078538 ], [ -7159498.244877113960683, -7326165.177293488755822 ], [ -7159530.082251480780542, -7326206.5206553125754 ], [ -7159585.63067738711834, -7326330.552054970525205 ], [ -7159583.070329098962247, -7326372.089490816928446 ], [ -7159575.055325760506094, -7326450.141828793101013 ], [ -7159583.070329098962247, -7326482.406265856698155 ], [ -7159604.221032349392772, -7326491.486700344830751 ], [ -7159622.811387311667204, -7326528.388149204663932 ], [ -7159641.290422784164548, -7326574.370303493924439 ], [ -7159675.799464928917587, -7326578.813971416093409 ], [ -7159673.127797150984406, -7326601.805163259617984 ], [ -7159659.880777745507658, -7326657.061582019552588 ], [ -7159659.880777745507658, -7326698.4075498720631 ], [ -7159707.525519805960357, -7326707.681441901251674 ], [ -7159718.100871430709958, -7326689.133668866939843 ], [ -7159736.69122639298439, -7326647.7877501482144 ], [ -7159771.088949047960341, -7326606.442050491459668 ], [ -7159792.350971790030599, -7326592.724600402638316 ], [ -7159816.173342819325626, -7326578.813971416093409 ], [ -7159842.667381628416479, -7326574.370303493924439 ], [ -7159871.721768726594746, -7326597.361482242122293 ], [ -7159884.96878813020885, -7326624.796422834508121 ], [ -7159906.230810871347785, -7326643.34404294937849 ], [ -7159932.724849680438638, -7326666.142219738103449 ], [ -7159945.860549593344331, -7326680.053004393354058 ], [ -7159990.944943364709616, -7326739.753736791200936 ], [ -7160022.782317733392119, -7326767.382385665550828 ], [ -7160059.85170816630125, -7326758.108422690071166 ], [ -7160094.249430821277201, -7326836.357831124216318 ], [ -7160099.59276637993753, -7326891.422700006514788 ], [ -7160081.002411416731775, -7326955.955356650985777 ], [ -7160078.330743637867272, -7327029.376393433660269 ], [ -7160131.318821255117655, -7327020.29533302411437 ], [ -7160147.237508439458907, -7326877.704748960211873 ], [ -7160176.403215027414262, -7326882.341800137422979 ], [ -7160176.403215027414262, -7326983.391557977534831 ], [ -7160194.882250498980284, -7327020.29533302411437 ], [ -7160224.047957086935639, -7326974.310551083646715 ], [ -7160300.858405732549727, -7326955.955356650985777 ], [ -7160359.078499417752028, -7326951.318261730484664 ], [ -7160390.915873784571886, -7326946.68116956576705 ], [ -7160457.15097080823034, -7326946.68116956576705 ], [ -7160549.323509183712304, -7326954.023233432322741 ], [ -7160562.23657011706382, -7326966.38883029576391 ], [ -7160627.915069683454931, -7326982.811918924562633 ], [ -7160658.41661016177386, -7326997.302908182144165 ], [ -7160735.227058810181916, -7327066.280385949648917 ], [ -7160777.63978479988873, -7327153.614089631475508 ], [ -7160774.96811702195555, -7327300.653794459067285 ], [ -7160745.802410434931517, -7327438.614722800441086 ], [ -7160706.172671711072326, -7327516.677729175426066 ], [ -7160661.088277940638363, -7327535.227469285018742 ], [ -7160629.362223064526916, -7327631.648182881996036 ], [ -7160584.277829294092953, -7327714.543897137977183 ], [ -7160568.359142109751701, -7327764.977384929545224 ], [ -7160549.88010663818568, -7327907.58418333530426 ], [ -7160581.60616151522845, -7327971.932006668299437 ], [ -7160631.92257135361433, -7328013.284941989928484 ], [ -7160690.253984528593719, -7328013.284941989928484 ], [ -7160674.335297346115112, -7327916.859512524679303 ], [ -7160674.335297346115112, -7327861.594172297976911 ], [ -7160732.666710522025824, -7327879.951497139409184 ], [ -7160745.802410434931517, -7327810.966826523654163 ], [ -7160801.46215583011508, -7327718.988214381039143 ], [ -7160867.697252852842212, -7327686.911894537508488 ], [ -7160809.477159168571234, -7327797.247258855029941 ], [ -7160782.983120359480381, -7327912.221846551634371 ], [ -7160886.176288325339556, -7327958.212155982851982 ], [ -7160976.345075868070126, -7327925.941616374067962 ], [ -7161013.414466301910579, -7327916.859512524679303 ], [ -7161063.730876139365137, -7327907.58418333530426 ], [ -7161182.954050779342651, -7328008.647218707017601 ], [ -7161227.927125059999526, -7328017.922668031416833 ], [ -7161296.833889860659838, -7328017.922668031416833 ], [ -7161352.382315767928958, -7328022.560396825894713 ], [ -7161397.466709539294243, -7328022.560396825894713 ], [ -7161461.030138781294227, -7328045.555842825211585 ], [ -7161487.524177590385079, -7328050.193588046357036 ], [ -7161529.936903581023216, -7328105.267023257911205 ], [ -7161508.674880840815604, -7328266.238274619914591 ], [ -7161476.948825965635478, -7328376.58183108177036 ], [ -7161458.358471003361046, -7328422.574877544306219 ], [ -7161455.686803223565221, -7328514.561783785931766 ], [ -7161466.373474339023232, -7328555.917595003731549 ], [ -7161498.09952921513468, -7328569.638496683910489 ], [ -7161508.674880840815604, -7328634.185033943504095 ], [ -7161498.09952921513468, -7328689.262591233476996 ], [ -7161500.771196995861828, -7328739.895636011846364 ], [ -7161540.512255207635462, -7328762.893196157179773 ], [ -7161559.10261017177254, -7328817.971661988645792 ], [ -7161559.10261017177254, -7328840.969452260062099 ], [ -7161516.689884178340435, -7328873.243776448071003 ], [ -7161567.006294016726315, -7328946.876117574982345 ], [ -7161598.732348892837763, -7328928.323021256364882 ], [ -7161625.226387700997293, -7328914.601488814689219 ], [ -7161654.392094288952649, -7328919.239750602282584 ], [ -7161715.395175243727863, -7328928.323021256364882 ], [ -7161747.121230120770633, -7328932.961291199550033 ], [ -7161826.603346547111869, -7328928.323021256364882 ], [ -7161874.248088606633246, -7328919.239750602282584 ], [ -7161924.564498445019126, -7328914.601488814689219 ], [ -7161969.648892215453088, -7328919.239750602282584 ], [ -7162059.70636026840657, -7328914.601488814689219 ], [ -7162120.598121732473373, -7328937.599563901312649 ], [ -7162215.998925341293216, -7328974.319320105947554 ], [ -7162260.97199962195009, -7328992.87252579908818 ], [ -7162287.466038431040943, -7329034.230872271582484 ], [ -7162260.97199962195009, -7329066.312731267884374 ], [ -7162250.396647996269166, -7329093.949619178660214 ], [ -7162306.056393393315375, -7329080.227795463986695 ], [ -7162321.863761086016893, -7329116.94822290726006 ], [ -7162345.686132115311921, -7329172.222455338574946 ], [ -7162380.195174261927605, -7329199.66645048186183 ], [ -7162430.511584099382162, -7329236.580708867870271 ], [ -7162501.978697188198566, -7329250.302807561121881 ], [ -7162536.487739335745573, -7329250.302807561121881 ], [ -7162584.13248139526695, -7329250.302807561121881 ], [ -7162660.94293004181236, -7329296.301004564389586 ], [ -7162700.683988255448639, -7329264.024930385872722 ], [ -7162700.683988255448639, -7329176.667602929286659 ], [ -7162753.672065872699022, -7329185.944440841674805 ], [ -7162796.084791865199804, -7329172.222455338574946 ], [ -7162904.621295387856662, -7329144.58529017586261 ], [ -7163005.254115066491067, -7329126.224989817477763 ], [ -7163074.160879868082702, -7329130.670111205428839 ], [ -7163129.820625262334943, -7329112.309843588620424 ], [ -7163082.064563713036478, -7329167.58404316008091 ], [ -7162994.678763439878821, -7329185.944440841674805 ], [ -7162978.76007625553757, -7329268.663399896584451 ], [ -7163021.172802248969674, -7329277.940347191877663 ], [ -7163084.73623149190098, -7329282.578824976459146 ], [ -7163100.65491867531091, -7329333.022448935545981 ], [ -7163127.14895748347044, -7329374.382598494179547 ], [ -7163145.739312447607517, -7329383.6596714919433 ], [ -7163145.739312447607517, -7329411.297683507204056 ], [ -7163121.805621927604079, -7329503.296247016638517 ], [ -7163132.38097355235368, -7329540.018665624782443 ], [ -7163132.38097355235368, -7329590.657231624238193 ], [ -7163105.998254233039916, -7329636.657435237430036 ], [ -7163087.407899270765483, -7329668.741771417669952 ], [ -7163066.257196019403636, -7329682.657910062931478 ], [ -7163090.079567050561309, -7329733.104120718315244 ], [ -7163140.395976888015866, -7329724.019913111813366 ], [ -7163195.944402794353664, -7329710.103700693696737 ], [ -7163227.781777162104845, -7329678.019194423221052 ], [ -7163233.125112718902528, -7329632.018746946938336 ], [ -7163294.016874183900654, -7329576.741257074289024 ], [ -7163365.483987272717059, -7329599.74128395691514 ], [ -7163386.746010014787316, -7329618.295976903289557 ], [ -7163452.981107035651803, -7329618.295976903289557 ], [ -7163484.707161911763251, -7329655.018936783075333 ], [ -7163548.270591154694557, -7329682.657910062931478 ], [ -7163601.258668772876263, -7329710.103700693696737 ], [ -7163686.084120756015182, -7329737.742869108915329 ], [ -7163752.319217779673636, -7329783.743939926847816 ], [ -7163837.033350272104144, -7329797.660283694975078 ], [ -7163890.021427891217172, -7329820.660961836576462 ], [ -7163969.392224824987352, -7329857.384874222800136 ], [ -7164001.229599192738533, -7329885.024564393796027 ], [ -7164048.87434125225991, -7329894.108959464356303 ], [ -7164149.618480420671403, -7329908.02550008893013 ], [ -7164199.934890259057283, -7329931.026503594592214 ], [ -7164289.992358311079443, -7329935.472083521075547 ], [ -7164305.911045493558049, -7329917.109921944327652 ], [ -7164356.116135843098164, -7329880.385728435590863 ], [ -7164387.953510208055377, -7329829.745281967334449 ], [ -7164393.96476271096617, -7329809.837104852311313 ], [ -7164425.022900643758476, -7329705.658249178901315 ], [ -7164425.022900643758476, -7329678.019194423221052 ], [ -7164422.462552353739738, -7329595.295895324088633 ], [ -7164422.462552353739738, -7329498.657638013362885 ], [ -7164406.543865170329809, -7329480.296504439786077 ], [ -7164403.872197392396629, -7329443.381092973053455 ], [ -7164406.543865170329809, -7329420.38152701407671 ], [ -7164390.625177987851202, -7329342.299472753889859 ], [ -7164364.131139177829027, -7329310.023208289407194 ], [ -7164345.54078421741724, -7329282.578824976459146 ], [ -7164340.308768148534, -7329236.580708867870271 ], [ -7164353.555787554942071, -7329199.66645048186183 ], [ -7164387.953510208055377, -7329153.668823169544339 ], [ -7164406.543865170329809, -7329144.58529017586261 ], [ -7164438.26992004737258, -7329121.58660498354584 ], [ -7164491.25799766369164, -7329075.589437973685563 ], [ -7164520.423704253509641, -7329057.22929997369647 ], [ -7164522.761413559317589, -7329055.683185061439872 ], [ -7164557.493094687350094, -7329034.230872271582484 ], [ -7164575.972130157984793, -7328997.317571212537587 ], [ -7164599.905820679850876, -7328937.599563901312649 ], [ -7164600.685057113878429, -7328935.666949939914048 ], [ -7164615.824507862329483, -7328900.879980503581464 ], [ -7164628.180971341207623, -7328877.108973923139274 ], [ -7164644.878894958645105, -7328845.607670277357101 ], [ -7164681.948285394348204, -7328831.886283297091722 ], [ -7164734.936363010667264, -7328831.886283297091722 ], [ -7164777.349089003168046, -7328854.884114581160247 ], [ -7164799.50166767090559, -7328865.513387237675488 ], [ -7164854.159537649713457, -7328891.603481516242027 ], [ -7164989.190079983323812, -7328831.886283297091722 ], [ -7165050.193160937167704, -7328868.605542002245784 ], [ -7165092.494567438960075, -7328923.878015146590769 ], [ -7165103.18123855534941, -7329070.951083241961896 ], [ -7165132.346945142373443, -7329135.308501436375082 ], [ -7165132.346945142373443, -7329204.304881731048226 ], [ -7165132.346945142373443, -7329222.665365827269852 ], [ -7165129.67527736350894, -7329356.021757375448942 ], [ -7165134.90729343239218, -7329388.298212124966085 ], [ -7165134.90729343239218, -7329406.659129199571908 ], [ -7165134.90729343239218, -7329438.935793424956501 ], [ -7165134.90729343239218, -7329512.380197634920478 ], [ -7165137.578961211256683, -7329590.657231624238193 ], [ -7165124.331941807642579, -7329636.657435237430036 ], [ -7165148.154312836006284, -7329678.019194423221052 ], [ -7165177.320019423030317, -7329696.380793308839202 ], [ -7165219.732745416462421, -7329737.742869108915329 ], [ -7165254.130468071438372, -7329756.10460854973644 ], [ -7165291.199858504347503, -7329774.659673358313739 ], [ -7165315.022229535505176, -7329742.381620257161558 ], [ -7165288.528190726414323, -7329719.381172880530357 ], [ -7165277.952839101664722, -7329682.657910062931478 ], [ -7165315.022229535505176, -7329609.018624914810061 ], [ -7165346.859603902325034, -7329609.018624914810061 ], [ -7165383.92899433709681, -7329581.379912499338388 ], [ -7165420.998384770005941, -7329581.379912499338388 ], [ -7165447.492423579096794, -7329595.295895324088633 ], [ -7165481.890146234072745, -7329627.380061415955424 ], [ -7165503.15216897521168, -7329655.018936783075333 ], [ -7165516.399188378825784, -7329655.018936783075333 ], [ -7165532.206556073389947, -7329673.380481540225446 ], [ -7165548.125243255868554, -7329627.380061415955424 ], [ -7165590.537969249300659, -7329618.295976903289557 ], [ -7165640.854379086755216, -7329636.657435237430036 ], [ -7165650.761813768185675, -7329641.489405140280724 ], [ -7165684.380299986340106, -7329673.960320502519608 ], [ -7165702.302738005295396, -7329660.624035338871181 ], [ -7165717.664827735163271, -7329664.29634346999228 ], [ -7165757.405885947868228, -7329668.741771417669952 ], [ -7165797.146944159641862, -7329673.380481540225446 ], [ -7165834.216334596276283, -7329645.741541127674282 ], [ -7165858.038705624639988, -7329636.657435237430036 ], [ -7165873.957392808049917, -7329595.295895324088633 ], [ -7165884.532744433730841, -7329581.379912499338388 ], [ -7165903.123099396005273, -7329576.741257074289024 ], [ -7165918.930467088706791, -7329567.65723152179271 ], [ -7165929.617138205096126, -7329572.295881546102464 ], [ -7165966.686528638005257, -7329590.657231624238193 ], [ -7165985.165564110502601, -7329609.018624914810061 ], [ -7166006.427586851641536, -7329632.018746946938336 ], [ -7166022.234954545274377, -7329650.380237577483058 ], [ -7166072.662683873437345, -7329719.381172880530357 ], [ -7166093.813387125730515, -7329756.10460854973644 ], [ -7166099.156722681596875, -7329797.660283694975078 ], [ -7166118.637633573263884, -7329668.741771417669952 ], [ -7166102.83026587869972, -7329613.657299528829753 ], [ -7166108.062281946651638, -7329576.741257074289024 ], [ -7166176.969046748243272, -7329484.741827554069459 ], [ -7166203.463085557334125, -7329484.741827554069459 ], [ -7166251.107827614992857, -7329484.741827554069459 ], [ -7166288.177218049764633, -7329466.380726728588343 ], [ -7166304.095905234105885, -7329383.6596714919433 ], [ -7166309.32792130112648, -7329319.30020476039499 ], [ -7166362.315998916514218, -7329245.664348962716758 ], [ -7166384.691216566599905, -7329245.664348962716758 ], [ -7166441.798115344718099, -7329245.664348962716758 ], [ -7166463.060138084925711, -7329310.023208289407194 ], [ -7166483.097646428272128, -7329323.938707133755088 ], [ -7166516.048215704038739, -7329346.744717242196202 ], [ -7166648.407090256921947, -7329328.383941161446273 ], [ -7166674.901129065081477, -7329273.301872166804969 ], [ -7166656.756052065640688, -7329194.448218618519604 ], [ -7166653.750425816513598, -7329181.306020508520305 ], [ -7166680.244464623741806, -7329107.671467027626932 ], [ -7166733.232542240992188, -7329061.674382052384317 ], [ -7166746.702200627885759, -7329064.959879129193723 ], [ -7166770.301932675763965, -7329070.951083241961896 ], [ -7166828.522026360966265, -7329080.034530515782535 ], [ -7166870.934752352535725, -7329070.951083241961896 ], [ -7166908.004142786376178, -7329024.954214738681912 ], [ -7166934.498181596398354, -7329034.037608460523188 ], [ -7166908.004142786376178, -7329126.031723727472126 ], [ -7166913.347478345967829, -7329227.303810748271644 ], [ -7166934.498181596398354, -7329264.024930385872722 ], [ -7166955.760204338468611, -7329300.939493265934289 ], [ -7167019.323633580468595, -7329282.385555014945567 ], [ -7167035.131001272238791, -7329218.026923660188913 ], [ -7167093.46241444721818, -7329245.664348962716758 ], [ -7167114.613117698580027, -7329383.6596714919433 ], [ -7167199.438569683581591, -7329429.65865470468998 ], [ -7167220.589272933080792, -7329429.65865470468998 ], [ -7167252.426647301763296, -7329402.020577649585903 ], [ -7167443.116935029625893, -7329300.939493265934289 ], [ -7167448.34895109757781, -7329135.308501436375082 ], [ -7167580.819145141169429, -7329024.954214738681912 ], [ -7167527.831067523919046, -7328942.237839357927442 ], [ -7167490.76167708914727, -7328905.32497351244092 ], [ -7167527.831067523919046, -7328886.965236158110201 ], [ -7167596.737832325510681, -7328877.68875371105969 ], [ -7167670.87661319412291, -7328886.965236158110201 ], [ -7167729.208026369102299, -7328767.338110555894673 ], [ -7167798.003471679985523, -7328739.895636011846364 ], [ -7167877.485588106326759, -7328666.265248105861247 ], [ -7167967.543056156486273, -7328666.265248105861247 ], [ -7168077.638032551854849, -7328595.534348691813648 ], [ -7168120.162078034132719, -7328585.09869649913162 ], [ -7168193.187663996592164, -7328479.583441657945514 ], [ -7168239.162613692693412, -7328450.595984125509858 ], [ -7168354.266967173665762, -7328427.212846855632961 ], [ -7168359.610302731394768, -7328546.641506129875779 ], [ -7168296.046873488463461, -7328583.552675138227642 ], [ -7168306.622225114144385, -7328656.989028048701584 ], [ -7168327.772928363643587, -7328721.343031846918166 ], [ -7168386.104341538622975, -7328822.609866335056722 ], [ -7168396.679693165235221, -7328960.597706775180995 ], [ -7168359.610302731394768, -7329061.674382052384317 ], [ -7168311.85424118116498, -7329162.945633739233017 ], [ -7168211.221421503461897, -7329291.662518625147641 ], [ -7168121.163953453302383, -7329356.021757375448942 ], [ -7168025.874469332396984, -7329411.297683507204056 ], [ -7167962.199720598757267, -7329466.380726728588343 ], [ -7167903.979626914486289, -7329668.741771417669952 ], [ -7167956.967704531736672, -7329742.381620257161558 ], [ -7168031.106485400348902, -7329852.746054697781801 ], [ -7168126.507289009168744, -7329917.109921944327652 ], [ -7168158.233343886211514, -7330027.476828063838184 ], [ -7168163.57667944394052, -7330137.845295458100736 ], [ -7168280.12818630412221, -7330202.21151473838836 ], [ -7168380.761005982756615, -7330220.574347323738039 ], [ -7168396.679693165235221, -7330257.493436270393431 ], [ -7168417.830396415665746, -7330349.501978376880288 ], [ -7168338.34827998932451, -7330524.243877541273832 ], [ -7168248.290811937302351, -7330560.971101882867515 ], [ -7168274.784850747324526, -7330606.977026836946607 ], [ -7168311.85424118116498, -7330634.619372721761465 ], [ -7168280.12818630412221, -7330717.353692514821887 ], [ -7168264.209499121643603, -7330809.367658111266792 ], [ -7168306.622225114144385, -7330892.103831102140248 ], [ -7168370.185654356144369, -7330947.390641359612346 ], [ -7168433.749083598144352, -7330993.398845088668168 ], [ -7168645.590074580162764, -7331131.425084256567061 ], [ -7168735.647542629390955, -7331232.529887408018112 ], [ -7168815.129659057594836, -7331232.529887408018112 ], [ -7168942.256517543457448, -7331260.174449841491878 ], [ -7169043.000656711868942, -7331333.829321663826704 ], [ -7169122.482773138210177, -7331425.850558589212596 ], [ -7169186.046202380210161, -7331453.302482332102954 ], [ -7169223.115592814981937, -7331453.302482332102954 ], [ -7169297.254373683594167, -7331453.302482332102954 ], [ -7169413.805880544707179, -7331398.205409063026309 ], [ -7169429.724567727185786, -7331342.91540390253067 ], [ -7169491.395565625280142, -7331249.155276851728559 ], [ -7169514.438700219616294, -7331214.164672812446952 ], [ -7169588.577481090091169, -7331159.069288423284888 ], [ -7169742.198378384113312, -7331168.15516712795943 ], [ -7169776.930059510283172, -7331264.620787210762501 ], [ -7169795.186456000432372, -7331315.463868597522378 ], [ -7169832.255846435204148, -7331434.936748006381094 ], [ -7169842.94251755066216, -7331563.691122747957706 ], [ -7169827.023830368183553, -7331674.081325207836926 ], [ -7169774.03575275093317, -7331793.753029068000615 ], [ -7169678.634949140250683, -7331812.119608148001134 ], [ -7169578.002129463478923, -7331867.41293884627521 ], [ -7169493.28799696918577, -7331904.146487098187208 ], [ -7169434.956583793275058, -7331977.807439260184765 ], [ -7169360.817802925594151, -7331968.527281008660793 ], [ -7169223.115592814981937, -7331968.527281008660793 ], [ -7169164.784179638139904, -7331931.793429599143565 ], [ -7169106.564085953868926, -7331950.160333681851625 ], [ -7169111.796102021820843, -7332124.938089855015278 ], [ -7169106.564085953868926, -7332262.984350970946252 ], [ -7169016.506617902778089, -7332391.752393291331828 ], [ -7168915.873798226006329, -7332603.470236462540925 ], [ -7168963.518540285527706, -7332723.156198815442622 ], [ -7169064.151359962299466, -7332879.58213934674859 ], [ -7169186.046202380210161, -7333008.360360508784652 ], [ -7169254.841647690162063, -7333155.510450013913214 ], [ -7169461.450622604228556, -7333210.813303812406957 ], [ -7169546.276074588298798, -7333275.204882857389748 ], [ -7169599.264152205549181, -7333265.92318101786077 ], [ -7169630.990207080729306, -7333394.901152410544455 ], [ -7169726.391010689549148, -7333496.035296376794577 ], [ -7169758.117065566591918, -7333597.364128503017128 ], [ -7169736.966362316161394, -7333680.129876461811364 ], [ -7169736.966362316161394, -7333726.154200376942754 ], [ -7169710.472323507070541, -7333735.436449873261154 ], [ -7169641.565558705478907, -7333716.871961927972734 ], [ -7169668.059597514569759, -7333818.203662910498679 ], [ -7169774.03575275093317, -7333882.600256237201393 ], [ -7169827.023830368183553, -7333808.921314920298755 ], [ -7169864.093220802024007, -7333753.807601233944297 ], [ -7169922.424633977003396, -7333836.57500920817256 ], [ -7169948.918672787956893, -7333864.228801538236439 ], [ -7170012.482102029956877, -7333891.882691908627748 ], [ -7170049.551492462866008, -7333928.625774841755629 ], [ -7170065.358860155567527, -7333956.279893525876105 ], [ -7170081.277547339908779, -7333965.369030863977969 ], [ -7170091.852898966521025, -7334020.677626811899245 ], [ -7170044.208156906999648, -7334020.677626811899245 ], [ -7170065.358860155567527, -7334103.447866650298238 ], [ -7170118.346937773749232, -7334131.10260515473783 ], [ -7170203.172389757819474, -7334112.730565146543086 ], [ -7170287.886522252112627, -7334158.757441711612046 ], [ -7170335.642583803273737, -7334213.874016797170043 ], [ -7170399.206013045273721, -7334278.273876872844994 ], [ -7170362.136622611433268, -7334361.240246128290892 ], [ -7170309.148544994182885, -7334434.731007253751159 ], [ -7170367.368638678453863, -7334499.132690880447626 ], [ -7170441.507419547066092, -7334554.445071871392429 ], [ -7170483.920145537704229, -7334600.474555080756545 ], [ -7170542.140239223837852, -7334600.474555080756545 ], [ -7170611.047004023566842, -7334655.594251620583236 ], [ -7170727.598510884679854, -7334793.685306999832392 ], [ -7170844.150017745792866, -7334922.688543734140694 ], [ -7170923.632134172134101, -7334968.526789299212396 ], [ -7170971.276876231655478, -7335033.126293137669563 ], [ -7171034.840305475518107, -7335051.500501248054206 ], [ -7171093.171718651428819, -7335051.500501248054206 ], [ -7171146.159796266816556, -7335060.590914951637387 ], [ -7171177.885851143859327, -7335125.191181323491037 ], [ -7171246.792615945450962, -7335272.381211815401912 ], [ -7171294.437358004972339, -7335272.381211815401912 ], [ -7171326.274732371792197, -7335207.973143128678203 ], [ -7171400.413513240404427, -7335207.973143128678203 ], [ -7171442.826239232905209, -7335263.097133070230484 ], [ -7171474.552294109947979, -7335235.63179815467447 ], [ -7171535.555375063791871, -7335186.117072522640228 ], [ -7171554.03441053442657, -7335171.030617034062743 ], [ -7171601.679152593947947, -7335198.689141051843762 ], [ -7171609.24887796677649, -7335255.747245233505964 ], [ -7171617.597839778289199, -7335318.414932177402079 ], [ -7171575.185113785788417, -7335318.414932177402079 ], [ -7171649.323894653469324, -7335392.108134183101356 ], [ -7171607.022488152608275, -7335438.142561213113368 ], [ -7171617.597839778289199, -7335465.60860928054899 ], [ -7171686.504604578949511, -7335456.51772350538522 ], [ -7171712.998643387109041, -7335465.60860928054899 ], [ -7171702.31197227165103, -7335520.927844754420221 ], [ -7171776.56207263097167, -7335502.552530710585415 ], [ -7171834.782166315242648, -7335539.303202093578875 ], [ -7171792.369440323673189, -7335585.338497938588262 ], [ -7171728.80601107981056, -7335603.714007032103837 ], [ -7171776.56207263097167, -7335677.409904816187918 ], [ -7171829.550150248222053, -7335723.446015857160091 ], [ -7171887.770243932493031, -7335723.446015857160091 ], [ -7171972.595695916563272, -7335677.409904816187918 ], [ -7172046.734476787038147, -7335612.99849124904722 ], [ -7172147.367296461947262, -7335539.303202093578875 ], [ -7172250.560464427806437, -7335488.045734411105514 ], [ -7172295.756177689880133, -7335465.60860928054899 ], [ -7172369.894958558492362, -7335465.60860928054899 ], [ -7172385.702326251193881, -7335612.99849124904722 ], [ -7172470.527778235264122, -7335668.125343921594322 ], [ -7172550.009894661605358, -7335668.125343921594322 ], [ -7172618.805339973419905, -7335576.054046650417149 ], [ -7172661.218065963126719, -7335594.622960280627012 ], [ -7172666.450082032941282, -7335600.619181416928768 ], [ -7172740.7001823913306, -7335686.501048068515956 ], [ -7172835.989666510373354, -7335787.858341592364013 ], [ -7172883.745728061534464, -7335723.446015857160091 ], [ -7172994.953899363055825, -7335631.374065513722599 ], [ -7173032.023289795964956, -7335686.501048068515956 ], [ -7173053.285312538035214, -7335723.446015857160091 ], [ -7173053.285312538035214, -7335806.234327849932015 ], [ -7173095.698038531467319, -7335806.234327849932015 ], [ -7173201.562874276190996, -7335842.986430249176919 ], [ -7173275.701655142940581, -7335842.986430249176919 ], [ -7173328.689732762053609, -7335944.345757493749261 ], [ -7173323.457716694101691, -7335990.383444221690297 ], [ -7173249.207616334781051, -7336045.512964462861419 ], [ -7173355.183771569281816, -7336137.589804082177579 ], [ -7173413.515184745192528, -7336202.005550347268581 ], [ -7173445.241239622235298, -7336312.46141666918993 ], [ -7173487.653965612873435, -7336395.449427761137486 ], [ -7173646.618198467418551, -7336441.489777477458119 ], [ -7173625.356175725348294, -7336515.000142977572978 ], [ -7173673.112237274646759, -7336616.368204562924802 ], [ -7173710.18162771128118, -7336662.409858508966863 ], [ -7173757.826369770802557, -7336662.409858508966863 ], [ -7173752.594353701919317, -7336754.493981865234673 ], [ -7173699.606276084668934, -7336726.829939791001379 ], [ -7173662.425566158257425, -7336809.628903857432306 ], [ -7173582.943449732847512, -7336772.872245883569121 ], [ -7173588.28678529150784, -7336837.293239646591246 ], [ -7173651.850214533507824, -7336874.050201250240207 ], [ -7173726.100314893759787, -7336901.714765563607216 ], [ -7173736.675666519440711, -7337012.180542624555528 ], [ -7173699.606276084668934, -7337085.889751110225916 ], [ -7173747.251018144190311, -7337131.934177135117352 ], [ -7173805.471111830323935, -7337113.555066918954253 ], [ -7173853.2271733796224, -7337187.071767668239772 ], [ -7173874.377876630052924, -7337224.023844767361879 ], [ -7173948.516657498665154, -7337205.644517516717315 ], [ -7174001.504735114984214, -7337233.116791106760502 ], [ -7174080.986851542256773, -7337297.735055587254465 ], [ -7174107.480890351347625, -7337325.207653597928584 ], [ -7174075.643515984527767, -7337417.29960360378027 ], [ -7174213.457045585848391, -7337463.345986433327198 ], [ -7174277.020474827848375, -7337509.392641155049205 ], [ -7174208.113710028119385, -7337601.486766288988292 ], [ -7174292.939162014052272, -7337629.15391128603369 ], [ -7174388.228646133095026, -7337721.24945077393204 ], [ -7174504.780152992345393, -7337776.391208216547966 ], [ -7174579.030253350734711, -7337711.962456307373941 ], [ -7174451.79207537509501, -7337610.773629188537598 ], [ -7174344.81404472142458, -7337522.161929694935679 ], [ -7174351.15925569832325, -7337500.10589898750186 ], [ -7174393.571981688961387, -7337463.345986433327198 ], [ -7174536.617527359165251, -7337408.206442503258586 ], [ -7174579.030253350734711, -7337371.253492658026516 ], [ -7174568.343582234345376, -7337270.069086387753487 ], [ -7174547.192878983914852, -7337243.757486456073821 ], [ -7174494.204801367595792, -7337177.978875015862286 ], [ -7174435.873388192616403, -7337113.555066918954253 ], [ -7174409.379349382594228, -7337030.559413926675916 ], [ -7174409.379349382594228, -7336993.801714639179409 ], [ -7174473.054098115302622, -7336947.758104178123176 ], [ -7174631.907011478208005, -7336975.422929964959621 ], [ -7174668.976401912979782, -7337012.180542624555528 ], [ -7174737.883166713640094, -7336966.136823653243482 ], [ -7174653.169034220278263, -7336892.622205625288188 ], [ -7174610.756308227777481, -7336864.957673567347229 ], [ -7174600.18095660302788, -7336754.493981865234673 ], [ -7174621.331659853458405, -7336625.653894402086735 ], [ -7174621.331659853458405, -7336524.28571212105453 ], [ -7174605.524292158894241, -7336395.449427761137486 ], [ -7174557.768230609595776, -7336155.96661439165473 ], [ -7174520.698840174823999, -7336091.551248389296234 ], [ -7174435.873388192616403, -7335990.383444221690297 ], [ -7174420.066020499914885, -7335925.969445823691785 ], [ -7174414.722684940323234, -7335842.986430249176919 ], [ -7174367.077942880801857, -7335714.161400157958269 ], [ -7174388.228646133095026, -7335640.465155102312565 ], [ -7174462.367426999844611, -7335659.034222088754177 ], [ -7174526.04217573441565, -7335806.234327849932015 ], [ -7174584.262269418686628, -7335870.647337334230542 ], [ -7174637.250347035937011, -7335981.098510734736919 ], [ -7174727.307815088890493, -7336036.421402712352574 ], [ -7174769.609221588820219, -7336036.421402712352574 ], [ -7174806.789931515231729, -7336036.421402712352574 ], [ -7174854.434673574753106, -7336082.459632966667414 ], [ -7174917.998102816753089, -7336165.251756065525115 ], [ -7174960.410828809253871, -7336248.044758081436157 ], [ -7175008.055570868775249, -7336275.707101840525866 ], [ -7175092.769703362137079, -7336220.575954375788569 ], [ -7175108.688390546478331, -7336196.00886682420969 ], [ -7175140.525764911435544, -7336146.874923879280686 ], [ -7175193.513842530548573, -7336128.498134994879365 ], [ -7175230.026635510846972, -7336037.775464428588748 ], [ -7175230.583232963457704, -7336036.421402712352574 ], [ -7175251.733936215750873, -7335981.098510734736919 ], [ -7175283.571310582570732, -7335898.308342524804175 ], [ -7175352.478075384162366, -7335778.573649213649333 ], [ -7175394.779481884092093, -7335842.986430249176919 ], [ -7175468.918262752704322, -7335833.895104586146772 ], [ -7175490.180285492911935, -7335833.895104586146772 ], [ -7175511.330988744273782, -7335842.986430249176919 ], [ -7175564.31906636338681, -7335898.308342524804175 ], [ -7175611.963808422908187, -7335907.593177449889481 ], [ -7175654.376534414477646, -7335925.969445823691785 ], [ -7175686.99314521625638, -7335998.894642962142825 ], [ -7175691.445924849249423, -7336008.759907669387758 ], [ -7175728.515315284021199, -7336018.044874086976051 ], [ -7175786.846728459000587, -7336027.136414416134357 ], [ -7175845.066822143271565, -7336008.759907669387758 ], [ -7175892.711564202792943, -7336008.759907669387758 ], [ -7175940.467625752091408, -7336018.044874086976051 ], [ -7175956.38631293643266, -7336045.512964462861419 ], [ -7175961.618329004384577, -7336137.589804082177579 ], [ -7176019.949742180295289, -7336174.536908796057105 ], [ -7176067.594484239816666, -7336119.213037078268826 ], [ -7176125.925897414796054, -7336128.498134994879365 ], [ -7176311.272849584929645, -7336155.96661439165473 ], [ -7176417.249004820361733, -7336165.251756065525115 ], [ -7176528.457176121883094, -7336183.628631555475295 ], [ -7176703.34009615983814, -7336220.575954375788569 ], [ -7176761.560189844109118, -7336321.746744663454592 ], [ -7176819.891603020951152, -7336358.50127646420151 ], [ -7176920.524422696791589, -7336303.3695437181741 ], [ -7177026.389258441515267, -7336284.99238607659936 ], [ -7177090.064007175154984, -7336294.084237602539361 ], [ -7177148.284100861288607, -7336349.409349843859673 ], [ -7177280.754294903017581, -7336423.112294367514551 ], [ -7177434.375192197971046, -7336496.622486644424498 ], [ -7177513.857308625243604, -7336579.612457453273237 ], [ -7177640.984167111106217, -7336625.653894402086735 ], [ -7177688.628909170627594, -7336671.502150041051209 ], [ -7177625.06547992862761, -7336736.115761154331267 ], [ -7177545.583363501355052, -7336680.787905525416136 ], [ -7177519.089324692264199, -7336717.544129485264421 ], [ -7177572.077402309514582, -7336800.536451283842325 ], [ -7177640.984167111106217, -7336837.293239646591246 ], [ -7177699.315580287016928, -7336883.336197909899056 ], [ -7177709.890931911766529, -7336957.044188605621457 ], [ -7177757.535673971287906, -7337030.559413926675916 ], [ -7177810.523751590400934, -7337095.176000019535422 ], [ -7177826.331119283102453, -7337168.692527507431805 ], [ -7177768.11102559696883, -7337224.023844767361879 ], [ -7177842.249806465581059, -7337288.448565471917391 ], [ -7177768.11102559696883, -7337380.540081380866468 ], [ -7177900.581219640560448, -7337454.252771641127765 ], [ -7177942.993945633992553, -7337509.392641155049205 ], [ -7177958.801313324831426, -7337638.247330026701093 ], [ -7178070.120804119855165, -7337647.534236704930663 ], [ -7178170.753623796626925, -7337583.106549399904907 ], [ -7178308.455833907239139, -7337619.867026495747268 ], [ -7178393.281285893172026, -7337573.819719446823001 ], [ -7178456.844715135172009, -7337509.392641155049205 ], [ -7178515.064808819442987, -7337435.679429694078863 ], [ -7178530.983496001921594, -7337288.448565471917391 ], [ -7178472.763402319513261, -7337141.027016098611057 ], [ -7178398.513301959261298, -7337095.176000019535422 ], [ -7178308.455833907239139, -7337030.559413926675916 ], [ -7178234.317053038626909, -7337030.559413926675916 ], [ -7178165.41028823889792, -7337003.087853891775012 ], [ -7178271.386443473398685, -7336947.758104178123176 ], [ -7178342.964876053854823, -7336985.095969130285084 ], [ -7178377.362598708830774, -7337003.087853891775012 ], [ -7178430.350676326081157, -7337030.559413926675916 ], [ -7178499.146121636964381, -7336947.758104178123176 ], [ -7178546.902183187194169, -7336883.336197909899056 ], [ -7178573.396221994422376, -7336901.714765563607216 ], [ -7178642.191667306236923, -7336947.758104178123176 ], [ -7178705.755096549168229, -7336901.714765563607216 ], [ -7178758.743174166418612, -7336855.671698790974915 ], [ -7178780.00519690848887, -7336855.671698790974915 ], [ -7178822.417922900989652, -7336911.000795164145529 ], [ -7178835.553622813895345, -7336914.289599968120456 ], [ -7178896.556703767739236, -7336929.379428016021848 ], [ -7178944.201445827260613, -7336883.336197909899056 ], [ -7178944.201445827260613, -7336818.914823809638619 ], [ -7178942.642972955480218, -7336783.318857370875776 ], [ -7178938.858110269531608, -7336699.165995851159096 ], [ -7179002.421539513394237, -7336607.082525782287121 ], [ -7179124.316381931304932, -7336459.867303892038763 ], [ -7179145.467085181735456, -7336423.112294367514551 ], [ -7179171.961123990826309, -7336404.541408058255911 ], [ -7179262.018592042848468, -7336395.449427761137486 ], [ -7179230.292537167668343, -7336266.615271737799048 ], [ -7179124.316381931304932, -7336266.615271737799048 ], [ -7179150.810420741327107, -7336155.96661439165473 ], [ -7179039.490929946303368, -7336146.874923879280686 ], [ -7179007.76487507019192, -7336082.459632966667414 ], [ -7179129.65971748996526, -7336018.044874086976051 ], [ -7179118.973046374507248, -7335898.308342524804175 ], [ -7179118.973046374507248, -7335842.986430249176919 ], [ -7179150.810420741327107, -7335787.858341592364013 ], [ -7179124.316381931304932, -7335668.125343921594322 ], [ -7179060.752952688373625, -7335594.622960280627012 ], [ -7179039.490929946303368, -7335520.927844754420221 ], [ -7179012.99689113907516, -7335438.142561213113368 ], [ -7179012.99689113907516, -7335327.505656979046762 ], [ -7179018.340226695872843, -7335198.689141051843762 ], [ -7178975.927500704303384, -7335125.191181323491037 ], [ -7178933.626094202511013, -7335023.842499187216163 ], [ -7178864.719329400919378, -7334977.810517408885062 ], [ -7178901.788719834759831, -7334830.626045828685164 ], [ -7179018.340226695872843, -7334775.311706240288913 ], [ -7179129.65971748996526, -7334793.685306999832392 ], [ -7179246.211224350146949, -7334830.626045828685164 ], [ -7179315.006669660098851, -7334618.847743978723884 ], [ -7179367.994747277349234, -7334416.35825205501169 ], [ -7179473.970902512781322, -7334379.612871494144201 ], [ -7179447.476863703690469, -7334296.646306808106601 ], [ -7179373.338082836009562, -7334269.184374904260039 ], [ -7179352.076060094870627, -7334177.129590132273734 ], [ -7179315.006669660098851, -7334140.191946212202311 ], [ -7179272.593943667598069, -7334103.447866650298238 ], [ -7179277.93727922718972, -7333946.997381219640374 ], [ -7179224.949201608076692, -7333900.97175420448184 ], [ -7179113.741030307486653, -7333900.97175420448184 ], [ -7178991.846187886781991, -7333836.57500920817256 ], [ -7178859.487313334830105, -7333808.921314920298755 ], [ -7178780.00519690848887, -7333762.896502641029656 ], [ -7178674.029041673056781, -7333753.807601233944297 ], [ -7178610.465612429194152, -7333716.871961927972734 ], [ -7178509.832792752422392, -7333680.129876461811364 ], [ -7178462.076731202192605, -7333624.823695194907486 ], [ -7178297.880482281558216, -7333569.711282269097865 ], [ -7178091.27150737028569, -7333523.687881418503821 ], [ -7177958.801313324831426, -7333450.012330227531493 ], [ -7177890.005868014879525, -7333367.249023919925094 ], [ -7177815.755767656490207, -7333302.856685051694512 ], [ -7177678.053557544946671, -7333128.052535398863256 ], [ -7177683.396893104538321, -7333036.011216777376831 ], [ -7177709.890931911766529, -7333026.729799550026655 ], [ -7177773.454361153766513, -7332934.689676466397941 ], [ -7177852.82515809033066, -7332879.58213934674859 ], [ -7177932.307274516671896, -7332870.300908243283629 ], [ -7177985.295352135784924, -7332888.670022170059383 ], [ -7178064.777468560263515, -7332879.58213934674859 ], [ -7178149.491601056419313, -7332907.039179352112114 ], [ -7178223.741701413877308, -7332943.97098418045789 ], [ -7178276.729779032059014, -7332925.601740026846528 ], [ -7178218.398365856148303, -7332861.019688182510436 ], [ -7178202.479678671807051, -7332815.193826000206172 ], [ -7178287.305130657739937, -7332769.174876666627824 ], [ -7178334.949872717261314, -7332787.543752457946539 ], [ -7178345.525224341079593, -7332732.243899400345981 ], [ -7178425.007340768352151, -7332732.243899400345981 ], [ -7178409.199973075650632, -7332649.488208250142634 ], [ -7178456.844715135172009, -7332621.838722058571875 ], [ -7178499.146121636964381, -7332649.488208250142634 ], [ -7178562.709550878964365, -7332612.751150094904006 ], [ -7178546.902183187194169, -7332511.435107289813459 ], [ -7178504.489457194693387, -7332474.698699282482266 ], [ -7178472.763402319513261, -7332447.049832622520626 ], [ -7178541.558847627602518, -7332355.016548903658986 ], [ -7178504.489457194693387, -7332309.000314216129482 ], [ -7178456.844715135172009, -7332318.280877511948347 ], [ -7178409.199973075650632, -7332262.984350970946252 ], [ -7178329.717856649309397, -7332235.336234689690173 ], [ -7178260.811091847717762, -7332262.984350970946252 ], [ -7178181.328975421376526, -7332226.249112972989678 ], [ -7178080.696155744604766, -7332253.89719705004245 ], [ -7177948.225961701013148, -7332318.280877511948347 ], [ -7177821.09910321328789, -7332262.984350970946252 ], [ -7177768.11102559696883, -7332198.601126888766885 ], [ -7177704.547596354037523, -7332152.585814863443375 ], [ -7177593.33942505158484, -7332134.218434177339077 ], [ -7177540.351347433403134, -7332088.203501922078431 ], [ -7177450.29387938324362, -7332106.570774266496301 ], [ -7177333.742372522130609, -7332078.923212341032922 ], [ -7177243.684904470108449, -7332042.18884109146893 ], [ -7177196.040162410587072, -7331968.527281008660793 ], [ -7177121.790062051266432, -7331895.059751165099442 ], [ -7177105.871374867856503, -7331839.766224508173764 ], [ -7177174.778139668516815, -7331738.653551272116601 ], [ -7177222.534201218746603, -7331775.386493225581944 ], [ -7177296.672982089221478, -7331701.727452374063432 ], [ -7177360.236411331221461, -7331720.093814793974161 ], [ -7177413.113169457763433, -7331655.715071112848818 ], [ -7177418.456505015492439, -7331609.70296123996377 ], [ -7177450.29387938324362, -7331480.947827104479074 ], [ -7177418.456505015492439, -7331444.216271524317563 ], [ -7177402.092539869248867, -7331432.23022239189595 ], [ -7177317.823685337789357, -7331370.560357499867678 ], [ -7177222.534201218746603, -7331370.560357499867678 ], [ -7177207.728708944283426, -7331392.98570650909096 ], [ -7177180.121475228108466, -7331434.936748006381094 ], [ -7177217.190865661017597, -7331462.582027696073055 ], [ -7177084.720671617425978, -7331490.227405353449285 ], [ -7176941.675125947222114, -7331499.313669750466943 ], [ -7176846.385641828179359, -7331444.216271524317563 ], [ -7176798.629580278880894, -7331480.947827104479074 ], [ -7176745.641502659767866, -7331526.959177576936781 ], [ -7176676.846057349815965, -7331508.593269847333431 ], [ -7176623.857979733496904, -7331563.691122747957706 ], [ -7176443.743043628521264, -7331499.313669750466943 ], [ -7176353.68557557836175, -7331425.850558589212596 ], [ -7176247.709420341067016, -7331425.850558589212596 ], [ -7176141.73326510656625, -7331398.205409063026309 ], [ -7176030.525093805044889, -7331352.194817963987589 ], [ -7175898.054899760521948, -7331352.194817963987589 ], [ -7175802.765415641479194, -7331370.560357499867678 ], [ -7175717.939963657408953, -7331324.549929448403418 ], [ -7175569.66240191925317, -7331342.91540390253067 ], [ -7175426.616856250911951, -7331324.549929448403418 ], [ -7175315.297365457750857, -7331324.549929448403418 ], [ -7175198.745858596637845, -7331342.91540390253067 ], [ -7174960.410828809253871, -7331370.560357499867678 ], [ -7174886.272047941572964, -7331361.280921593308449 ], [ -7174806.789931515231729, -7331361.280921593308449 ], [ -7174679.663073029369116, -7331352.194817963987589 ], [ -7174589.605604976415634, -7331352.194817963987589 ], [ -7174483.629449741914868, -7331342.91540390253067 ], [ -7174271.677139271982014, -7331306.184498225338757 ], [ -7174149.893616341985762, -7331131.425084256567061 ], [ -7174112.824225909076631, -7331030.128278120420873 ], [ -7173985.586047931574285, -7330873.739417874254286 ], [ -7173911.4472670648247, -7330671.347116673365235 ], [ -7173937.941305872052908, -7330579.334778890945017 ], [ -7173937.941305872052908, -7330422.954954751767218 ], [ -7173884.953228254802525, -7330303.497571690939367 ], [ -7173874.377876630052924, -7330202.21151473838836 ], [ -7173943.284641431644559, -7330220.574347323738039 ], [ -7173959.092009124346077, -7330202.21151473838836 ], [ -7173990.929383491165936, -7330229.852426540106535 ], [ -7174059.836148292757571, -7330294.219404894858599 ], [ -7174123.399577534757555, -7330257.493436270393431 ], [ -7174202.88169396109879, -7330266.578265047632158 ], [ -7174234.607748838141561, -7330183.848725370131433 ], [ -7174287.595826454460621, -7330229.852426540106535 ], [ -7174335.240568513981998, -7330193.12676091119647 ], [ -7174457.135410932824016, -7330183.848725370131433 ], [ -7174498.323622524738312, -7330215.16213954333216 ], [ -7174502.665082666091621, -7330206.270663482137024 ], [ -7174652.167158802039921, -7330187.907864562235773 ], [ -7174737.994486204348505, -7330171.671320464462042 ], [ -7174764.377205521799624, -7330147.123276291415095 ], [ -7174764.377205521799624, -7330064.201713941991329 ], [ -7174870.353360757231712, -7329926.387640288099647 ], [ -7174917.998102816753089, -7329917.109921944327652 ], [ -7174949.835477183572948, -7329843.468423925340176 ], [ -7175039.892945235595107, -7329751.46584924403578 ], [ -7175087.537687295116484, -7329816.022164149209857 ], [ -7175161.676468163728714, -7329742.381620257161558 ], [ -7175198.745858596637845, -7329650.380237577483058 ], [ -7175310.065349391661584, -7329668.741771417669952 ], [ -7175400.122817442752421, -7329668.741771417669952 ], [ -7175485.282227899879217, -7329721.893823496066034 ], [ -7175532.481691996566951, -7329751.46584924403578 ], [ -7175680.870573224499822, -7329788.38271842431277 ], [ -7175792.078744526021183, -7329843.468423925340176 ], [ -7175850.410157701000571, -7329861.830412187613547 ], [ -7175892.711564202792943, -7329898.747803581878543 ], [ -7175972.193680629134178, -7329935.472083521075547 ], [ -7176046.443780987523496, -7329953.834288314916193 ], [ -7176157.651952291838825, -7329926.387640288099647 ], [ -7176221.215381533838809, -7329926.387640288099647 ], [ -7176284.778810777701437, -7329907.832214632071555 ], [ -7176337.766888394020498, -7329907.832214632071555 ], [ -7176422.481020886451006, -7329935.472083521075547 ], [ -7176496.731121247634292, -7329935.472083521075547 ], [ -7176607.939292549155653, -7329944.74982369877398 ], [ -7176766.903525401838124, -7329917.109921944327652 ], [ -7176878.11169670522213, -7329944.74982369877398 ], [ -7176931.099774322472513, -7329944.74982369877398 ], [ -7176947.018461505882442, -7329843.468423925340176 ], [ -7176872.879680637270212, -7329834.384087814949453 ], [ -7176772.135541468858719, -7329770.020903019234538 ], [ -7176794.176800647750497, -7329757.264298807829618 ], [ -7176851.617657895199955, -7329724.019913111813366 ], [ -7176878.11169670522213, -7329650.380237577483058 ], [ -7176835.698970712721348, -7329576.741257074289024 ], [ -7176788.054228653199971, -7329484.741827554069459 ], [ -7176777.47887702845037, -7329448.019669110886753 ], [ -7176745.641502659767866, -7329383.6596714919433 ], [ -7176750.984838219359517, -7329300.939493265934289 ], [ -7176782.82221258431673, -7329153.668823169544339 ], [ -7176729.834134968928993, -7329080.034530515782535 ], [ -7176634.433331358246505, -7329006.594195887446404 ], [ -7176533.800511681474745, -7328942.237839357927442 ], [ -7176406.673653195612133, -7328877.68875371105969 ], [ -7176321.848201211541891, -7328804.250323611311615 ], [ -7176247.709420341067016, -7328748.978697886690497 ], [ -7176178.802655541338027, -7328666.265248105861247 ], [ -7176014.606406620703638, -7328610.994599817320704 ], [ -7175903.398235319182277, -7328537.558679791167378 ], [ -7175845.066822143271565, -7328491.564955558627844 ], [ -7175781.503392899408937, -7328399.578320424072444 ], [ -7175659.719869972206652, -7328362.668021701276302 ], [ -7175516.674324303865433, -7328270.876151007600129 ], [ -7175442.42422394361347, -7328141.982862683944404 ], [ -7175463.686246685683727, -7328004.009498179890215 ], [ -7175516.674324303865433, -7327875.313853101804852 ], [ -7175590.81310517154634, -7327856.956539170816541 ], [ -7175696.789260406978428, -7327746.620330568403006 ], [ -7175755.009354091249406, -7327792.609663971699774 ], [ -7175882.915449013002217, -7327850.193329134956002 ], [ -7175898.054899760521948, -7327856.956539170816541 ], [ -7176025.181758246384561, -7327884.589143933728337 ], [ -7176094.088523047044873, -7327847.68128118570894 ], [ -7176157.651952291838825, -7327764.977384929545224 ], [ -7176165.221677664667368, -7327758.407486828975379 ], [ -7176231.790733158588409, -7327700.631268214434385 ], [ -7176337.766888394020498, -7327672.999314879067242 ], [ -7176422.481020886451006, -7327718.988214381039143 ], [ -7176505.080083056353033, -7327775.025475078262389 ], [ -7176544.375863307155669, -7327801.69162320625037 ], [ -7176645.008682982996106, -7327893.671210222877562 ], [ -7176724.490799409337342, -7328050.00034860894084 ], [ -7176782.82221258431673, -7328151.25847050640732 ], [ -7176835.698970712721348, -7328243.242178253829479 ], [ -7176883.455032262951136, -7328316.675328351557255 ], [ -7176904.605735514312983, -7328335.226970360614359 ], [ -7176867.536345080472529, -7328445.571502438746393 ], [ -7176915.181087139993906, -7328537.558679791167378 ], [ -7176994.663203566335142, -7328583.552675138227642 ], [ -7177095.296023242175579, -7328620.270765199325979 ], [ -7177174.778139668516815, -7328601.911698570474982 ], [ -7177254.260256095789373, -7328702.983727401122451 ], [ -7177275.41095934715122, -7328813.333460399881005 ], [ -7177301.90499815531075, -7328923.68475406896323 ], [ -7177264.835607720538974, -7328978.957617391832173 ], [ -7177291.329646529629827, -7329181.306020508520305 ], [ -7177307.248333712108433, -7329319.30020476039499 ], [ -7177360.236411331221461, -7329595.102617614902556 ], [ -7177370.811762955971062, -7329696.380793308839202 ], [ -7177391.962466206401587, -7329825.106478877365589 ], [ -7177402.537817831151187, -7329935.472083521075547 ], [ -7177349.661059704609215, -7329944.74982369877398 ], [ -7177413.113169457763433, -7330082.757511490955949 ], [ -7177524.432660249993205, -7330275.856398971751332 ], [ -7177656.902854294516146, -7330404.591645826585591 ], [ -7177874.087180832400918, -7330496.601922725327313 ], [ -7178260.811091847717762, -7330579.334778890945017 ], [ -7178509.832792752422392, -7330570.249585916288197 ], [ -7178870.062664960511029, -7330551.885930291377008 ], [ -7179134.891733556985855, -7330496.601922725327313 ], [ -7179367.994747277349234, -7330450.596648632548749 ], [ -7179382.021003117784858, -7330442.47809901367873 ], [ -7179445.584432359784842, -7330434.939453359693289 ], [ -7179490.44618715159595, -7330417.349308495409787 ], [ -7179632.935135365463793, -7330459.875001401640475 ], [ -7179712.305932302027941, -7330505.880330204032362 ], [ -7179354.74772787373513, -7330919.747187256813049 ], [ -7179235.524553233757615, -7330942.751173693686724 ], [ -7179169.289456211961806, -7331149.790104075334966 ], [ -7179275.265611447393894, -7331241.809170169755816 ], [ -7179447.476863703690469, -7331402.8451475976035 ], [ -7179619.688115960918367, -7331540.685305269435048 ], [ -7179805.035068132914603, -7331770.746533120051026 ], [ -7179950.752281581051648, -7331931.793429599143565 ], [ -7180136.099233750253916, -7332138.858610478229821 ], [ -7180255.322408390231431, -7332276.905117937363684 ], [ -7180374.545583031140268, -7332322.921163300052285 ], [ -7180546.756835289299488, -7332506.794709363020957 ], [ -7180745.350806863978505, -7332736.884431441314518 ], [ -7180904.315039715729654, -7332736.884431441314518 ], [ -7181036.785233760252595, -7332759.893776927143335 ], [ -7181420.837476996704936, -7332920.961095716804266 ], [ -7181619.431448573246598, -7333105.04210392665118 ], [ -7181747.11490451078862, -7333240.398557906039059 ], [ -7181857.87779785040766, -7333357.967212555930018 ], [ -7182135.953885852359235, -7333703.14200447499752 ], [ -7182281.67109930049628, -7334048.332071856595576 ], [ -7182440.635332153178751, -7334393.34401976224035 ], [ -7182387.647254536859691, -7334899.672817381098866 ], [ -7182347.906196322292089, -7335060.590914951637387 ], [ -7182533.364467984065413, -7335290.755983580835164 ], [ -7182573.105526198633015, -7335520.927844754420221 ], [ -7182745.205458964221179, -7335774.124738031998277 ], [ -7182996.898827648721635, -7335958.079660806804895 ], [ -7183043.430374798364937, -7336133.334127873182297 ], [ -7183076.380944075062871, -7336257.330009383149445 ], [ -7182665.723342537879944, -7336418.46956864465028 ], [ -7182374.400235131382942, -7336372.429354826919734 ], [ -7182186.938212635926902, -7336329.871415728703141 ], [ -7182069.718788830563426, -7336303.3695437181741 ], [ -7181831.383759043179452, -7336533.571292319335043 ], [ -7181844.630778447724879, -7336717.544129485264421 ], [ -7182056.583088917657733, -7336763.58638075646013 ], [ -7182175.694944065995514, -7336671.502150041051209 ], [ -7182268.424079895950854, -7336602.63314195163548 ], [ -7182397.88864768948406, -7336546.33898314461112 ], [ -7182480.376390367746353, -7336583.094573435373604 ], [ -7182599.599565006792545, -7336694.523105782456696 ], [ -7182573.105526198633015, -7336832.650267344899476 ], [ -7182678.970361943356693, -7336970.77987542655319 ], [ -7183063.022605178877711, -7336993.801714639179409 ], [ -7183155.751741011627018, -7337408.206442503258586 ], [ -7182970.404788839630783, -7337868.488486595451832 ], [ -7183023.392866455949843, -7338190.83752679079771 ], [ -7183407.445109693333507, -7338397.875450539402664 ], [ -7183526.556964841671288, -7338466.953812584280968 ], [ -7183778.250333526171744, -7338651.16576982755214 ], [ -7183804.744372334331274, -7338881.436836279928684 ], [ -7183950.461585782468319, -7338973.547166931442916 ], [ -7184043.190721615217626, -7339065.658585671335459 ], [ -7184215.29065438080579, -7339157.771092531271279 ], [ -7184281.5257514026016, -7339226.662670250050724 ], [ -7184413.995945446193218, -7339410.892576183192432 ], [ -7184480.231042467989028, -7339549.067862249910831 ], [ -7184506.725081278011203, -7339917.547263228334486 ], [ -7184387.501906637102365, -7340055.731528205797076 ], [ -7184453.737003658898175, -7340239.787482816725969 ], [ -7184678.825014042668045, -7340009.669834434986115 ], [ -7184784.80116927716881, -7339894.516790492460132 ], [ -7184983.506460346281528, -7339595.126835075207055 ], [ -7185016.011751655489206, -7339647.765994319692254 ], [ -7185168.853412514552474, -7339894.516790492460132 ], [ -7185195.347451324574649, -7339967.866179834119976 ], [ -7185235.088509538210928, -7340078.568939462304115 ], [ -7185354.311684176325798, -7340009.669834434986115 ], [ -7185348.745709637179971, -7339835.489418878220022 ], [ -7185341.064664772711694, -7339595.126835075207055 ], [ -7185553.016975244507194, -7339572.097314652986825 ], [ -7185751.610946817323565, -7339572.097314652986825 ], [ -7185844.340082648210227, -7339572.097314652986825 ], [ -7185976.810276693664491, -7339595.126835075207055 ], [ -7186069.539412523619831, -7339664.21580446138978 ], [ -7186162.157228864729404, -7339733.305386032909155 ], [ -7186268.133384100161493, -7339871.486385784111917 ], [ -7186241.63934529107064, -7339963.608412776142359 ], [ -7186427.097616951912642, -7339848.456049097701907 ], [ -7186480.085694570094347, -7339572.097314652986825 ], [ -7186572.703510909341276, -7339572.097314652986825 ], [ -7186771.408801974728703, -7339526.03847786039114 ], [ -7187075.978928785771132, -7339272.719738655723631 ], [ -7187166.036396837793291, -7339258.012409934774041 ], [ -7187245.518513264134526, -7339165.898718907497823 ], [ -7187293.274574813432992, -7339119.842281453311443 ], [ -7187362.070020125247538, -7339138.419635257683694 ], [ -7187483.964862543158233, -7339147.514814193360507 ], [ -7187648.1611114628613, -7339248.917102107778192 ], [ -7187796.438673200085759, -7339589.514592736959457 ], [ -7187804.119718064554036, -7339662.280530877411366 ], [ -7187822.932712008245289, -7339842.843624416738749 ], [ -7187730.314895668067038, -7340234.368317972868681 ], [ -7187822.932712008245289, -7340326.494632572866976 ], [ -7187730.314895668067038, -7340533.589271552860737 ], [ -7187690.573837455362082, -7340856.048510397784412 ], [ -7187783.302973286248744, -7340925.148653858341277 ], [ -7187875.920789626426995, -7340994.249409752897918 ], [ -7187968.649925457313657, -7341063.350778094492853 ], [ -7188048.132041883654892, -7341109.41869723983109 ], [ -7188262.644700641743839, -7340915.85784263163805 ], [ -7188389.882878619246185, -7341063.350778094492853 ], [ -7188432.184285121038556, -7341182.973082001321018 ], [ -7188501.091049922630191, -7341339.568807203322649 ], [ -7188495.74771436303854, -7341431.708182060159743 ], [ -7188437.527620678767562, -7341496.167677806690335 ], [ -7188289.138739450834692, -7341579.210876814089715 ], [ -7188246.83733294904232, -7341625.281844233162701 ], [ -7188252.069349016062915, -7341698.841096077114344 ], [ -7188352.70216869469732, -7341726.522783745080233 ], [ -7188411.033581869676709, -7341689.742940473370254 ], [ -7188464.02165948599577, -7341662.061383399181068 ], [ -7188501.091049922630191, -7341634.379924612119794 ], [ -7188315.632778259925544, -7341827.958619080483913 ], [ -7188273.331371758133173, -7341938.494209505617619 ], [ -7188373.964191436767578, -7341993.665799820795655 ], [ -7188485.172362738288939, -7341984.567300146445632 ], [ -7188622.874572848901153, -7341874.031056485138834 ], [ -7188702.356689276173711, -7341846.34884505905211 ], [ -7188776.606789634563029, -7341763.496380026452243 ], [ -7188839.613621423020959, -7341673.095278983935714 ], [ -7188866.552938195876777, -7341634.379924612119794 ], [ -7188893.04697700496763, -7341597.60051603615284 ], [ -7189025.517171049490571, -7341477.778277838602662 ], [ -7189136.836661841720343, -7341487.06975871603936 ], [ -7189195.056755526922643, -7341459.388921248726547 ], [ -7189147.412013467401266, -7341560.821280969306827 ], [ -7189110.34262303262949, -7341689.742940473370254 ], [ -7189195.056755526922643, -7341698.841096077114344 ], [ -7189248.044833144173026, -7341643.671592128463089 ], [ -7189285.11422357801348, -7341606.892139716073871 ], [ -7189348.232374859042466, -7341606.892139716073871 ], [ -7189380.515027187764645, -7341606.892139716073871 ], [ -7189449.310472498647869, -7341615.990198633633554 ], [ -7189475.804511307738721, -7341680.451218049041927 ], [ -7189444.078456431627274, -7342012.056416692212224 ], [ -7189269.195536393672228, -7342122.59461737703532 ], [ -7189110.34262303262949, -7342233.327976552769542 ], [ -7189094.423935850150883, -7342399.043773911893368 ], [ -7189237.469481519423425, -7342343.869314694777131 ], [ -7189380.515027187764645, -7342399.043773911893368 ], [ -7189205.632107151672244, -7342758.364892139099538 ], [ -7189348.677652821876109, -7342675.502733981236815 ], [ -7189523.560572857037187, -7342786.050342214293778 ], [ -7189618.850056977011263, -7342841.227931070141494 ], [ -7189857.29640625603497, -7342924.28545911423862 ], [ -7189793.732977014034986, -7342647.817676501348615 ], [ -7189825.459031888283789, -7342509.587461861781776 ], [ -7189833.696674206294119, -7342511.136246209964156 ], [ -7189984.423264741897583, -7342537.272028450854123 ], [ -7190079.712748860940337, -7342730.679540385492146 ], [ -7190016.149319618940353, -7342951.97149844840169 ], [ -7189943.569011620245874, -7343141.517024046741426 ], [ -7189920.859835499897599, -7343200.569431723095477 ], [ -7189809.54034470487386, -7343311.318104087375104 ], [ -7189920.859835499897599, -7343477.056818698532879 ], [ -7190047.986693983897567, -7343559.927497454918921 ], [ -7190111.550123227760196, -7343587.615794417448342 ], [ -7190397.64121456630528, -7343642.992683380842209 ], [ -7190461.204643809236586, -7343836.427630840800703 ], [ -7190349.996472506783903, -7343421.874729187227786 ], [ -7190477.123330992646515, -7343311.318104087375104 ], [ -7190699.650993088260293, -7343504.744821310974658 ], [ -7190953.904710059985518, -7343698.176338198594749 ], [ -7190970.602633680216968, -7343717.539116682484746 ], [ -7191096.950255730189383, -7343864.116909941658378 ], [ -7191255.803169091232121, -7344002.371145698241889 ], [ -7191351.203972701914608, -7344085.247409306466579 ], [ -7191573.620315306819975, -7343864.116909941658378 ], [ -7191669.02111891657114, -7343946.991703652776778 ], [ -7191764.421922527253628, -7344085.247409306466579 ], [ -7191859.82272613607347, -7344389.45732260402292 ], [ -7191923.274835887365043, -7344582.910794890485704 ], [ -7192205.358425559476018, -7344434.963963803835213 ], [ -7192380.130026102997363, -7344379.581448322162032 ], [ -7192523.175571773201227, -7344379.581448322162032 ], [ -7192523.175571773201227, -7344343.176372767426074 ], [ -7192523.175571773201227, -7344075.565557355992496 ], [ -7192475.53082971367985, -7343688.494966991245747 ], [ -7192570.931633324362338, -7343439.687852228991687 ], [ -7192745.703233869746327, -7343494.870067838579416 ], [ -7192809.266663111746311, -7343577.934560521505773 ], [ -7192888.748779538087547, -7343826.746087931096554 ], [ -7193095.357754450291395, -7343716.183720622211695 ], [ -7193190.75855806004256, -7343771.367893574759364 ], [ -7193254.321987303905189, -7343964.806026701815426 ], [ -7193381.448845789767802, -7343992.495761822909117 ], [ -7193460.930962214246392, -7343688.494966991245747 ], [ -7193476.849649400450289, -7343412.000080688856542 ], [ -7193572.139133517630398, -7343052.648834002204239 ], [ -7193874.148912040516734, -7343412.000080688856542 ], [ -7194147.215622956864536, -7343636.990274308249354 ], [ -7194176.047371072694659, -7343660.806311710737646 ], [ -7194350.930291107855737, -7343826.746087931096554 ], [ -7194509.783204468898475, -7343633.117754780687392 ], [ -7194735.984409761615098, -7343610.076303358189762 ], [ -7194779.955608625896275, -7343605.429296200163662 ], [ -7194923.001154295168817, -7343605.429296200163662 ], [ -7195050.12801278103143, -7343439.687852228991687 ], [ -7195062.484476258046925, -7343632.924128856509924 ], [ -7195066.046699963510036, -7343688.494966991245747 ], [ -7195177.366190757602453, -7343743.678943926468492 ], [ -7195177.366190757602453, -7343881.931043595075607 ], [ -7195304.493049243465066, -7344324.199326328933239 ], [ -7195415.701220544986427, -7344324.199326328933239 ], [ -7195654.147569825872779, -7344130.752274561673403 ], [ -7195765.35574112739414, -7344158.442599171772599 ], [ -7195860.645225246436894, -7344296.702055300585926 ], [ -7195940.12734167277813, -7344296.702055300585926 ], [ -7196146.847636075690389, -7344213.629903136752546 ], [ -7196289.78186225425452, -7344213.629903136752546 ], [ -7196488.709792302921414, -7344337.173424512147903 ], [ -7196502.736048141494393, -7344393.717507530003786 ], [ -7196480.58346947375685, -7344490.153225558809936 ], [ -7196369.263978680595756, -7344490.153225558809936 ], [ -7196289.78186225425452, -7344490.153225558809936 ], [ -7196130.928948893211782, -7344462.461722570471466 ], [ -7195971.964716039597988, -7344462.461722570471466 ], [ -7195844.837857553735375, -7344517.844826922751963 ], [ -7195844.837857553735375, -7344600.726571311242878 ], [ -7196162.655003767460585, -7344711.301485638134181 ], [ -7196337.537923803552985, -7344877.263626734726131 ], [ -7196734.837186445482075, -7345043.035640594549477 ], [ -7197005.00959060061723, -7345126.116632653400302 ], [ -7197116.217761903069913, -7345374.977583891712129 ], [ -7197354.664111183024943, -7345264.3932542251423 ], [ -7197481.790969668887556, -7345043.035640594549477 ], [ -7197550.252456506714225, -7345043.035640594549477 ], [ -7197608.917828154750168, -7345043.035640594549477 ], [ -7197736.044686640612781, -7345043.035640594549477 ], [ -7198022.135777979157865, -7345153.616829759441316 ], [ -7198260.582127259112895, -7344987.842464102432132 ], [ -7198286.630888104438782, -7345004.884526014328003 ], [ -7198387.708985743112862, -7345070.729206219315529 ], [ -7198482.998469864018261, -7345236.699000510387123 ], [ -7198641.962702714838088, -7345126.116632653400302 ], [ -7198641.962702714838088, -7345122.437036174349487 ], [ -7198641.962702714838088, -7344904.956603389233351 ], [ -7198753.170874020084739, -7344738.993872665800154 ], [ -7198975.698536114767194, -7344545.536526665091515 ], [ -7199044.605300916358829, -7344545.536526665091515 ], [ -7199097.593378531746566, -7344563.933164794929326 ], [ -7199161.156807775609195, -7344508.549732979387045 ], [ -7199187.650846584700048, -7344563.933164794929326 ], [ -7199235.295588644221425, -7344591.625028270296752 ], [ -7199272.364979077130556, -7344490.153225558809936 ], [ -7199298.859017888084054, -7344425.668968691490591 ], [ -7199357.079111573286355, -7344444.065323922783136 ], [ -7199415.410524749197066, -7344480.858164636418223 ], [ -7199447.247899114154279, -7344453.360340970568359 ], [ -7199463.055266808718443, -7344434.963963803835213 ], [ -7199478.97395399119705, -7344351.890338139608502 ], [ -7199516.043344424106181, -7344324.199326328933239 ], [ -7199542.537383234128356, -7344333.494200443848968 ], [ -7199584.950109225697815, -7344388.876388477161527 ], [ -7199590.293444784358144, -7344480.858164636418223 ], [ -7199516.043344424106181, -7344517.844826922751963 ], [ -7199521.386679983697832, -7344545.536526665091515 ], [ -7199653.745554536581039, -7344582.32984634488821 ], [ -7199696.158280529081821, -7344637.520151505246758 ], [ -7199765.065045329742134, -7344674.507557171396911 ], [ -7199775.640396955423057, -7344720.596821364015341 ], [ -7199775.640396955423057, -7344748.289241413585842 ], [ -7199802.13443576451391, -7344904.956603389233351 ], [ -7199791.559084137901664, -7344969.444825456477702 ], [ -7199807.47777132038027, -7344996.94446980766952 ], [ -7199892.191903816536069, -7344840.275258937850595 ], [ -7199934.604629806242883, -7344831.173436180688441 ], [ -7200008.743410675786436, -7344812.776167313568294 ], [ -7200077.538855984807014, -7344757.390967385843396 ], [ -7200130.526933603920043, -7344692.904499694705009 ], [ -7200167.707643528468907, -7344610.021775175817311 ], [ -7200252.421776021830738, -7344526.946283815428615 ], [ -7200294.83450201433152, -7344545.536526665091515 ], [ -7200347.822579632513225, -7344545.536526665091515 ], [ -7200305.40985363908112, -7344656.110658070072532 ], [ -7200305.40985363908112, -7344692.904499694705009 ], [ -7200310.753189198672771, -7344738.993872665800154 ], [ -7200321.328540823422372, -7344775.788105530664325 ], [ -7200379.54863450769335, -7344803.480721663683653 ], [ -7200427.193376567214727, -7344831.173436180688441 ], [ -7200480.181454186327755, -7344858.866249082610011 ], [ -7200512.018828553147614, -7344858.866249082610011 ], [ -7200570.238922237418592, -7344803.480721663683653 ], [ -7200591.50094497948885, -7344785.083518156781793 ], [ -7200644.489022596739233, -7344702.199813479557633 ], [ -7200676.215077471919358, -7344692.904499694705009 ], [ -7200713.395787396468222, -7344692.904499694705009 ], [ -7200819.260623142123222, -7344683.609196993522346 ], [ -7200845.75466194935143, -7344702.199813479557633 ], [ -7200893.399404008872807, -7344720.596821364015341 ], [ -7201004.718894802965224, -7344775.788105530664325 ], [ -7201057.706972421146929, -7344794.18528709653765 ], [ -7201137.189088848419487, -7344867.968104179017246 ], [ -7201207.209048555232584, -7344910.572673589922488 ], [ -7201243.053924592211843, -7344932.456020222976804 ], [ -7201301.385337768122554, -7344960.149192966520786 ], [ -7201359.605431453324854, -7344987.842464102432132 ], [ -7201417.936844629235566, -7345061.627114355564117 ], [ -7201465.581586688756943, -7345107.525005073286593 ], [ -7201518.569664304144681, -7345162.912692975252867 ], [ -7201560.982390297576785, -7345181.310788279399276 ], [ -7201629.777835607528687, -7345218.300774470902979 ], [ -7201688.109248783439398, -7345227.403049293905497 ], [ -7201762.248029651120305, -7345098.422870238311589 ], [ -7201783.398732902482152, -7345089.127083933912218 ], [ -7201878.799536512233317, -7345126.116632653400302 ], [ -7201995.351043372415006, -7345153.616829759441316 ], [ -7202032.420433805324137, -7345227.403049293905497 ], [ -7202159.547292293049395, -7345365.681467755697668 ], [ -7202307.936173520982265, -7345374.977583891712129 ], [ -7202376.731618830934167, -7345430.173501793295145 ], [ -7202292.017486336641014, -7345430.173501793295145 ], [ -7202239.029408719390631, -7345476.267234487459064 ], [ -7202281.442134711891413, -7345605.253666247241199 ], [ -7202403.225657638162374, -7345605.253666247241199 ], [ -7202472.132422439754009, -7345559.159170752391219 ], [ -7202535.695851683616638, -7345568.455517647787929 ], [ -7202652.24735854472965, -7345457.868442952632904 ], [ -7202822.120901494286954, -7345474.3305175434798 ], [ -7202842.937646272592247, -7345476.267234487459064 ], [ -7202842.937646272592247, -7345374.977583891712129 ], [ -7202917.187746630981565, -7345301.189967332407832 ], [ -7202985.983191940933466, -7345199.708927009254694 ], [ -7202864.199669014662504, -7345181.310788279399276 ], [ -7202774.030881471000612, -7345190.606684524565935 ], [ -7202832.362294646911323, -7344978.546809674240649 ], [ -7202848.280981830321252, -7344895.661047806963325 ], [ -7202763.455529846251011, -7344692.904499694705009 ], [ -7202805.868255839683115, -7344610.021775175817311 ], [ -7202805.868255839683115, -7344508.549732979387045 ], [ -7202768.798865404911339, -7344462.461722570471466 ], [ -7202742.304826595820487, -7344370.286519250832498 ], [ -7202678.741397353820503, -7344324.199326328933239 ], [ -7202652.24735854472965, -7344176.838323747739196 ], [ -7202673.398061794228852, -7344066.270990793593228 ], [ -7202726.386139411479235, -7343937.310023419559002 ], [ -7202694.660084536299109, -7343789.762704707682133 ], [ -7202599.259280925616622, -7343725.284241542220116 ], [ -7202488.051109624095261, -7343716.183720622211695 ], [ -7202376.731618830934167, -7343688.494966991245747 ], [ -7202350.237580022774637, -7343660.806311710737646 ], [ -7202332.203822513110936, -7343585.292297185398638 ], [ -7202323.743541211821139, -7343550.246297947131097 ], [ -7202260.291431461460888, -7343476.475952565670013 ], [ -7202138.396589040756226, -7343430.394043823704123 ], [ -7202058.914472616277635, -7343476.475952565670013 ], [ -7201947.706301312893629, -7343485.769815908744931 ], [ -7201927.334834499284625, -7343503.389462251216173 ], [ -7201831.15479445271194, -7343587.034920044243336 ], [ -7201746.329342468641698, -7343670.100394825451076 ], [ -7201698.684600409120321, -7343670.100394825451076 ], [ -7201666.847226042300463, -7343614.723313289694488 ], [ -7201523.912999863736331, -7343596.328915203921497 ], [ -7201444.430883437395096, -7343458.081880695186555 ], [ -7201322.536041016690433, -7343458.081880695186555 ], [ -7201163.571808165870607, -7343458.081880695186555 ], [ -7201020.637581987306476, -7343347.524742092937231 ], [ -7200872.248700759373605, -7343310.737250302918255 ], [ -7200702.709116281010211, -7343209.28211990557611 ], [ -7200522.594180178828537, -7343181.595166711136699 ], [ -7200390.123986133374274, -7342997.469748684205115 ], [ -7200252.421776021830738, -7343080.335329226218164 ], [ -7200098.800878726877272, -7343071.041949236765504 ], [ -7199950.52331699244678, -7342969.783547761850059 ], [ -7199743.803022588603199, -7342849.940217643044889 ], [ -7199653.745554536581039, -7342748.684688039124012 ], [ -7199553.112734857946634, -7342822.254540666937828 ], [ -7199351.847095505334437, -7342886.725534961558878 ], [ -7199304.091033954173326, -7342757.784079555422068 ], [ -7199404.83517312258482, -7342601.159865033812821 ], [ -7199346.503759947605431, -7342564.37589517980814 ], [ -7199267.021643521264195, -7342601.159865033812821 ], [ -7199203.569533768109977, -7342601.159865033812821 ], [ -7199124.087417342700064, -7342592.06065633520484 ], [ -7199060.523988098837435, -7342545.98397533595562 ], [ -7198996.849239365197718, -7342518.299377809278667 ], [ -7198843.22834206931293, -7342472.223132774233818 ], [ -7198694.950780333951116, -7342389.364015982486308 ], [ -7198620.811999464407563, -7342389.364015982486308 ], [ -7198567.823921848088503, -7342380.071459674276412 ], [ -7198467.191102169454098, -7342380.071459674276412 ], [ -7198392.941001811996102, -7342361.679974637925625 ], [ -7198286.964846576564014, -7342306.312186880037189 ], [ -7198255.238791699521244, -7342278.822032753378153 ], [ -7198265.81414332613349, -7342186.672645722515881 ], [ -7198202.250714082270861, -7342177.380331013351679 ], [ -7198053.973152346909046, -7342177.380331013351679 ], [ -7197979.72305198572576, -7342140.598360658623278 ], [ -7197831.445490251295269, -7342122.207440558820963 ], [ -7197709.550647831521928, -7342094.524347895756364 ], [ -7197566.505102163180709, -7342039.15845747012645 ], [ -7197396.965517682954669, -7342076.133536484092474 ], [ -7197251.359623726457357, -7342007.023190919309855 ], [ -7197132.136449088342488, -7341937.913457999005914 ], [ -7197158.630487895570695, -7341661.480652486905456 ], [ -7197238.112604323774576, -7341247.043387902900577 ], [ -7197079.14837146922946, -7341131.872067425400019 ], [ -7196880.443080403842032, -7341039.736235992982984 ], [ -7196602.366992401890457, -7341085.804015604779124 ], [ -7196417.020040229894221, -7341085.804015604779124 ], [ -7196414.34837245196104, -7340864.758578781038523 ], [ -7196427.595391856506467, -7340726.559974709525704 ], [ -7196414.34837245196104, -7340565.331365940161049 ], [ -7196228.890100790187716, -7340473.20222925208509 ], [ -7196122.913945555686951, -7340381.074181173928082 ], [ -7196096.419906746596098, -7340242.884150131605566 ], [ -7196242.137120194733143, -7339874.582906826399267 ], [ -7196361.360294834710658, -7339920.643802565522492 ], [ -7196440.73109176941216, -7339851.552560995332897 ], [ -7196480.58346947375685, -7339713.371914509683847 ], [ -7196599.695324623025954, -7339690.342044839635491 ], [ -7196665.930421644821763, -7339828.522283189930022 ], [ -7196732.16551866568625, -7339989.735656370408833 ], [ -7196785.153596284799278, -7339920.643802565522492 ], [ -7196798.400615689344704, -7339667.312243193387985 ], [ -7196771.906576880253851, -7339437.017967764288187 ], [ -7196758.659557475708425, -7339206.924009925685823 ], [ -7196944.117829138413072, -7338884.532964176498353 ], [ -7197050.09398437384516, -7338700.315493865869939 ], [ -7197182.452858925797045, -7338700.315493865869939 ], [ -7197288.429014161229134, -7338700.315493865869939 ], [ -7197354.664111183024943, -7338838.478188586421311 ], [ -7197487.022985735908151, -7338930.588011779822409 ], [ -7197579.75212156586349, -7338976.643331400118768 ], [ -7197598.899073983542621, -7338998.89704970177263 ], [ -7197698.975296205841005, -7339114.81092241499573 ], [ -7197804.951451440341771, -7339137.839092277921736 ], [ -7197844.692509654909372, -7339091.782820561900735 ], [ -7197886.7712771743536, -7339104.361187095753849 ], [ -7197913.265315983444452, -7339110.166593879461288 ], [ -7197929.74060062225908, -7339075.527730788104236 ], [ -7197939.759354793466628, -7339064.110485610552132 ], [ -7197939.759354793466628, -7339012.249311167746782 ], [ -7197933.080185344442725, -7339000.638647727668285 ], [ -7197946.327204748988152, -7338960.388481651432812 ], [ -7197966.253393600694835, -7338937.360835839994252 ], [ -7197976.049508789554238, -7338937.360835839994252 ], [ -7197986.068262960761786, -7338902.91624887753278 ], [ -7198042.395925302989781, -7338879.888772793114185 ], [ -7198078.79739879257977, -7338862.666587228886783 ], [ -7198098.612268154509366, -7338810.806752557866275 ], [ -7198072.118229345418513, -7338770.557566355913877 ], [ -7198055.086347254924476, -7338732.437134449370205 ], [ -7198048.963775261305273, -7338718.698344269767404 ], [ -7198045.624190535396338, -7338666.839467078447342 ], [ -7198012.562301770783961, -7338580.537771826609969 ], [ -7197989.407847686670721, -7338540.289774180389941 ], [ -7197972.821243558079004, -7338465.405831381678581 ], [ -7197929.74060062225908, -7338396.327483050525188 ], [ -7197923.172750663012266, -7338361.885285891592503 ], [ -7197909.925731260329485, -7338287.003056316636503 ], [ -7197889.999542407691479, -7338235.340541927143931 ], [ -7197866.845088322646916, -7338217.926288365386426 ], [ -7197840.351049514487386, -7338194.900835026986897 ], [ -7197800.609991299919784, -7338166.264231618493795 ], [ -7197797.270406576804817, -7338102.799701558426023 ], [ -7197774.115952491760254, -7337982.063728896901011 ], [ -7197747.621913683600724, -7337947.429876640439034 ], [ -7197712.222315610386431, -7337871.58421232458204 ], [ -7197902.91260333918035, -7337701.514600752852857 ], [ -7197988.962569722905755, -7337678.490672180429101 ], [ -7198161.173821980133653, -7337724.538597300648689 ], [ -7198227.408919002860785, -7337770.586794335395098 ], [ -7198396.280586536042392, -7337714.47768288385123 ], [ -7198412.644551682285964, -7337709.06027280446142 ], [ -7198512.164176451042295, -7337770.586794335395098 ], [ -7198611.461162239313126, -7337597.810719443485141 ], [ -7198737.252186833880842, -7337701.514600752852857 ], [ -7198780.444149263203144, -7337694.355892988853157 ], [ -7198876.290230834856629, -7337678.490672180429101 ], [ -7198995.513405474834144, -7337563.372048971243203 ], [ -7199147.798468881286681, -7337459.670004710555077 ], [ -7199147.798468881286681, -7337356.162809571251273 ], [ -7199194.218696542084217, -7337252.656988261267543 ], [ -7199253.774624116718769, -7337218.026375324465334 ], [ -7199320.009721136651933, -7337183.589381996542215 ], [ -7199359.750779351219535, -7337171.981440985575318 ], [ -7199412.738856967538595, -7337114.522387431003153 ], [ -7199445.800745734013617, -7337022.434012851677835 ], [ -7199492.220973395742476, -7336964.97606114204973 ], [ -7199591.517959183081985, -7336987.997883219271898 ], [ -7199657.753056203946471, -7336987.997883219271898 ], [ -7199737.235172631219029, -7336976.390233341604471 ], [ -7199664.432225652039051, -7336930.34672568179667 ], [ -7199551.776900968514383, -7336884.303489863872528 ], [ -7199478.97395399119705, -7336849.867970171384513 ], [ -7199399.491837564855814, -7336803.825209502130747 ], [ -7199372.997798755764961, -7336677.112292655743659 ], [ -7199333.256740543060005, -7336654.091388307511806 ], [ -7199379.565648712217808, -7336493.140409272164106 ], [ -7199406.059687522239983, -7336378.039282306097448 ], [ -7199300.083532286807895, -7336308.979421520605683 ], [ -7199240.527604712173343, -7336262.939854068681598 ], [ -7199247.2067741593346, -7336159.255100805312395 ], [ -7199313.441871181130409, -7336124.822782414965332 ], [ -7199485.541803948581219, -7336124.822782414965332 ], [ -7199505.467992798425257, -7336124.822782414965332 ], [ -7199571.591770330443978, -7336009.727091155946255 ], [ -7199624.579847947694361, -7335871.614503693766892 ], [ -7199664.432225652039051, -7335745.110162137076259 ], [ -7199750.482192034833133, -7335653.037956041283906 ], [ -7199816.717289057560265, -7335572.572380267083645 ], [ -7199922.58212480135262, -7335514.931684887968004 ], [ -7200021.990430080331862, -7335480.50221100077033 ], [ -7200081.546357654966414, -7335503.51965142134577 ], [ -7200161.02847408130765, -7335468.896804615855217 ], [ -7200220.584401656873524, -7335376.827859222888947 ], [ -7200273.572479272261262, -7335238.919896534644067 ], [ -7200319.88138744328171, -7335181.28166694380343 ], [ -7200386.116484465077519, -7335100.820958103053272 ], [ -7200412.61052327323705, -7335020.167667134664953 ], [ -7200492.092639699578285, -7334951.119828875176609 ], [ -7200551.759886764921248, -7334951.119828875176609 ], [ -7200558.32773672323674, -7334847.645921546965837 ], [ -7200571.574756127782166, -7334686.538813386112452 ], [ -7200558.32773672323674, -7334571.464344935491681 ], [ -7200558.32773672323674, -7334375.938342958688736 ], [ -7200459.030750934034586, -7334272.472065883688629 ], [ -7200439.104562082327902, -7334168.813770223408937 ], [ -7200273.572479272261262, -7334007.91406986117363 ], [ -7200147.781454675830901, -7333973.297861446626484 ], [ -7200002.064241229556501, -7333858.233915158547461 ], [ -7199829.964308462105691, -7333789.196362119168043 ], [ -7199637.938186843879521, -7333536.257270663045347 ], [ -7199531.962031608447433, -7333536.257270663045347 ], [ -7199472.294784542173147, -7333524.654756795614958 ], [ -7199320.009721136651933, -7333513.245634987950325 ], [ -7199161.045488285832107, -7333490.234067198820412 ], [ -7199068.427671944722533, -7333409.597428422421217 ], [ -7199217.484470117837191, -7333359.900922345928848 ], [ -7199101.489560711197555, -7333306.143968753516674 ], [ -7198962.451516710221767, -7333202.498514036647975 ], [ -7198876.290230834856629, -7333202.498514036647975 ], [ -7198743.931356282904744, -7333202.498514036647975 ], [ -7198624.708181642927229, -7333145.068696446716785 ], [ -7198478.990968194790184, -7333053.027177045121789 ], [ -7198406.188021215610206, -7332914.966934236697853 ], [ -7198803.487283857539296, -7332811.520034359768033 ], [ -7198902.784269645810127, -7332685.065313681960106 ], [ -7199141.230618923902512, -7332593.029221825301647 ], [ -7199161.045488285832107, -7332535.410540550947189 ], [ -7199266.465046065859497, -7332515.688807814382017 ], [ -7199306.762701733037829, -7332420.36780246719718 ], [ -7199253.774624116718769, -7332351.342973979189992 ], [ -7199207.465715945698321, -7332305.520105828531086 ], [ -7199141.230618923902512, -7332236.496293543837965 ], [ -7199101.489560711197555, -7332121.457963581196964 ], [ -7199081.67469134926796, -7332052.435779883526266 ], [ -7199134.551449475809932, -7331879.979659573175013 ], [ -7199194.218696542084217, -7331822.366244742646813 ], [ -7199280.268662924878299, -7331787.953065709210932 ], [ -7199338.934034572914243, -7331769.393211941234767 ], [ -7199353.071609903126955, -7331764.946586867794394 ], [ -7199372.997798755764961, -7331764.946586867794394 ], [ -7199459.047765137627721, -7331741.94017587415874 ], [ -7199498.788823352195323, -7331684.327780492603779 ], [ -7199584.950109225697815, -7331649.915210382081568 ], [ -7199657.753056203946471, -7331603.903134717606008 ], [ -7199697.494114418514073, -7331523.285992572084069 ], [ -7199770.297061395831406, -7331511.879797525703907 ], [ -7199876.273216631263494, -7331592.303494609892368 ], [ -7199969.002352463081479, -7331649.915210382081568 ], [ -7200021.990430080331862, -7331626.90913862735033 ], [ -7200141.102285228669643, -7331534.885530058294535 ], [ -7200167.596324037760496, -7331523.285992572084069 ], [ -7200207.337382252328098, -7331523.285992572084069 ], [ -7200339.807576295919716, -7331523.285992572084069 ], [ -7200366.301615103147924, -7331534.885530058294535 ], [ -7200425.857542677782476, -7331592.303494609892368 ], [ -7200498.771809148602188, -7331534.885530058294535 ], [ -7200525.265847956761718, -7331500.28029424790293 ], [ -7200591.389625487849116, -7331500.28029424790293 ], [ -7200637.809853149577975, -7331500.28029424790293 ], [ -7200743.786008384078741, -7331408.451502007432282 ], [ -7200796.774086000397801, -7331408.451502007432282 ], [ -7200849.762163619510829, -7331408.451502007432282 ], [ -7200889.391902341507375, -7331419.857545829378068 ], [ -7200955.626999363303185, -7331454.462424898520112 ], [ -7201002.047227025032043, -7331454.462424898520112 ], [ -7201041.788285236805677, -7331580.897198654711246 ], [ -7201068.282324046827853, -7331638.315501857548952 ], [ -7201187.394179195165634, -7331638.315501857548952 ], [ -7201233.814406856894493, -7331718.933832732029259 ], [ -7201326.543542686849833, -7331707.334021579474211 ], [ -7201419.161359027028084, -7331764.946586867794394 ], [ -7201478.828606092371047, -7331856.972909330390394 ], [ -7201644.360688901506364, -7331879.979659573175013 ], [ -7201684.101747114211321, -7331868.379608952440321 ], [ -7201763.583863540552557, -7331937.400164157152176 ], [ -7201816.571941159665585, -7331994.821091393940151 ], [ -7201856.20167988166213, -7332109.857553877867758 ], [ -7201955.609985160641372, -7332339.935568137094378 ], [ -7202041.659951542504132, -7332374.351182280108333 ], [ -7202147.63610677793622, -7332362.943742792122066 ], [ -7202472.132422439754009, -7332351.342973979189992 ], [ -7202491.947291801683605, -7332408.960295688360929 ], [ -7202644.232355207204819, -7332512.401857204735279 ], [ -7202770.02337980363518, -7332604.436997783370316 ], [ -7202869.431685081683099, -7332719.48245052061975 ], [ -7203061.45780669990927, -7332593.029221825301647 ], [ -7203182.016815228387713, -7332857.539233506657183 ], [ -7203347.326259057037532, -7332725.089751245453954 ], [ -7203417.012260293588042, -7332733.017321215942502 ], [ -7203423.80274923145771, -7332749.839264667592943 ], [ -7203441.279909287579358, -7332745.778792237862945 ], [ -7203417.234899274073541, -7332923.861498086713254 ], [ -7203385.397524909116328, -7333056.314355464652181 ], [ -7203480.79832851793617, -7333111.423141147941351 ], [ -7203633.306030904874206, -7333288.16061014123261 ], [ -7203760.432889390736818, -7333310.204732890240848 ], [ -7203804.960685707628727, -7333365.508683447726071 ], [ -7203868.524114951491356, -7333453.879795925691724 ], [ -7204027.488347803242505, -7333453.879795925691724 ], [ -7204167.305628241039813, -7333608.386619010940194 ], [ -7204313.579439142718911, -7333520.013756080530584 ], [ -7204472.432352505624294, -7333520.013756080530584 ], [ -7204523.305359797552228, -7333597.364128503017128 ], [ -7204402.52371228672564, -7333696.760483181104064 ], [ -7204548.797523188404739, -7333829.226465498097241 ], [ -7204650.432218283414841, -7333840.249283660203218 ], [ -7204803.051240160129964, -7333840.249283660203218 ], [ -7205025.578902255743742, -7333862.488350179046392 ], [ -7205000.086738865822554, -7333663.692683732137084 ], [ -7204815.741662111133337, -7333641.647561983205378 ], [ -7204720.452177992090583, -7333542.25190959032625 ], [ -7204933.072405408136547, -7333487.526828392408788 ], [ -7205063.650168107822537, -7333453.879795925691724 ], [ -7205127.213597351685166, -7333520.013756080530584 ], [ -7205254.45177532825619, -7333641.647561983205378 ], [ -7205375.233422838151455, -7333641.647561983205378 ], [ -7205431.115807216614485, -7333641.647561983205378 ], [ -7205445.142063056118786, -7333641.647561983205378 ], [ -7205584.959343492053449, -7333663.692683732137084 ], [ -7205807.487005587667227, -7333696.760483181104064 ], [ -7205852.014801904559135, -7333873.511215345934033 ], [ -7205845.66959092952311, -7333950.671707686968148 ], [ -7206087.232885952107608, -7333983.934110253117979 ], [ -7206138.105893244035542, -7334105.381761260330677 ], [ -7206246.085799313150346, -7334182.737938798964024 ], [ -7206284.268384655937552, -7334282.141753263771534 ], [ -7206373.212657799944282, -7334348.282736366614699 ], [ -7206468.613461408764124, -7334381.546834575012326 ], [ -7206640.268116212449968, -7334503.000676797702909 ], [ -7206716.521967406384647, -7334580.360797909088433 ], [ -7206958.085262428037822, -7334436.664984001778066 ], [ -7206913.668785601854324, -7334226.831303274258971 ], [ -7206824.613192967139184, -7334061.289083337411284 ], [ -7206788.656997440382838, -7334037.695735235698521 ], [ -7206722.867178380489349, -7333994.957147045992315 ], [ -7206761.049763723276556, -7333818.203662910498679 ], [ -7206888.176622209139168, -7333862.488350179046392 ], [ -7206983.577425818890333, -7333939.648733475245535 ], [ -7207091.557331889867783, -7334050.072564684785903 ], [ -7207148.775550155900419, -7334061.482471729628742 ], [ -7207314.084993984550238, -7334094.358568411320448 ], [ -7207422.176219544373453, -7334017.003267368301749 ], [ -7207523.922234130091965, -7334061.289083337411284 ], [ -7207784.521162077784538, -7334061.289083337411284 ], [ -7207708.267310882918537, -7333983.934110253117979 ], [ -7207377.648423226550221, -7333807.180875902995467 ], [ -7207275.011852715164423, -7333766.957504563964903 ], [ -7207180.6129245236516, -7333729.828422816470265 ], [ -7206983.577425818890333, -7333718.805760694667697 ], [ -7206888.176622209139168, -7333586.341653566807508 ], [ -7206792.887138090096414, -7333475.924387007951736 ], [ -7206605.870393557474017, -7333410.951034185476601 ], [ -7206716.521967406384647, -7333343.464404410682619 ], [ -7206913.668785601854324, -7333299.182663728483021 ], [ -7207091.557331889867783, -7333420.619653603062034 ], [ -7207193.30334647372365, -7333442.857523744925857 ], [ -7207256.866775715723634, -7333177.747564373537898 ], [ -7207295.04936105851084, -7332978.969348022714257 ], [ -7207186.958135498687625, -7332879.58213934674859 ], [ -7207040.795644086785614, -7332758.153571954928339 ], [ -7206945.39484047703445, -7332504.087811848148704 ], [ -7206761.049763723276556, -7332150.845745363272727 ], [ -7206761.049763723276556, -7332040.4487962173298 ], [ -7206665.648960113525391, -7331830.679563565179706 ], [ -7206627.577694261446595, -7331676.014617627486587 ], [ -7206722.867178380489349, -7331521.546063435263932 ], [ -7206799.121029575355351, -7331433.196838573552668 ], [ -7206888.176622209139168, -7331311.790783171541989 ], [ -7207021.648691670037806, -7331444.216271524317563 ], [ -7207231.485931816510856, -7331422.177421190775931 ], [ -7207473.049226837232709, -7331411.158019371330738 ], [ -7207488.967914021573961, -7331414.251183222979307 ], [ -7207638.358670664951205, -7331444.216271524317563 ], [ -7207810.013325468637049, -7331444.216271524317563 ], [ -7207849.643064191564918, -7331367.66053259652108 ], [ -7207867.120224243961275, -7331333.829321663826704 ], [ -7207949.830605903640389, -7331256.50139044970274 ], [ -7207898.957598612643778, -7331124.07908843178302 ], [ -7207822.703747419640422, -7331046.75323623791337 ], [ -7207720.957732833921909, -7330914.334494424052536 ], [ -7207581.140452397055924, -7330903.315809899941087 ], [ -7207600.176085323095322, -7330726.632362534292042 ], [ -7207581.140452397055924, -7330583.200821662321687 ], [ -7207689.231677958741784, -7330527.916592192836106 ], [ -7207784.521162077784538, -7330483.844130455516279 ], [ -7207879.921965686604381, -7330505.880330204032362 ], [ -7207860.886332760564983, -7330439.57861905451864 ], [ -7207841.739380344748497, -7330362.452847679145634 ], [ -7207892.612387637607753, -7330274.116748020984232 ], [ -7207981.667980271391571, -7330263.098967671394348 ], [ -7208127.830471685156226, -7330274.116748020984232 ], [ -7208248.612119193188846, -7330373.470768339000642 ], [ -7208369.393766704015434, -7330329.205883163958788 ], [ -7208585.464898333884776, -7330218.834708698093891 ], [ -7208668.17527999356389, -7330196.799319695681334 ], [ -7208534.703210532665253, -7330042.360050454735756 ], [ -7208413.921563021838665, -7329965.044918801635504 ], [ -7208185.048689951188862, -7329943.010246575810015 ], [ -7208089.647886341437697, -7329898.747803581878543 ], [ -7208013.394035148434341, -7329821.434095053933561 ], [ -7207911.648020561784506, -7329689.036148568615317 ], [ -7207829.048958395607769, -7329523.590193830430508 ], [ -7207663.739514566957951, -7329435.26359136402607 ], [ -7207492.084859763272107, -7329402.020577649585903 ], [ -7207383.993634201586246, -7329357.954475461505353 ], [ -7207129.739917231723666, -7329247.597039712592959 ], [ -7206913.668785601854324, -7329280.646125564351678 ], [ -7206811.922771015204489, -7329104.192686416208744 ], [ -7206983.577425818890333, -7328960.597706775180995 ], [ -7207269.66851715836674, -7329004.854827920906246 ], [ -7207485.739648788236082, -7328739.895636011846364 ], [ -7207536.612656081095338, -7328618.531483347527683 ], [ -7207403.140586619265378, -7328519.199807775206864 ], [ -7207282.358939107507467, -7328508.184505300596356 ], [ -7207339.577157375402749, -7328408.854234469123185 ], [ -7207492.084859763272107, -7328364.600493742153049 ], [ -7207574.795241422019899, -7328375.615593516267836 ], [ -7207530.267445106059313, -7328199.182619909755886 ], [ -7207295.04936105851084, -7328044.589646251872182 ], [ -7207167.922502572648227, -7327967.29430796392262 ], [ -7206951.740051452070475, -7327790.870566601864994 ], [ -7206913.668785601854324, -7327559.187615525908768 ], [ -7206824.613192967139184, -7327459.869424398057163 ], [ -7206716.521967406384647, -7327426.63482559658587 ], [ -7206659.303749138489366, -7327393.593591523356736 ], [ -7206589.395108920522034, -7327250.223307565785944 ], [ -7206729.212389355525374, -7327150.909048744477332 ], [ -7206907.212255134247243, -7327183.949255245737731 ], [ -7206977.232214843854308, -7327183.949255245737731 ], [ -7206939.049629501998425, -7326908.038842019625008 ], [ -7206840.754519131034613, -7326831.527598003856838 ], [ -7206754.704552749171853, -7326764.677478659898043 ], [ -7206710.176756431348622, -7326731.445840525440872 ], [ -7206557.557734553702176, -7326643.34404294937849 ], [ -7206482.52839775942266, -7326585.962485993281007 ], [ -7206398.704821191728115, -7326521.819292137399316 ], [ -7206284.268384655937552, -7326356.440477401949465 ], [ -7206227.050166388973594, -7326246.125483023934066 ], [ -7206208.014533462934196, -7325970.248225308954716 ], [ -7206290.613595630973577, -7325782.664987867698073 ], [ -7206042.7050896352157, -7325771.653547612018883 ], [ -7205845.66959092952311, -7325672.358103888109326 ], [ -7205686.705358078703284, -7325672.358103888109326 ], [ -7205527.741125224158168, -7325661.346819271333516 ], [ -7205381.578633814118803, -7325584.075083582662046 ], [ -7205286.177830202504992, -7325506.997289452701807 ], [ -7205146.360549767501652, -7325396.694301755167544 ], [ -7205343.396048471331596, -7325220.135496312752366 ], [ -7205591.304554467089474, -7325264.178237974643707 ], [ -7205604.106295908801258, -7325209.124849732965231 ], [ -7205616.79671785980463, -7325087.622430399991572 ], [ -7205559.578499592840672, -7324911.263778598979115 ], [ -7205584.959343492053449, -7324800.969210288487375 ], [ -7205635.832350784912705, -7324723.705992756411433 ], [ -7205597.649765443056822, -7324646.443540099076927 ], [ -7205629.48713980987668, -7324547.162411321885884 ], [ -7205801.141794613562524, -7324514.13336634542793 ], [ -7205826.522638513706625, -7324447.882545455358922 ], [ -7205788.451372662559152, -7324326.585123788565397 ], [ -7205883.740856781601906, -7324260.335894875228405 ], [ -7205966.451238440349698, -7324249.326602285727859 ], [ -7206118.958940827287734, -7324315.575737750157714 ], [ -7206386.014399240724742, -7324359.613375086337328 ], [ -7206532.176890652626753, -7324370.815971596166492 ], [ -7206593.736569060944021, -7324295.874769913032651 ], [ -7206595.740319894626737, -7324293.55701226182282 ], [ -7206583.049897945486009, -7324017.748765869066119 ], [ -7206449.577828483656049, -7323918.47563401889056 ], [ -7206208.014533462934196, -7323830.212450713850558 ], [ -7205972.796449417248368, -7323819.203764821402729 ], [ -7205813.832216562703252, -7323819.203764821402729 ], [ -7205680.360147102735937, -7323951.695296325720847 ], [ -7205645.517146484926343, -7323970.043426235206425 ], [ -7205534.086336201056838, -7324028.75773180834949 ], [ -7205375.233422838151455, -7323984.721961220726371 ], [ -7205305.213463129475713, -7323808.195094453170896 ], [ -7205178.0866046436131, -7323576.630346021614969 ], [ -7204872.959880379959941, -7323333.871343112550676 ], [ -7204726.79738896805793, -7323322.863357251510024 ], [ -7204555.142734164372087, -7323322.863357251510024 ], [ -7204408.868923261761665, -7323201.583417976275086 ], [ -7204389.833290335722268, -7323113.328341045416892 ], [ -7204345.305494019761682, -7322981.044153649359941 ], [ -7204250.016009900718927, -7322890.28111751191318 ], [ -7204183.224315423518419, -7322826.747620172798634 ], [ -7204148.269995314069092, -7322793.532745342701674 ], [ -7204103.742198997177184, -7322683.268098729662597 ], [ -7203595.123445561155677, -7322341.476902406662703 ], [ -7203538.016546785831451, -7322407.516746727749705 ], [ -7203468.107906568795443, -7322440.72997900750488 ], [ -7203436.493171182461083, -7322395.930768716149032 ], [ -7203398.087946859188378, -7322341.476902406662703 ], [ -7203345.767786186188459, -7322341.476902406662703 ], [ -7203283.651510322466493, -7322341.476902406662703 ], [ -7203289.996721297502518, -7322528.97745135333389 ], [ -7203251.925455447286367, -7322595.018882037140429 ], [ -7203143.834229887463152, -7322628.232912147417665 ], [ -7202883.235301938839257, -7322628.232912147417665 ], [ -7202883.235301938839257, -7322705.28228201251477 ], [ -7202845.052716597914696, -7322837.754906385205686 ], [ -7202768.798865404911339, -7322948.021735383197665 ], [ -7202711.580647136084735, -7322970.036665372550488 ], [ -7202660.707639844156802, -7323036.274943221360445 ], [ -7202597.144210602156818, -7323146.544576740823686 ], [ -7202533.580781357362866, -7323256.815768103115261 ], [ -7202438.179977748543024, -7323477.362824569456279 ], [ -7202355.580915580503643, -7323797.186439612880349 ], [ -7202221.997526628896594, -7323995.73088057525456 ], [ -7202164.779308361001313, -7324117.023160413838923 ], [ -7202091.865041890181601, -7324279.843626899644732 ], [ -7202075.835035216994584, -7324315.575737750157714 ], [ -7201897.835169438272715, -7324260.335894875228405 ], [ -7201815.236107270233333, -7324337.594525358639657 ], [ -7201637.236241491511464, -7324282.547672810032964 ], [ -7201560.982390297576785, -7324150.050524905323982 ], [ -7201255.744346543215215, -7324017.748765869066119 ], [ -7201033.216684446670115, -7323940.493301372975111 ], [ -7200969.653255203738809, -7323863.431737358681858 ], [ -7200874.363771084696054, -7323764.160568254999816 ], [ -7200810.577702859416604, -7323627.809619779698551 ], [ -7200791.65338942501694, -7323587.63868978433311 ], [ -7200619.998734621331096, -7323488.371028325520456 ], [ -7200575.916216269135475, -7323484.315372505225241 ], [ -7200499.217087110504508, -7323477.362824569456279 ], [ -7200365.74501764960587, -7323455.346463629044592 ], [ -7200187.745151871815324, -7323543.605407887138426 ], [ -7200111.491300677880645, -7323554.613705072551966 ], [ -7200028.892238509841263, -7323587.63868978433311 ], [ -7199933.491434898227453, -7323543.605407887138426 ], [ -7199755.491569120436907, -7323455.346463629044592 ], [ -7199590.182125294581056, -7323300.847432103008032 ], [ -7199507.583063124679029, -7323135.536855064332485 ], [ -7199513.928274099715054, -7323014.066711625084281 ], [ -7199590.182125294581056, -7322870.77685815282166 ], [ -7199749.146358145400882, -7322804.539984716102481 ], [ -7199927.146223923191428, -7322705.28228201251477 ], [ -7199984.364442192018032, -7322573.005009724758565 ], [ -7199857.126264216378331, -7322473.750251189805567 ], [ -7199742.801147170364857, -7322352.483504327014089 ], [ -7199691.9281398775056, -7322198.006300537846982 ], [ -7199736.344616704620421, -7322076.743837364949286 ], [ -7199780.872413022443652, -7321878.248202072456479 ], [ -7199971.674020241014659, -7321690.95636507216841 ], [ -7200092.45566775277257, -7321679.757614102214575 ], [ -7200230.380516845732927, -7321687.480888914316893 ], [ -7200289.491166456602514, -7321690.95636507216841 ], [ -7200448.455399309284985, -7321646.740700451657176 ], [ -7200592.948098359629512, -7321486.485150241293013 ], [ -7200677.328272381797433, -7321393.229519034735858 ], [ -7200880.708982058800757, -7321128.52861000597477 ], [ -7201058.708847837522626, -7320864.029737805016339 ], [ -7201338.343408711254597, -7320599.346771923825145 ], [ -7201509.998063514940441, -7320444.904256512410939 ], [ -7201745.327467050403357, -7320279.654148617759347 ], [ -7201942.362965756095946, -7320114.214495508000255 ], [ -7201859.652584096416831, -7319827.550818389281631 ], [ -7201707.144881708547473, -7319728.330960735678673 ], [ -7201522.799804955720901, -7319618.109601221978664 ], [ -7201376.525994054041803, -7319596.104122098535299 ], [ -7201213.665579022839665, -7319523.332058303058147 ], [ -7201179.490495348349214, -7319507.889797792769969 ], [ -7200937.927200327627361, -7319397.671550390310585 ], [ -7200798.109919890761375, -7319408.674002550542355 ], [ -7200829.835974766872823, -7319452.876992943696678 ], [ -7200753.582123572938144, -7319541.090695654042065 ], [ -7200594.617890721186996, -7319607.106853908859193 ], [ -7200410.272813966497779, -7319607.106853908859193 ], [ -7200588.27267974615097, -7319739.526912682689726 ], [ -7200531.054461477324367, -7319805.544748920015991 ], [ -7200448.455399309284985, -7319816.547775900922716 ], [ -7200556.435305379331112, -7319882.759300775825977 ], [ -7200600.963101697154343, -7319904.765587896108627 ], [ -7200609.200744014233351, -7319947.813153457827866 ], [ -7200626.455265088006854, -7320036.997654431499541 ], [ -7200677.328272381797433, -7320070.200802498497069 ], [ -7200588.27267974615097, -7320103.211048992350698 ], [ -7200473.836243209429085, -7320202.435671190731227 ], [ -7200365.74501764960587, -7320114.214495508000255 ], [ -7200232.27294818777591, -7320169.425005139783025 ], [ -7200136.872144578956068, -7320114.214495508000255 ], [ -7200041.582660459913313, -7320147.417971983551979 ], [ -7199927.146223923191428, -7320070.200802498497069 ], [ -7199888.963638582266867, -7320059.197418019175529 ], [ -7199806.364576414227486, -7320125.217957531102002 ], [ -7199679.237717928364873, -7320169.425005139783025 ], [ -7199596.527336268685758, -7320202.435671190731227 ], [ -7199482.090899732895195, -7320136.221435065381229 ], [ -7199393.146626588888466, -7320092.207617985084653 ], [ -7199329.58319734595716, -7320103.211048992350698 ], [ -7199304.091033954173326, -7320191.43210032954812 ], [ -7199215.146760810166597, -7320279.654148617759347 ], [ -7199119.745957201346755, -7320202.435671190731227 ], [ -7199017.99994261469692, -7320180.428544981405139 ], [ -7198903.674825571477413, -7320092.207617985084653 ], [ -7198751.055803692899644, -7320070.200802498497069 ], [ -7198668.456741524860263, -7320169.425005139783025 ], [ -7198471.309923329390585, -7320246.643156053498387 ], [ -7198420.436916038393974, -7320169.425005139783025 ], [ -7198229.74662830773741, -7320114.214495508000255 ], [ -7198115.31019177287817, -7320081.204202486202121 ], [ -7197962.802489386871457, -7320081.204202486202121 ], [ -7197740.274827290326357, -7320092.207617985084653 ], [ -7197536.782798119820654, -7320048.194049045443535 ], [ -7197377.929884758777916, -7319915.768754718825221 ], [ -7197263.493448222987354, -7319607.106853908859193 ], [ -7197206.275229955092072, -7319408.674002550542355 ], [ -7197136.366589737124741, -7319188.241864973679185 ], [ -7197098.184004393406212, -7318989.819659191183746 ], [ -7197086.718096843920648, -7318961.060438835993409 ], [ -7197040.965786128304899, -7318846.603651894256473 ], [ -7196907.493716665543616, -7318714.391745402477682 ], [ -7196684.966054570861161, -7318670.192935850471258 ], [ -7196570.529618035070598, -7318670.192935850471258 ], [ -7196545.148774133995175, -7318791.402496066875756 ], [ -7196456.093181500211358, -7318978.817797280848026 ], [ -7196462.549711965955794, -7319089.030131731182337 ], [ -7196481.585344891063869, -7319199.244021999649704 ], [ -7196430.712337598204613, -7319364.664286945015192 ], [ -7196456.093181500211358, -7319530.08805688470602 ], [ -7196265.402893770486116, -7319794.541737446561456 ], [ -7196227.22030842769891, -7319915.768754718825221 ], [ -7196259.057682794518769, -7319992.98439675103873 ], [ -7196176.458620626479387, -7320191.43210032954812 ], [ -7196138.276035283692181, -7320224.442859438247979 ], [ -7196062.022184091620147, -7320566.33442750852555 ], [ -7195928.550114630721509, -7320654.367656177841127 ], [ -7195871.331896361894906, -7320786.805479945614934 ], [ -7195775.931092752143741, -7320919.05248758289963 ], [ -7195820.458889069966972, -7321150.538409106433392 ], [ -7195814.002358603291214, -7321327.005182045511901 ], [ -7195807.768467119894922, -7321646.740700451657176 ], [ -7195769.585881777107716, -7321745.984943768940866 ], [ -7195706.022452535107732, -7321922.465178035199642 ], [ -7195655.149445241317153, -7322175.993547854945064 ], [ -7195674.185078168287873, -7322429.7232526531443 ], [ -7195648.804234266281128, -7322595.018882037140429 ], [ -7195559.748641631565988, -7322694.275182609446347 ], [ -7195483.494790438562632, -7322782.525521493516862 ], [ -7195350.022720976732671, -7322881.78420645557344 ], [ -7195222.895862490870059, -7322992.051657451316714 ], [ -7194955.840404078364372, -7323190.575618679635227 ], [ -7194777.840538299642503, -7323102.320666213519871 ], [ -7194701.586687105707824, -7323080.305363123305142 ], [ -7194529.932032304815948, -7323179.567834909074008 ], [ -7194402.805173818953335, -7323333.871343112550676 ], [ -7194332.785214109346271, -7323422.128913775086403 ], [ -7194339.241744574159384, -7323488.371028325520456 ], [ -7194297.942213490605354, -7323829.246775891631842 ], [ -7194297.942213490605354, -7323939.527612906880677 ], [ -7194222.912876696325839, -7324147.732810555957258 ], [ -7194185.175569315440953, -7324160.093961700797081 ], [ -7194014.411470440216362, -7324216.105673165991902 ], [ -7193902.312743212096393, -7324191.769500870257616 ], [ -7193881.162039959803224, -7324180.567161350511014 ], [ -7193773.516092362813652, -7324242.952808412723243 ], [ -7193630.47054669354111, -7324160.093961700797081 ], [ -7193535.069743083789945, -7324215.333095102570951 ], [ -7193439.78025896474719, -7324270.379473591223359 ], [ -7193282.263179491274059, -7324325.039945865981281 ], [ -7193280.816026112996042, -7324325.619387551210821 ], [ -7193185.415222502313554, -7324242.952808412723243 ], [ -7192962.998879897408187, -7324132.667684068903327 ], [ -7192740.471217802725732, -7324160.093961700797081 ], [ -7192629.151727008633316, -7324160.093961700797081 ], [ -7192708.633843434043229, -7324325.619387551210821 ], [ -7192740.471217802725732, -7324463.527732320129871 ], [ -7192565.588297764770687, -7324601.438513948582113 ], [ -7192358.979322853498161, -7324684.108890218660235 ], [ -7192215.933777182362974, -7324849.645430070348084 ], [ -7192159.272156369872391, -7325065.987857785075903 ], [ -7192048.620582520030439, -7325152.912843496538699 ], [ -7191866.390576093457639, -7325152.912843496538699 ], [ -7191707.426343240775168, -7325097.86024013068527 ], [ -7191564.380797570571303, -7325180.535875003784895 ], [ -7191405.416564718820155, -7325594.120365955866873 ], [ -7191357.771822658367455, -7325621.744959152303636 ], [ -7191182.888902622275054, -7326035.546022963710129 ], [ -7191151.162847745232284, -7326145.858040624298155 ], [ -7191119.436792870052159, -7326173.291393954306841 ], [ -7190912.716498466208577, -7326200.918037374503911 ], [ -7190769.782272287644446, -7326118.23159212153405 ], [ -7190706.218843045644462, -7326366.486754012294114 ], [ -7190610.818039434961975, -7326587.121705191209912 ], [ -7190531.335923008620739, -7326780.134102754294872 ], [ -7190213.51877679489553, -7326835.39178425911814 ], [ -7190149.84402806032449, -7326945.715109045617282 ], [ -7190034.405716109089553, -7326970.832721455022693 ], [ -7190022.717169574461877, -7326973.344487142749131 ], [ -7189736.626078234985471, -7327166.36643788125366 ], [ -7189530.128422814421356, -7327166.36643788125366 ], [ -7189164.555215047672391, -7327028.410322673618793 ], [ -7189037.428356563672423, -7326863.020771745592356 ], [ -7188687.773835983127356, -7326614.749813676811755 ], [ -7188354.038002584129572, -7326173.291393954306841 ], [ -7188131.510340487584472, -7326173.291393954306841 ], [ -7187877.256623515859246, -7326035.546022963710129 ], [ -7187638.810274235904217, -7325897.609897083602846 ], [ -7187511.683415750041604, -7325869.984327378682792 ], [ -7187511.683415750041604, -7325401.137299147434533 ], [ -7187479.957360873930156, -7325235.589061574079096 ], [ -7187400.475244448520243, -7324932.318435537628829 ], [ -7187432.201299324631691, -7324822.023569683544338 ], [ -7187450.791654285974801, -7324621.140253115445375 ], [ -7187450.791654285974801, -7324552.18438361864537 ], [ -7187457.35950424335897, -7324414.274472309276462 ], [ -7187430.865465436130762, -7324150.050524905323982 ], [ -7187358.062518455088139, -7324023.736096293665469 ], [ -7187272.012552073225379, -7323908.818781965412199 ], [ -7187192.530435645021498, -7323828.281101188622415 ], [ -7187106.480469263158739, -7323782.315123518928885 ], [ -7187086.554280411452055, -7323633.024130661971867 ], [ -7187060.060241603292525, -7323518.112568750046194 ], [ -7187033.56620279327035, -7323414.790171829052269 ], [ -7186881.281139387749135, -7323242.331722394563258 ], [ -7186793.561380642466247, -7323050.179259514436126 ], [ -7186755.490114792250097, -7322966.753733276389539 ], [ -7186722.316906535997987, -7322713.972108294256032 ], [ -7186669.328828917816281, -7322610.660355354659259 ], [ -7186517.043765512295067, -7322449.805712411180139 ], [ -7186437.672968576662242, -7322357.890261831693351 ], [ -7186285.276585680432618, -7322311.932942414656281 ], [ -7186152.806391637772322, -7322254.583221632987261 ], [ -7186066.756425253115594, -7322208.626510438509285 ], [ -7186064.64135492965579, -7322207.467941381037235 ], [ -7185927.718381253071129, -7322139.691950952634215 ], [ -7185834.98924542311579, -7322047.780151935294271 ], [ -7185735.692259634844959, -7322047.780151935294271 ], [ -7185649.530973761342466, -7322128.106370457448065 ], [ -7185616.469084995798767, -7322151.084455207921565 ], [ -7185417.87511342111975, -7322357.890261831693351 ], [ -7185323.142226755619049, -7322467.377907086163759 ], [ -7185258.910880566574633, -7322541.722245343960822 ], [ -7185192.675783544778824, -7322564.70154769718647 ], [ -7184967.476453670300543, -7322610.660355354659259 ], [ -7184868.179467883892357, -7322518.743010638281703 ], [ -7184729.14142388291657, -7322610.660355354659259 ], [ -7184667.915703945793211, -7322541.915348442271352 ], [ -7184616.59741868916899, -7322484.177734585478902 ], [ -7184504.053413497284055, -7322438.219671631231904 ], [ -7184391.398088816553354, -7322553.115336374379694 ], [ -7184292.101103027351201, -7322622.053547006100416 ], [ -7184206.051136644557118, -7322587.680917700752616 ], [ -7184066.901773153804243, -7322553.115336374379694 ], [ -7183941.110748555511236, -7322713.972108294256032 ], [ -7183857.621130462735891, -7322675.350732201710343 ], [ -7183841.813762768171728, -7322668.012692347168922 ], [ -7183782.146515703760087, -7322828.871832093223929 ], [ -7183722.590588128194213, -7323184.975165348500013 ], [ -7183510.638277658261359, -7323276.900355957448483 ], [ -7183549.377460454590619, -7323494.744206020608544 ], [ -7183563.626355276443064, -7323575.664702570997179 ], [ -7183563.626355276443064, -7323943.197229718789458 ], [ -7183378.279403106309474, -7323966.180658458732069 ], [ -7183285.550267275422812, -7324012.147718982771039 ], [ -7183126.586034421809018, -7323920.2138686561957 ], [ -7183007.362859783694148, -7323621.629463247023523 ], [ -7182875.003985228016973, -7323552.682423741556704 ], [ -7182755.780810589902103, -7323322.863357251510024 ], [ -7182610.063597141765058, -7323207.956361504271626 ], [ -7182517.334461310878396, -7322955.166925152763724 ], [ -7181934.576927008107305, -7322840.265342256054282 ], [ -7181669.747858410701156, -7322817.28522864356637 ], [ -7181378.424751004204154, -7322771.518313164822757 ], [ -7181312.189653982408345, -7322518.743010638281703 ], [ -7181444.548528535291553, -7322449.805712411180139 ], [ -7181513.121334863826632, -7322390.330885508097708 ], [ -7181656.500839006155729, -7322265.975893570110202 ], [ -7181974.429304711520672, -7322357.890261831693351 ], [ -7182252.505392713472247, -7322426.826748298481107 ], [ -7182424.716644970700145, -7322426.826748298481107 ], [ -7182435.403316086158156, -7322166.338851348496974 ], [ -7182437.963664375245571, -7322105.128353348001838 ], [ -7182212.764334500767291, -7321875.544988959096372 ], [ -7181908.194207689724863, -7321898.522330263629556 ], [ -7181656.500839006155729, -7321760.659296939149499 ], [ -7181696.241897219792008, -7321461.96441048104316 ], [ -7181788.971033049747348, -7321301.133436245843768 ], [ -7181828.712091263383627, -7321209.231510092504323 ], [ -7181908.194207689724863, -7321071.573716186918318 ], [ -7181987.565004624426365, -7321048.598808841779828 ], [ -7182045.896417800337076, -7320952.066323606297374 ], [ -7182077.622472677379847, -7320896.850278720259666 ], [ -7182114.803182601928711, -7320860.168506766669452 ], [ -7182210.092666720971465, -7320786.612420257180929 ], [ -7182310.725486397743225, -7320814.22000402584672 ], [ -7182459.114367625676095, -7320860.168506766669452 ], [ -7182555.51704665273428, -7320882.949797487817705 ], [ -7182575.665874486789107, -7320887.776350666768849 ], [ -7182776.93151384126395, -7320952.066323606297374 ], [ -7182909.401707882992923, -7320961.140326388180256 ], [ -7182994.22715986892581, -7320988.748527379706502 ], [ -7183068.36594073753804, -7320952.066323606297374 ], [ -7183084.173308430239558, -7320887.776350666768849 ], [ -7183053.89440693333745, -7320840.283197175711393 ], [ -7183031.296550303697586, -7320804.953111874870956 ], [ -7183021.611754603683949, -7320799.740489874966443 ], [ -7182946.471098317764699, -7320759.197993125766516 ], [ -7182898.826356258243322, -7320713.250084680505097 ], [ -7182798.193536581471562, -7320639.695382460951805 ], [ -7182738.081011553294957, -7320603.400929109193385 ], [ -7182676.298694162629545, -7320566.141373272053897 ], [ -7182602.15991329587996, -7320511.121110827662051 ], [ -7182480.265070875175297, -7320409.962061233818531 ], [ -7182395.550938381813467, -7320364.016208238899708 ], [ -7182342.562860765494406, -7320207.840939749963582 ], [ -7182305.49347033072263, -7319959.781577085144818 ], [ -7182310.725486397743225, -7319831.218502665869892 ], [ -7182331.987509139813483, -7319555.5678755575791 ], [ -7182342.562860765494406, -7319371.806197613477707 ], [ -7182300.150134772993624, -7319032.090114946477115 ], [ -7182278.9994315225631, -7318848.340757536701858 ], [ -7182294.918118705973029, -7318554.389381260611117 ], [ -7182305.49347033072263, -7318407.514343578368425 ], [ -7182390.207602825947106, -7318242.114356502890587 ], [ -7182448.539016000926495, -7318058.383589556440711 ], [ -7182496.183758060447872, -7317957.449304413050413 ], [ -7182570.322538927197456, -7317874.65714593604207 ], [ -7182686.874045788310468, -7317654.268312918022275 ], [ -7182814.000904274173081, -7317479.814313161186874 ], [ -7183068.36594073753804, -7317498.147238262929022 ], [ -7183153.080073229968548, -7317498.147238262929022 ], [ -7183164.323341800831258, -7317500.077022355981171 ], [ -7183312.044306084513664, -7317525.743196157738566 ], [ -7183481.472571070306003, -7317599.268567064777017 ], [ -7183778.250333526171744, -7317562.409305080771446 ], [ -7183857.621130462735891, -7317562.409305080771446 ], [ -7183905.377192012034357, -7317562.409305080771446 ], [ -7183990.091324504464865, -7317580.935404536314309 ], [ -7184127.904854107648134, -7317617.601772637106478 ], [ -7184212.618986601009965, -7317580.935404536314309 ], [ -7184276.182415843941271, -7317470.744355605915189 ], [ -7184288.650198814459145, -7317461.481431104242802 ], [ -7184376.815235521644354, -7317397.220194920897484 ], [ -7184615.261584800668061, -7317222.77193805295974 ], [ -7184726.469756102189422, -7317075.728978738188744 ], [ -7184747.620459354482591, -7316947.21338433213532 ], [ -7184678.825014042668045, -7316882.956380310468376 ], [ -7184652.330975235439837, -7316763.513084138743579 ], [ -7184657.562991301529109, -7316607.409818064421415 ], [ -7184684.057030110619962, -7316442.240909626707435 ], [ -7184731.813091661781073, -7316341.134563367813826 ], [ -7184779.45783372130245, -7316056.538804363459349 ], [ -7184827.102575780823827, -7315900.449670429341495 ], [ -7184890.777324513532221, -7315836.201279442757368 ], [ -7184917.160043832845986, -7315726.034848313778639 ], [ -7184906.584692207165062, -7315588.280762114562094 ], [ -7184922.503379389643669, -7315478.117828415706754 ], [ -7184821.870559713803232, -7315441.268577482551336 ], [ -7184795.376520903781056, -7315312.779879451729357 ], [ -7184752.963794912211597, -7315193.36059766355902 ], [ -7184742.388443287461996, -7314945.65340274758637 ], [ -7184731.813091661781073, -7314798.653315050527453 ], [ -7184721.126420545391738, -7314624.263098645024002 ], [ -7184768.882482094690204, -7314449.876776305027306 ], [ -7184816.527224154211581, -7314330.470688733272254 ], [ -7184827.102575780823827, -7314128.506873725913465 ], [ -7184885.433988955803216, -7313990.78096358012408 ], [ -7184779.45783372130245, -7313908.223739153705537 ], [ -7184774.114498161710799, -7313770.501713525503874 ], [ -7184795.376520903781056, -7313706.270842946134508 ], [ -7184715.894404477439821, -7313596.134453471750021 ], [ -7184641.755623608827591, -7313559.486962475813925 ], [ -7184604.574913684278727, -7313522.646763266064227 ], [ -7184562.273507182486355, -7313449.159764512442052 ], [ -7184620.493600866757333, -7313293.122734490782022 ], [ -7184721.126420545391738, -7313182.992170856334269 ], [ -7184774.114498161710799, -7313164.669373114593327 ], [ -7184742.388443287461996, -7313063.798319456167519 ], [ -7184684.057030110619962, -7312971.993292100727558 ], [ -7184615.261584800668061, -7312843.545211996883154 ], [ -7184578.192194366827607, -7312770.06460252776742 ], [ -7184588.767545992508531, -7312623.105457436293364 ], [ -7184652.330975235439837, -7312623.105457436293364 ], [ -7184721.126420545391738, -7312632.362644814886153 ], [ -7184774.114498161710799, -7312632.362644814886153 ], [ -7184774.114498161710799, -7312503.920149903744459 ], [ -7184763.53914653789252, -7312366.222884191200137 ], [ -7184821.870559713803232, -7312237.78476566914469 ], [ -7184795.376520903781056, -7312118.412492098286748 ], [ -7184742.388443287461996, -7312026.61857586633414 ], [ -7184646.987639675848186, -7311925.762218404561281 ], [ -7184668.13834292627871, -7311806.394713248126209 ], [ -7184731.813091661781073, -7311696.285110265947878 ], [ -7184805.95187252946198, -7311604.496154645457864 ], [ -7184890.777324513532221, -7311512.708277625031769 ], [ -7185054.97357343416661, -7311145.760376406833529 ], [ -7185113.193667118437588, -7310952.941273095086217 ], [ -7185219.169822353869677, -7310870.416151342913508 ], [ -7185282.733251597732306, -7310714.430627363733947 ], [ -7185303.88395484816283, -7310530.876867720857263 ], [ -7185303.88395484816283, -7310356.581911711022258 ], [ -7185298.651938781142235, -7310218.922493792138994 ], [ -7185330.377993655391037, -7310062.94997825846076 ], [ -7185319.802642030641437, -7309989.495521157979965 ], [ -7185367.447384090162814, -7309870.350390187464654 ], [ -7185478.766874883323908, -7309778.582887335680425 ], [ -7185510.492929760366678, -7309723.445788499899209 ], [ -7185531.754952502436936, -7309668.501863835379481 ], [ -7185584.743030118755996, -7309622.61916319001466 ], [ -7185505.260913692414761, -7309585.79752691090107 ], [ -7185431.010813334025443, -7309604.304715075530112 ], [ -7185303.88395484816283, -7309604.304715075530112 ], [ -7185219.169822353869677, -7309585.79752691090107 ], [ -7185182.100431920029223, -7309448.344470192678273 ], [ -7185198.019119103439152, -7309374.895791764371097 ], [ -7185224.513157911598682, -7309292.387338776141405 ], [ -7185251.007196720689535, -7309209.686983475461602 ], [ -7185192.675783544778824, -7309182.313165944069624 ], [ -7185092.042963868007064, -7309136.433320673182607 ], [ -7185113.193667118437588, -7309044.674438437446952 ], [ -7185145.031041485257447, -7308980.482415724545717 ], [ -7185182.100431920029223, -7308907.038135793991387 ], [ -7185183.547585301101208, -7308898.556426154449582 ], [ -7185198.019119103439152, -7308815.281947794370353 ], [ -7185166.181744736619294, -7308778.656879561021924 ], [ -7185076.124276683665812, -7308723.526837430894375 ], [ -7184980.72347307484597, -7308714.274281074292958 ], [ -7184869.515301773324609, -7308851.907187727279961 ], [ -7184845.915569723583758, -7308927.856916680000722 ], [ -7184832.445911336690187, -7308971.229555045254529 ], [ -7184784.80116927716881, -7308980.482415724545717 ], [ -7184730.699896753765643, -7308937.109725994057953 ], [ -7184646.987639675848186, -7308870.219872080720961 ], [ -7184551.698155556805432, -7308870.219872080720961 ], [ -7184514.628765122964978, -7308833.594546297565103 ], [ -7184435.146648696623743, -7308870.219872080720961 ], [ -7184292.101103027351201, -7308888.725365137681365 ], [ -7184207.275651044212282, -7308897.7853620974347 ], [ -7184117.218182992190123, -7308897.7853620974347 ], [ -7184027.160714939236641, -7308925.350949375890195 ], [ -7183958.365269629284739, -7309007.855526072904468 ], [ -7183841.813762768171728, -7309108.866988597437739 ], [ -7183709.343568724580109, -7309200.626624802127481 ], [ -7183534.460648689419031, -7309301.447803872637451 ], [ -7183439.171164570376277, -7309429.837651495821774 ], [ -7183338.538344891741872, -7309494.226147290319204 ], [ -7183243.137541282922029, -7309475.71921990159899 ], [ -7183179.574112039990723, -7309466.658552686683834 ], [ -7183116.010682797059417, -7309503.286846479400992 ], [ -7183041.871901928447187, -7309585.79752691090107 ], [ -7183010.034527561627328, -7309714.384833965450525 ], [ -7182962.389785502105951, -7309815.212643659673631 ], [ -7182919.977059509605169, -7309888.665462026372552 ], [ -7182877.56433351803571, -7310017.064960833638906 ], [ -7182824.687575390562415, -7310163.975084198638797 ], [ -7182782.274849397130311, -7310218.922493792138994 ], [ -7182723.943436222150922, -7310264.808696895837784 ], [ -7182713.368084597401321, -7310356.581911711022258 ], [ -7182686.874045788310468, -7310466.672631731256843 ], [ -7182628.653952103108168, -7310521.814976603724062 ], [ -7182565.090522861108184, -7310622.653208411298692 ], [ -7182538.596484052948654, -7310723.492741925641894 ], [ -7182586.241226112470031, -7310806.20912460796535 ], [ -7182612.735264920629561, -7310971.258883308619261 ], [ -7182586.241226112470031, -7311090.613626893609762 ], [ -7182543.828500119969249, -7311200.714692406356335 ], [ -7182506.759109685197473, -7311292.498903325758874 ], [ -7182427.276993258856237, -7311329.135759264230728 ], [ -7182358.481547948904335, -7311365.965613955631852 ], [ -7182310.725486397743225, -7311457.751766637898982 ], [ -7182294.918118705973029, -7311549.538997874595225 ], [ -7182289.574783147312701, -7311696.285110265947878 ], [ -7182273.656095963902771, -7311815.650932734832168 ], [ -7182215.436002280563116, -7312008.298490625806153 ], [ -7182120.035198669880629, -7312145.989446566440165 ], [ -7182029.977730617858469, -7312182.630305916070938 ], [ -7181929.344910940155387, -7312210.207487110979855 ], [ -7181855.20613007247448, -7312256.105389168485999 ], [ -7181796.874716896563768, -7312237.78476566914469 ], [ -7181749.229974837042391, -7312274.426055639050901 ], [ -7181722.735936027020216, -7312356.966012233868241 ], [ -7181706.817248844541609, -7312494.663114754483104 ], [ -7181659.172506785020232, -7312604.783973094075918 ], [ -7181611.527764725498855, -7312751.742773457430303 ], [ -7181537.277664365246892, -7312870.931862706318498 ], [ -7181484.400906239636242, -7312926.091183075681329 ], [ -7181378.424751004204154, -7313008.638026559725404 ], [ -7181219.460518151521683, -7313128.023906582035124 ], [ -7181129.403050099499524, -7313146.346618358045816 ], [ -7180970.438817246817052, -7313274.799678385257721 ], [ -7180827.393271576613188, -7313320.703836841508746 ], [ -7180695.034397024661303, -7313394.189626949839294 ], [ -7180615.552280598320067, -7313430.836342337541282 ], [ -7180514.919460920616984, -7313531.905016875825822 ], [ -7180424.750673378817737, -7313642.04050060082227 ], [ -7180281.816447200253606, -7313752.177537434734404 ], [ -7180138.770901530049741, -7313926.548281371593475 ], [ -7180027.45141073781997, -7314055.01417407207191 ], [ -7179852.67981019243598, -7314330.470688733272254 ], [ -7179730.78496777266264, -7314514.113762832246721 ], [ -7179593.082757662050426, -7314688.501519579440355 ], [ -7179518.943976792506874, -7314908.80666420981288 ], [ -7179402.392469933256507, -7315074.136060474440455 ], [ -7179407.735805490985513, -7315230.20867882296443 ], [ -7179322.910353506915271, -7315367.956448740325868 ], [ -7179211.70218220539391, -7315413.872911992482841 ], [ -7179164.057440144941211, -7315524.034939395263791 ], [ -7179126.876730219461024, -7315707.513149105012417 ], [ -7179100.382691410370171, -7315973.959739138372242 ], [ -7178983.831184549257159, -7316148.38009884301573 ], [ -7178840.78563888091594, -7316249.291001855395734 ], [ -7178628.944647901691496, -7316304.474188692867756 ], [ -7178390.609618111513555, -7316377.795110159553587 ], [ -7178183.889323708601296, -7316387.056749212555587 ], [ -7177950.897629479877651, -7316451.309672596864402 ], [ -7177696.532593017444015, -7316515.563124683685601 ], [ -7177489.923618105240166, -7316579.817105477675796 ], [ -7177342.759251275099814, -7316618.215382428839803 ], [ -7177121.901381543837488, -7316622.846343160606921 ], [ -7177027.613772840239108, -7316609.146425614133477 ], [ -7177006.240430608391762, -7316648.509633671492338 ], [ -7176917.852754918858409, -7316662.595535743050277 ], [ -7176705.900444447994232, -7316644.264572276733816 ], [ -7176504.634805092588067, -7316671.664554632268846 ], [ -7176287.339159064926207, -7316616.671729461289942 ], [ -7176117.910894077271223, -7316625.74069501273334 ], [ -7176006.591403284110129, -7316515.563124683685601 ], [ -7175921.877270789816976, -7316478.901931093074381 ], [ -7175715.268295879475772, -7316460.571398844011128 ], [ -7175614.635476200841367, -7316442.240909626707435 ], [ -7175513.891337032429874, -7316396.318399251438677 ], [ -7175439.752556165680289, -7316396.318399251438677 ], [ -7175349.69508811365813, -7316414.648780671879649 ], [ -7175159.004800383932889, -7316267.621038145385683 ], [ -7175047.685309590771794, -7316341.134563367813826 ], [ -7174968.314512654207647, -7316286.144065893255174 ], [ -7174909.983099479228258, -7316120.789008214138448 ], [ -7174830.500983053818345, -7316084.129667980596423 ], [ -7174724.636147309094667, -7316019.686823900789022 ], [ -7174470.271110847592354, -7316028.948038229718804 ], [ -7174343.144252359867096, -7315992.289129146374762 ], [ -7174269.005471492186189, -7315937.108148381114006 ], [ -7174125.959925821982324, -7315900.449670429341495 ], [ -7174062.39649657998234, -7315872.859455786645412 ], [ -7173951.188325276598334, -7315826.940293700434268 ], [ -7173861.130857224576175, -7315900.449670429341495 ], [ -7173755.154701989144087, -7315900.449670429341495 ], [ -7173686.247937189415097, -7315900.449670429341495 ], [ -7173580.271781953983009, -7315946.369264774955809 ], [ -7173490.21431390196085, -7315891.18860849365592 ], [ -7173379.006142600439489, -7315882.120495986193419 ], [ -7173278.373322921805084, -7315955.437451888807118 ], [ -7173220.041909745894372, -7315909.517804217524827 ], [ -7173129.984441696666181, -7315863.598426570184529 ], [ -7173039.926973643712699, -7315863.598426570184529 ], [ -7172939.294153966009617, -7315808.611291796900332 ], [ -7172865.15537309832871, -7315762.692507502622902 ], [ -7172769.754569488577545, -7315689.184427513740957 ], [ -7172743.260530678555369, -7315652.527113381773233 ], [ -7172658.546398185193539, -7315615.869971328414977 ], [ -7172563.145594576373696, -7315624.937774660997093 ], [ -7172478.431462083011866, -7315680.116549578495324 ], [ -7172494.350149266421795, -7315762.692507502622902 ], [ -7172526.076204142533243, -7315826.940293700434268 ], [ -7172600.21498501021415, -7315882.120495986193419 ], [ -7172637.395694934763014, -7315955.437451888807118 ], [ -7172764.411233930848539, -7316038.209263546392322 ], [ -7172928.718802341260016, -7316084.129667980596423 ], [ -7173013.432934835553169, -7316102.459316584281623 ], [ -7173087.683035193942487, -7316120.789008214138448 ], [ -7173177.629183756187558, -7316139.118742868304253 ], [ -7173230.617261372506618, -7316157.448520546779037 ], [ -7173310.099377798847854, -7316157.448520546779037 ], [ -7173341.936752166599035, -7316230.961008592508733 ], [ -7173288.948674547486007, -7316276.882546528242528 ], [ -7173193.547870938666165, -7316396.318399251438677 ], [ -7173124.752425628714263, -7316423.717511598952115 ], [ -7173071.764348010532558, -7316488.163690066896379 ], [ -7173039.926973643712699, -7316598.340873800218105 ], [ -7172976.363544400781393, -7316699.257591775618494 ], [ -7172875.73072472307831, -7316772.775180691853166 ], [ -7172764.411233930848539, -7316873.694153064861894 ], [ -7172715.653296962380409, -7316921.356147965416312 ], [ -7172679.697101435624063, -7316956.475698784925044 ], [ -7172573.832265691831708, -7317002.401503580622375 ], [ -7172542.774127759970725, -7316982.718982735648751 ], [ -7172504.814181400462985, -7317008.383456020615995 ], [ -7172464.071247770451009, -7317027.48714127484709 ], [ -7172462.512774897739291, -7317075.728978738188744 ], [ -7172383.030658471398056, -7317075.728978738188744 ], [ -7172277.1658227276057, -7317066.659490545280278 ], [ -7172142.691877850331366, -7317066.659490545280278 ], [ -7172118.201589874923229, -7317066.659490545280278 ], [ -7172054.638160631991923, -7317029.802742660976946 ], [ -7171990.963411899283528, -7317020.733307812362909 ], [ -7172006.882099082693458, -7316892.025655136443675 ], [ -7172081.132199442014098, -7316892.025655136443675 ], [ -7172118.201589874923229, -7316827.769105253741145 ], [ -7172038.719473448581994, -7316772.775180691853166 ], [ -7171938.086653770878911, -7316745.181883762590587 ], [ -7171879.7552405949682, -7316763.513084138743579 ], [ -7171832.110498537309468, -7316827.769105253741145 ], [ -7171779.122420919127762, -7316974.807395200245082 ], [ -7171689.064952867105603, -7317066.659490545280278 ], [ -7171641.420210807584226, -7317103.32344376668334 ], [ -7171620.158188066445291, -7317195.177050895057619 ], [ -7171641.420210807584226, -7317222.77193805295974 ], [ -7171699.640304492786527, -7317268.699309124611318 ], [ -7171736.70969492662698, -7317332.95948759932071 ], [ -7171736.70969492662698, -7317433.885700325481594 ], [ -7171694.408288424834609, -7317535.006196893751621 ], [ -7171673.146265682764351, -7317571.672349313274026 ], [ -7171662.570914059877396, -7317645.198152716271579 ], [ -7171588.432133190333843, -7317645.198152716271579 ], [ -7171567.170110448263586, -7317672.794630329124629 ], [ -7171540.787391130812466, -7317709.461429795250297 ], [ -7171514.293352321721613, -7317773.725235786288977 ], [ -7171371.247806653380394, -7317856.323336794041097 ], [ -7171296.997706294059753, -7317883.920560610480607 ], [ -7171196.364886616356671, -7317893.183986272662878 ], [ -7171154.063480115495622, -7317893.183986272662878 ], [ -7171069.238028130494058, -7317911.517881967127323 ], [ -7171011.017934445291758, -7317920.588351545855403 ], [ -7170936.767834085971117, -7318003.380997056141496 ], [ -7170878.547740401700139, -7318040.049349006265402 ], [ -7170836.13501441013068, -7318141.177696223370731 ], [ -7170735.502194731496274, -7318177.846695315092802 ], [ -7170634.869375054724514, -7318187.110469702631235 ], [ -7170507.742516569793224, -7318278.783829641528428 ], [ -7170338.20293209142983, -7318251.378207142464817 ], [ -7170274.639502847567201, -7318232.850516855716705 ], [ -7170205.732738045975566, -7318398.250307681970298 ], [ -7170232.226776855997741, -7318517.718613709323108 ], [ -7170184.582034796476364, -7318609.58886138163507 ], [ -7170205.732738045975566, -7318710.531577390618622 ], [ -7170142.169308803975582, -7318830.004661902785301 ], [ -7170105.099918370135128, -7318774.803623434156179 ], [ -7170020.274466386064887, -7318811.668609332293272 ], [ -7170030.961137502454221, -7318949.286560395732522 ], [ -7170083.837895628064871, -7319004.488832517527044 ], [ -7170126.250621621496975, -7319032.090114946477115 ], [ -7170168.663347613066435, -7319041.16188642103225 ], [ -7170232.226776855997741, -7319059.498477966524661 ], [ -7170264.0641512228176, -7319059.498477966524661 ], [ -7170295.790206098929048, -7319087.099954867735505 ], [ -7170354.121619273908436, -7319188.241864973679185 ], [ -7170406.998377401381731, -7319252.517843726091087 ], [ -7170438.83575176820159, -7319344.396738190203905 ], [ -7170491.823829386383295, -7319408.674002550542355 ], [ -7170523.54988426156342, -7319427.011457270942628 ], [ -7170518.317868193611503, -7319509.627050574868917 ], [ -7170576.537961878813803, -7319638.377860549837351 ], [ -7170550.043923070654273, -7319702.657545334659517 ], [ -7170507.742516569793224, -7319711.730096017941833 ], [ -7170406.998377401381731, -7319785.276055600494146 ], [ -7170359.353635341860354, -7319812.880098516121507 ], [ -7170311.708893282338977, -7319766.937759370543063 ], [ -7170221.651425230316818, -7319675.05389213655144 ], [ -7170099.7565828114748, -7319601.508970874361694 ], [ -7170052.111840751953423, -7319546.495506343431771 ], [ -7170052.111840751953423, -7319665.788352101109922 ], [ -7170052.111840751953423, -7319766.937759370543063 ], [ -7169988.548411509022117, -7319785.276055600494146 ], [ -7169930.328317823819816, -7319785.276055600494146 ], [ -7169887.915591831319034, -7319684.319443167187274 ], [ -7169803.090139848180115, -7319601.508970874361694 ], [ -7169681.306616920046508, -7319546.495506343431771 ], [ -7169591.249148868024349, -7319527.964742415584624 ], [ -7169522.342384067364037, -7319427.011457270942628 ], [ -7169564.755110060796142, -7319353.468872557394207 ], [ -7169591.249148868024349, -7319344.396738190203905 ], [ -7169527.68571962416172, -7319252.517843726091087 ], [ -7169469.354306449182332, -7319114.701529351063073 ], [ -7169511.767032441683114, -7318949.286560395732522 ], [ -7169569.987126126885414, -7318738.131820634938776 ], [ -7169644.237226485274732, -7318609.58886138163507 ], [ -7169713.032671796157956, -7318536.053975954651833 ], [ -7169776.596101039089262, -7318379.915269045159221 ], [ -7169840.159530282020569, -7318242.114356502890587 ], [ -7169977.973059883341193, -7318177.846695315092802 ], [ -7170078.605879561975598, -7318122.650267434306443 ], [ -7170163.320012054406106, -7318104.315875973552465 ], [ -7170248.14546403940767, -7318085.981527564115822 ], [ -7170322.284244908951223, -7318085.981527564115822 ], [ -7170306.365557723678648, -7317957.449304413050413 ], [ -7170301.133541656658053, -7317883.920560610480607 ], [ -7170221.651425230316818, -7317828.919197078794241 ], [ -7170120.907286061905324, -7317737.058134538121521 ], [ -7169956.822356632910669, -7317727.794894099235535 ], [ -7169877.340240206569433, -7317709.461429795250297 ], [ -7169787.171452662907541, -7317645.198152716271579 ], [ -7169702.45732016954571, -7317479.814313161186874 ], [ -7169718.376007353886962, -7317332.95948759932071 ], [ -7169739.526710604317486, -7317268.699309124611318 ], [ -7169787.171452662907541, -7317222.77193805295974 ], [ -7169654.812578110024333, -7317195.177050895057619 ], [ -7169591.249148868024349, -7317139.987569141201675 ], [ -7169548.836422875523567, -7317084.991445637308061 ], [ -7169564.755110060796142, -7317002.401503580622375 ], [ -7169538.261071250773966, -7316993.139134651049972 ], [ -7169479.929658074863255, -7316928.881752700544894 ], [ -7169437.628251573070884, -7316827.769105253741145 ], [ -7169379.296838398091495, -7316791.106445847079158 ], [ -7169320.965425221249461, -7316708.519612113013864 ], [ -7169363.378151213750243, -7316460.571398844011128 ], [ -7169326.30876077990979, -7316276.882546528242528 ], [ -7169421.709564389660954, -7316056.538804363459349 ], [ -7169501.19168081600219, -7316001.357369584031403 ], [ -7169596.481164935044944, -7315909.517804217524827 ], [ -7169739.526710604317486, -7315771.953417053446174 ], [ -7169903.834279016591609, -7315560.691650367341936 ], [ -7169999.123763135634363, -7315367.956448740325868 ], [ -7170226.883441297337413, -7315092.463338575325906 ], [ -7170338.20293209142983, -7314982.30739891063422 ], [ -7170475.905142202042043, -7314862.89317046944052 ], [ -7170539.468571445904672, -7314826.239734772592783 ], [ -7170640.101391122676432, -7314798.653315050527453 ], [ -7170693.089468738995492, -7314844.56643111910671 ], [ -7170809.640975600108504, -7314927.133554317988455 ], [ -7170841.478349966928363, -7314862.89317046944052 ], [ -7170709.008155924268067, -7314762.000180857256055 ], [ -7170656.020078305155039, -7314706.827892693690956 ], [ -7170809.640975600108504, -7314651.848902360536158 ], [ -7170899.698443652130663, -7314697.761155356653035 ], [ -7171101.075402496382594, -7314725.154308817349374 ], [ -7171206.940238241106272, -7314725.154308817349374 ], [ -7171291.765690227039158, -7314734.413988054729998 ], [ -7171450.729923077858984, -7314734.413988054729998 ], [ -7171408.317197086289525, -7314578.351277735084295 ], [ -7171371.247806653380394, -7314440.617434429004788 ], [ -7171281.190338600426912, -7314422.291685995645821 ], [ -7171159.295496181584895, -7314394.706693121232092 ], [ -7171048.087324880063534, -7314367.121797682717443 ], [ -7170857.285717659629881, -7314302.88602017890662 ], [ -7170814.984311158768833, -7314229.584577191621065 ], [ -7170751.420881913974881, -7314128.506873725913465 ], [ -7170671.938765489496291, -7314128.506873725913465 ], [ -7170597.799984620884061, -7314128.506873725913465 ], [ -7170422.91706458479166, -7314091.856884565204382 ], [ -7170338.20293209142983, -7314091.856884565204382 ], [ -7170285.214854472316802, -7313963.197494789026678 ], [ -7170226.883441297337413, -7313843.991735924966633 ], [ -7170200.38940248824656, -7313742.919022706337273 ], [ -7170120.907286061905324, -7313715.529314230196178 ], [ -7170046.768505193293095, -7313651.106012399308383 ], [ -7169935.560333890840411, -7313651.106012399308383 ], [ -7169840.159530282020569, -7313614.458263458684087 ], [ -7169718.376007353886962, -7313623.716625903733075 ], [ -7169654.812578110024333, -7313623.716625903733075 ], [ -7169532.917735692113638, -7313632.782116433605552 ], [ -7169426.941580457612872, -7313513.581400573253632 ], [ -7169305.158057529479265, -7313467.676108486019075 ], [ -7169241.594628287479281, -7313430.836342337541282 ], [ -7169146.193824675865471, -7313357.54308351315558 ], [ -7169029.64231781475246, -7313357.54308351315558 ], [ -7168960.735553015954792, -7313440.094487114809453 ], [ -7168913.09081095457077, -7313394.189626949839294 ], [ -7168844.295365645550191, -7313394.189626949839294 ], [ -7168679.987797234207392, -7313403.254851064644754 ], [ -7168632.343055174686015, -7313467.676108486019075 ], [ -7168489.29750950448215, -7313577.810686479322612 ], [ -7168330.333276651799679, -7313476.741417894139886 ], [ -7168240.275808600708842, -7313412.512963148765266 ], [ -7168102.573598489165306, -7313366.608265094459057 ], [ -7168017.859465995803475, -7313329.961851072497666 ], [ -7167858.895233143121004, -7313504.323168681934476 ], [ -7167858.895233143121004, -7313678.688378966413438 ], [ -7167731.768374656327069, -7313742.919022706337273 ], [ -7167615.216867797076702, -7313752.177537434734404 ], [ -7167482.746673752553761, -7313871.574783705174923 ], [ -7167376.770518518052995, -7313898.965039437636733 ], [ -7167451.020618875510991, -7314055.01417407207191 ], [ -7167551.653438554145396, -7314082.597967147827148 ], [ -7167631.135554979555309, -7314165.15703488048166 ], [ -7167657.629593789577484, -7314238.650771012529731 ], [ -7167710.617671405896544, -7314312.145198759622872 ], [ -7167758.262413465417922, -7314385.640318137593567 ], [ -7167800.563819968141615, -7314495.787841939367354 ], [ -7167827.057858775369823, -7314532.439726729877293 ], [ -7167864.238568701781332, -7314550.765733632259071 ], [ -7167901.307959136553109, -7314651.848902360536158 ], [ -7167911.88331076130271, -7314780.326726451516151 ], [ -7167959.528052820824087, -7314918.06656120531261 ], [ -7167970.103404445573688, -7315018.961567111313343 ], [ -7167980.790075562894344, -7315202.620832070708275 ], [ -7167991.3654271857813, -7315367.956448740325868 ], [ -7167991.3654271857813, -7315478.117828415706754 ], [ -7167959.528052820824087, -7315744.363656396046281 ], [ -7167811.250491083599627, -7315744.363656396046281 ], [ -7167694.698984222486615, -7315836.201279442757368 ], [ -7167631.135554979555309, -7316010.618562176823616 ], [ -7167604.641516170464456, -7316093.198015070520341 ], [ -7167556.885454621165991, -7316175.778341252356768 ], [ -7167504.008696494624019, -7316368.726432562805712 ], [ -7167466.827986569143832, -7316497.232506373897195 ], [ -7167408.607892883010209, -7316589.078984146937728 ], [ -7167408.607892883010209, -7316717.588684340938926 ], [ -7167435.101931693032384, -7316910.550164103507996 ], [ -7167440.333947760052979, -7316928.881752700544894 ], [ -7167493.322025379166007, -7317066.659490545280278 ], [ -7167546.310102995485067, -7317185.914453292265534 ], [ -7167609.873532238416374, -7317305.3642110330984 ], [ -7167699.93100028950721, -7317406.290067072026432 ], [ -7167652.286258229985833, -7317452.218517591245472 ], [ -7167647.054242162965238, -7317617.601772637106478 ], [ -7167705.274335849098861, -7317792.058850982226431 ], [ -7167731.768374656327069, -7317856.323336794041097 ], [ -7167747.687061840668321, -7318012.45157335139811 ], [ -7167747.687061840668321, -7318067.647222207859159 ], [ -7167832.401194334961474, -7318242.114356502890587 ], [ -7167922.45866238605231, -7318324.717412653379142 ], [ -7167975.446740003302693, -7318370.65126589871943 ], [ -7168144.986324481666088, -7318490.119149620644748 ], [ -7168219.125105350278318, -7318591.060321046039462 ], [ -7168367.513986578211188, -7318710.531577390618622 ], [ -7168441.652767446823418, -7318885.013077988289297 ], [ -7168521.134883872233331, -7319105.43665430881083 ], [ -7168494.640845064073801, -7319344.396738190203905 ], [ -7168499.872861130163074, -7319527.964742415584624 ], [ -7168462.803470697253942, -7319766.937759370543063 ], [ -7168415.158728637732565, -7319821.952777290716767 ], [ -7168335.67661221139133, -7319849.556949890218675 ], [ -7168293.263886218890548, -7319849.556949890218675 ], [ -7168224.468440907076001, -7319776.010384751483798 ], [ -7168017.859465995803475, -7319776.010384751483798 ], [ -7167948.952701194211841, -7319812.880098516121507 ], [ -7167805.907155524939299, -7319821.952777290716767 ], [ -7167723.75337131973356, -7319803.614394907839596 ], [ -7167641.710906605236232, -7319785.276055600494146 ], [ -7167556.885454621165991, -7319711.730096017941833 ], [ -7167424.526580068282783, -7319629.112364041619003 ], [ -7167387.345870142802596, -7319527.964742415584624 ], [ -7167313.207089274190366, -7319390.336590896360576 ], [ -7167281.481034397147596, -7319362.734041938558221 ], [ -7167223.149621222168207, -7319316.79435165040195 ], [ -7167127.860137103125453, -7319316.79435165040195 ], [ -7167074.872059486806393, -7319307.529236784204841 ], [ -7167048.378020676784217, -7319252.517843726091087 ], [ -7166952.977217067964375, -7319188.241864973679185 ], [ -7166878.838436199352145, -7319188.241864973679185 ], [ -7166751.711577713489532, -7319178.976902662776411 ], [ -7166730.449554971419275, -7319169.904971054755151 ], [ -7166676.682240918278694, -7319210.246194525621831 ], [ -7166571.596641608513892, -7319289.192062694579363 ], [ -7166455.045134749263525, -7319408.674002550542355 ], [ -7166380.906353880651295, -7319463.686495926231146 ], [ -7166269.586863086558878, -7319610.77443462330848 ], [ -7166184.872730593197048, -7319619.846878530457616 ], [ -7166115.965965791605413, -7319601.508970874361694 ], [ -7166068.321223732084036, -7319656.715854804962873 ], [ -7165983.495771748945117, -7319675.05389213655144 ], [ -7165909.35699088126421, -7319647.450336534529924 ], [ -7165824.642858386971056, -7319840.484239036217332 ], [ -7165771.654780768789351, -7319941.442870942875743 ], [ -7165665.678625534288585, -7319923.104207880795002 ], [ -7165549.127118674106896, -7320024.063908227719367 ], [ -7165521.519884957931936, -7320026.187357627786696 ], [ -7165515.285993472672999, -7320035.260284292511642 ], [ -7165477.993964056484401, -7320057.267001286149025 ], [ -7165444.820755799300969, -7320068.463424971327186 ], [ -7165375.246074054390192, -7320058.811334632337093 ], [ -7165355.98780214600265, -7320046.649717800319195 ], [ -7165257.804011267609894, -7320217.107123129069805 ], [ -7165247.228659641928971, -7320391.622297570109367 ], [ -7165268.37936289422214, -7320492.588057099841535 ], [ -7165331.942792136222124, -7320575.407981946133077 ], [ -7165395.506221378222108, -7320566.141373272053897 ], [ -7165384.930869753472507, -7320667.302446668036282 ], [ -7165342.518143760971725, -7320703.983312387019396 ], [ -7165358.436830943450332, -7320869.435464462265372 ], [ -7165347.861479318700731, -7320988.748527379706502 ], [ -7165374.355518128722906, -7321209.231510092504323 ], [ -7165453.726315062493086, -7321292.059038252569735 ], [ -7165411.42490856256336, -7321411.378560780547559 ], [ -7165422.000260188244283, -7321540.160739188082516 ], [ -7165374.355518128722906, -7321677.826796597801149 ], [ -7165252.460675708949566, -7321751.391281201504171 ], [ -7165252.460675708949566, -7321916.865634478628635 ], [ -7165289.530066143721342, -7322017.851123229600489 ], [ -7165363.780166503041983, -7322100.687231792137027 ], [ -7165384.930869753472507, -7322146.643307503312826 ], [ -7165416.656924629583955, -7322238.363175022415817 ], [ -7165437.918947371654212, -7322293.588709800504148 ], [ -7165490.795705499127507, -7322339.54592121206224 ], [ -7165527.976415421813726, -7322394.579072401858866 ], [ -7165586.19650910794735, -7322403.847851832397282 ], [ -7165586.19650910794735, -7322468.150312154553831 ], [ -7165612.69054791610688, -7322560.067061104811728 ], [ -7165676.253977159969509, -7322606.025841473601758 ], [ -7165708.091351525858045, -7322688.675085362046957 ], [ -7165755.736093585379422, -7322780.59443118982017 ], [ -7165798.148819577880204, -7322890.860452694818377 ], [ -7165872.287600446492434, -7323001.128031911328435 ], [ -7165909.35699088126421, -7323139.012976023368537 ], [ -7165930.507694130763412, -7323258.553855393081903 ], [ -7165930.507694130763412, -7323377.903441805392504 ], [ -7165882.862952071242034, -7323497.447979947552085 ], [ -7165845.793561637401581, -7323525.065152985043824 ], [ -7165824.642858386971056, -7323745.619789442047477 ], [ -7165829.874874454922974, -7323874.247349567711353 ], [ -7165872.287600446492434, -7324159.128246063366532 ], [ -7165877.519616514444351, -7324251.064910611137748 ], [ -7165941.194365246221423, -7324398.243086098693311 ], [ -7165946.426381314173341, -7324536.152714132331312 ], [ -7165967.688404056243598, -7324692.414607272483408 ], [ -7165983.495771748945117, -7324839.407945937477052 ], [ -7165983.495771748945117, -7324968.053533746860921 ], [ -7165957.001732940785587, -7325078.35046336427331 ], [ -7165930.507694130763412, -7325142.868129004724324 ], [ -7165909.134351898916066, -7325179.95636984333396 ], [ -7165872.287600446492434, -7325243.895365543663502 ], [ -7165835.218210011720657, -7325308.221228186041117 ], [ -7165734.58539033588022, -7325354.19619364105165 ], [ -7165681.597312716767192, -7325344.923909897916019 ], [ -7165570.277821923606098, -7325289.869952059350908 ], [ -7165443.150963437743485, -7325253.167529257014394 ], [ -7165342.518143760971725, -7325253.167529257014394 ], [ -7165284.298050076700747, -7325179.57003309391439 ], [ -7165225.966636900790036, -7325087.622430399991572 ], [ -7165183.553910908289254, -7324940.624416741542518 ], [ -7164987.631607110612094, -7324811.786121783778071 ], [ -7165008.782310362905264, -7324692.414607272483408 ], [ -7164918.724842311814427, -7324637.172097179107368 ], [ -7164839.242725885473192, -7324572.851765162311494 ], [ -7164701.540515773929656, -7324490.182567358016968 ], [ -7164606.139712163247168, -7324324.653651431202888 ], [ -7164563.838305661454797, -7324223.638313302770257 ], [ -7164558.494970105588436, -7324021.418419456109405 ], [ -7164627.401734905317426, -7323892.595297412015498 ], [ -7164675.046476964838803, -7323718.001836001873016 ], [ -7164743.841922273859382, -7323607.724128938280046 ], [ -7164738.609906206838787, -7323469.830904627218843 ], [ -7164818.092022633180022, -7323387.173388972878456 ], [ -7164791.597983825951815, -7323359.556703829206526 ], [ -7164796.82999989297241, -7323286.170183168724179 ], [ -7164807.516671008430421, -7323221.667863711714745 ], [ -7164802.173335450701416, -7323120.666799557395279 ], [ -7164770.335961083881557, -7323010.397531618364155 ], [ -7164749.185257833451033, -7322881.78420645557344 ], [ -7164706.772531840950251, -7322817.28522864356637 ], [ -7164690.96516414731741, -7322762.249097138643265 ], [ -7164669.703141405247152, -7322642.715818362310529 ], [ -7164675.046476964838803, -7322523.377472696825862 ], [ -7164606.139712163247168, -7322523.377472696825862 ], [ -7164510.850228046067059, -7322477.419178945012391 ], [ -7164473.780837609432638, -7322367.158997694030404 ], [ -7164426.024776060134172, -7322256.900373900309205 ], [ -7164383.61205006763339, -7322073.075097931548953 ], [ -7164479.012853677384555, -7321843.299590428359807 ], [ -7164410.106088877655566, -7321705.437532383017242 ], [ -7164404.874072807841003, -7321512.550587987527251 ], [ -7164405.319350772537291, -7321499.228242265060544 ], [ -7164410.106088877655566, -7321365.42681351210922 ], [ -7164452.51881486736238, -7321181.815598789602518 ], [ -7164473.780837609432638, -7321034.698057398200035 ], [ -7164510.850228046067059, -7320915.38429220020771 ], [ -7164532.000931295566261, -7320832.56076050363481 ], [ -7164426.024776060134172, -7320740.664350454695523 ], [ -7164436.600127684883773, -7320630.428697478026152 ], [ -7164436.600127684883773, -7320529.461155222728848 ], [ -7164330.623972449451685, -7320428.301867984235287 ], [ -7164298.89791757427156, -7320373.282576990313828 ], [ -7164256.4851915827021, -7320272.125313465483487 ], [ -7164341.310643565841019, -7320263.052111517637968 ], [ -7164431.368111617863178, -7320207.840939749963582 ], [ -7164500.163556928746402, -7320134.290999289602041 ], [ -7164553.151634545996785, -7320134.290999289602041 ], [ -7164606.139712163247168, -7320115.951883218251169 ], [ -7164648.552438154816628, -7320051.668795466423035 ], [ -7164701.540515773929656, -7320070.007760533131659 ], [ -7164759.760609458200634, -7320106.878862774930894 ], [ -7164812.748687075451016, -7320161.896276289597154 ], [ -7164876.312116319313645, -7320171.162405136041343 ], [ -7164950.562216677702963, -7320189.501650903373957 ], [ -7165003.550294295884669, -7320189.501650903373957 ], [ -7165029.933013613335788, -7320115.951883218251169 ], [ -7165029.933013613335788, -7320033.329873480834067 ], [ -7165003.550294295884669, -7319941.442870942875743 ], [ -7164939.875545561313629, -7319969.047466041520238 ], [ -7164908.149490686133504, -7319987.386237026192248 ], [ -7164839.242725885473192, -7319959.781577085144818 ], [ -7164786.254648266360164, -7319904.765587896108627 ], [ -7164706.772531840950251, -7319831.218502665869892 ], [ -7164664.471125339157879, -7319776.010384751483798 ], [ -7164569.070321728475392, -7319610.77443462330848 ], [ -7164521.425579668954015, -7319555.5678755575791 ], [ -7164494.931540860794485, -7319381.071388758718967 ], [ -7164494.931540860794485, -7319344.396738190203905 ], [ -7164500.163556928746402, -7319224.915782014839351 ], [ -7164500.163556928746402, -7319169.904971054755151 ], [ -7164489.588205303996801, -7319050.426685188896954 ], [ -7164489.588205303996801, -7318820.740124696865678 ], [ -7164595.564360538497567, -7318618.660141956061125 ], [ -7164680.278493031859398, -7318499.383294519968331 ], [ -7164786.254648266360164, -7318278.783829641528428 ], [ -7164849.818077510222793, -7318187.110469702631235 ], [ -7164939.875545561313629, -7318196.181259441189468 ], [ -7164955.794232745654881, -7318141.177696223370731 ], [ -7165061.770387980155647, -7318003.380997056141496 ], [ -7165146.484520473517478, -7317966.519827348180115 ], [ -7165204.815933648496866, -7317957.449304413050413 ], [ -7165289.530066143721342, -7317856.323336794041097 ], [ -7165326.599456576630473, -7317828.919197078794241 ], [ -7165390.274205311201513, -7317755.391663638874888 ], [ -7165390.274205311201513, -7317681.864822588860989 ], [ -7165395.506221378222108, -7317599.268567064777017 ], [ -7165427.343595745041966, -7317433.885700325481594 ], [ -7165448.494298995472491, -7317323.696726548485458 ], [ -7165464.41298617888242, -7317130.918006312102079 ], [ -7165453.726315062493086, -7317048.134611223824322 ], [ -7165612.69054791610688, -7316699.257591775618494 ], [ -7165808.724171203561127, -7316561.486336333677173 ], [ -7165877.519616514444351, -7316460.571398844011128 ], [ -7165898.781639254651964, -7316396.318399251438677 ], [ -7166004.757794490084052, -7316432.979205119423568 ], [ -7166025.908497742377222, -7316322.80435451772064 ], [ -7166025.908497742377222, -7316120.789008214138448 ], [ -7165951.769716872833669, -7315928.039982549846172 ], [ -7165856.368913263082504, -7315781.021401629783213 ], [ -7165840.450226079672575, -7315588.280762114562094 ], [ -7165877.519616514444351, -7315257.796623034402728 ], [ -7166009.989810557104647, -7315055.808825387619436 ], [ -7166253.668175904080272, -7314973.047425744123757 ], [ -7166343.725643956102431, -7314945.65340274758637 ], [ -7166364.987666698172688, -7314670.17518946621567 ], [ -7166306.656253522261977, -7314541.699177473783493 ], [ -7166370.219682765193284, -7314431.551006143912673 ], [ -7166375.563018322922289, -7314293.81975178886205 ], [ -7166354.412315071560442, -7314192.741216970607638 ], [ -7166338.493627888150513, -7314036.689330434426665 ], [ -7166290.737566338852048, -7313898.965039437636733 ], [ -7166274.930198645219207, -7313779.760260951705277 ], [ -7166211.366769403219223, -7313733.853404336608946 ], [ -7166020.676481674425304, -7313752.177537434734404 ], [ -7165967.688404056243598, -7313669.6228351527825 ], [ -7165935.85102968942374, -7313568.552378453314304 ], [ -7165845.793561637401581, -7313522.646763266064227 ], [ -7165798.148819577880204, -7313476.741417894139886 ], [ -7165660.446609466336668, -7313476.741417894139886 ], [ -7165522.633079864084721, -7313550.228676171042025 ], [ -7165432.575611812993884, -7313504.323168681934476 ], [ -7165337.28612769395113, -7313504.323168681934476 ], [ -7165310.792088883928955, -7313421.771086206659675 ], [ -7165215.391285275109112, -7313366.608265094459057 ], [ -7165157.059872099198401, -7313311.638708538375795 ], [ -7165056.427052422426641, -7313284.057638203725219 ], [ -7164939.875545561313629, -7313284.057638203725219 ], [ -7164855.161413067951798, -7313173.927202390506864 ], [ -7164791.597983825951815, -7313091.185742473229766 ], [ -7164701.540515773929656, -7313054.540620717220008 ], [ -7164600.90769609529525, -7313054.540620717220008 ], [ -7164494.931540860794485, -7313017.895670890808105 ], [ -7164468.437502052634954, -7312990.315637839026749 ], [ -7164298.89791757427156, -7312907.768987998366356 ], [ -7164187.689746272750199, -7312852.609797025099397 ], [ -7164034.068848977796733, -7312696.584684344939888 ], [ -7163943.900061434134841, -7312614.04113875888288 ], [ -7163795.622499697841704, -7312549.819777923636138 ], [ -7163716.140383271500468, -7312402.864776688627899 ], [ -7163679.070992836728692, -7312283.682829775847495 ], [ -7163589.013524784706533, -7312081.771933989599347 ], [ -7163493.724040666595101, -7311980.722022281959653 ], [ -7163419.473940307274461, -7311843.033979608677328 ], [ -7163345.335159438662231, -7311687.02903222758323 ], [ -7163297.690417379140854, -7311494.389397670514882 ], [ -7163255.277691387571394, -7311320.072942063212395 ], [ -7163255.277691387571394, -7311044.722572692669928 ], [ -7163308.265769003890455, -7310852.09877759963274 ], [ -7163329.416472256183624, -7310558.448218109086156 ], [ -7163355.910511063411832, -7310384.152646933682263 ], [ -7163366.485862690024078, -7310228.176832384429872 ], [ -7163292.347081821411848, -7310044.634497807361186 ], [ -7163170.45223940256983, -7309852.035361288115382 ], [ -7163098.985126313753426, -7309648.259462687186897 ], [ -7163096.313458533957601, -7309640.933654242195189 ], [ -7163059.244068100117147, -7309530.854570333845913 ], [ -7163016.942661599256098, -7309329.014815491624177 ], [ -7163016.942661599256098, -7309255.567258951254189 ], [ -7163059.244068100117147, -7309072.047773702070117 ], [ -7163096.313458533957601, -7308934.603755720891058 ], [ -7163138.726184526458383, -7308714.274281074292958 ], [ -7163202.289613768458366, -7308503.396071648225188 ], [ -7163234.12698813714087, -7308375.021448046900332 ], [ -7163234.12698813714087, -7308145.648618396371603 ], [ -7163234.12698813714087, -7308053.901372025720775 ], [ -7163181.138910518027842, -7307833.789472273550928 ], [ -7163149.301536153070629, -7307631.993555704131722 ], [ -7163117.575481276027858, -7307613.683773425407708 ], [ -7163032.750029291957617, -7307540.252340875566006 ], [ -7162953.267912865616381, -7307448.512203248217702 ], [ -7162889.704483621753752, -7307329.213089224882424 ], [ -7162868.553780371323228, -7307200.857756834477186 ], [ -7162847.291757630184293, -7307090.813047100789845 ], [ -7162789.071663945913315, -7306990.020390911959112 ], [ -7162683.206828201189637, -7306925.652529790066183 ], [ -7162593.038040658459067, -7306815.611695954576135 ], [ -7162502.980572606436908, -7306714.822589724324644 ], [ -7162496.635361631400883, -7306683.988706030882895 ], [ -7162417.375884184613824, -7306649.686153403483331 ], [ -7162307.058268810622394, -7306677.051098968833685 ], [ -7162307.058268810622394, -7306751.437984644435346 ], [ -7162301.714933251962066, -7306990.020390911959112 ], [ -7162264.645542819052935, -7307210.108521093614399 ], [ -7162232.808168450370431, -7307283.344124717637897 ], [ -7162217.000800759531558, -7307521.942773586139083 ], [ -7162248.72685563378036, -7307852.099770373664796 ], [ -7162285.796246068552136, -7308182.270719273015857 ], [ -7162328.208972061052918, -7308375.021448046900332 ], [ -7162370.6216980535537, -7308622.71311619784683 ], [ -7162402.347752927802503, -7308833.594546297565103 ], [ -7162370.6216980535537, -7308971.229555045254529 ], [ -7162285.796246068552136, -7309191.373503381386399 ], [ -7162206.314129643142223, -7309347.328618247061968 ], [ -7162174.588074766099453, -7309402.463062559254467 ], [ -7162105.681309964507818, -7309558.422391472384334 ], [ -7162031.542529097758234, -7309622.61916319001466 ], [ -7161957.403748228214681, -7309668.501863835379481 ], [ -7161840.852241367101669, -7309732.699540151283145 ], [ -7161766.602141008712351, -7309778.582887335680425 ], [ -7161639.475282522849739, -7309906.980576804839075 ], [ -7161581.255188837647438, -7310062.94997825846076 ], [ -7161422.290955984964967, -7310200.606647649779916 ], [ -7161337.576823491603136, -7310301.440733185969293 ], [ -7161210.449965004809201, -7310374.898123561404645 ], [ -7161099.130474213510752, -7310393.214378358796239 ], [ -7160897.864834858104587, -7310503.305614646524191 ], [ -7160775.969992440193892, -7310503.305614646524191 ], [ -7160707.174547129310668, -7310604.336415636353195 ], [ -7160564.129001460038126, -7310705.175712700001895 ], [ -7160431.658807416446507, -7310751.064772165380418 ], [ -7160235.62518412899226, -7310806.20912460796535 ], [ -7160053.283858208917081, -7310814.692905687727034 ], [ -7159843.557937555015087, -7310824.526390744373202 ], [ -7159531.084126898087561, -7310879.478446866385639 ], [ -7159398.613932855427265, -7310833.781446809880435 ], [ -7159117.866177072748542, -7310888.733568040654063 ], [ -7158911.257202161476016, -7310916.306181531399488 ], [ -7158773.55499204993248, -7310934.623705836012959 ], [ -7158566.834697646088898, -7310907.051027691923082 ], [ -7158339.075019485317171, -7310897.988700179383159 ], [ -7158047.751912078820169, -7310861.161051874049008 ], [ -7157788.154859547503293, -7310824.526390744373202 ], [ -7157502.063768208958209, -7310787.891901422291994 ], [ -7157327.292167663574219, -7310650.224882727488875 ], [ -7157109.996521635912359, -7310604.336415636353195 ], [ -7156977.637647083029151, -7310540.131575881503522 ], [ -7156808.098062602803111, -7310466.672631731256843 ], [ -7156686.203220185823739, -7310329.011273794807494 ], [ -7156596.145752132870257, -7310246.492743168026209 ], [ -7156357.810722344554961, -7310081.265501650981605 ], [ -7156246.491231552325189, -7310053.695835399441421 ], [ -7156108.789021440781653, -7309962.118971042335033 ], [ -7156013.388217831961811, -7309879.411525626666844 ], [ -7155870.453991653397679, -7309796.897744030691683 ], [ -7155796.315210782922804, -7309677.562765154987574 ], [ -7155700.914407174102962, -7309585.79752691090107 ], [ -7155610.856939122080803, -7309494.226147290319204 ], [ -7155557.86886150483042, -7309448.344470192678273 ], [ -7155467.811393451876938, -7309439.091055364347994 ], [ -7155404.247964209876955, -7309475.71921990159899 ], [ -7155372.410589843057096, -7309567.483165116049349 ], [ -7155361.835238218307495, -7309659.248188231140375 ], [ -7155409.59129976760596, -7309760.26807357929647 ], [ -7155409.59129976760596, -7309897.726618707180023 ], [ -7155388.329277025535703, -7309980.434258032590151 ], [ -7155351.259886592626572, -7310035.38037664629519 ], [ -7155292.92847341671586, -7310145.466570088639855 ], [ -7155239.940395798534155, -7310356.581911711022258 ], [ -7155139.307576122693717, -7310439.101605262607336 ], [ -7154953.960623950697482, -7310512.560290142893791 ], [ -7154863.903155898675323, -7310540.131575881503522 ], [ -7154752.583665107376873, -7310586.019665811210871 ], [ -7154683.788219796493649, -7310558.448218109086156 ], [ -7154625.456806621514261, -7310540.131575881503522 ], [ -7154519.480651386082172, -7310586.019665811210871 ], [ -7154445.34187051653862, -7310714.430627363733947 ], [ -7154402.929144524037838, -7310714.430627363733947 ], [ -7154323.558347588405013, -7310769.381908996030688 ], [ -7154180.512801920063794, -7310778.636899727396667 ], [ -7154122.18138874322176, -7310806.20912460796535 ], [ -7154048.04260787460953, -7310778.636899727396667 ], [ -7153968.560491448268294, -7310760.319741195067763 ], [ -7153873.27100732922554, -7310787.891901422291994 ] ] ], [ [ [ -7579240.964015612378716, -7337268.134406897239387 ], [ -7579274.025904376991093, -7337251.883118135854602 ], [ -7579304.638764346018434, -7337222.476110275834799 ], [ -7579325.01023116055876, -7337189.19989301264286 ], [ -7579321.670646437443793, -7337147.217891247943044 ], [ -7579289.387994107790291, -7337117.617813868448138 ], [ -7579256.214785850606859, -7337100.012592373415828 ], [ -7579201.890874342061579, -7337082.213947306387126 ], [ -7579174.728918590582907, -7337085.889751110225916 ], [ -7579127.529454493895173, -7337105.816507156938314 ], [ -7579120.071048610843718, -7337108.911930141970515 ], [ -7579080.44130988791585, -7337125.743314118124545 ], [ -7579116.95410286821425, -7337227.699715415015817 ], [ -7579157.697036498226225, -7337242.403215333819389 ], [ -7579207.790807356126606, -7337263.104242470115423 ], [ -7579240.964015612378716, -7337268.134406897239387 ] ] ], [ [ [ -7182300.929371207952499, -7338313.124682636931539 ], [ -7182344.121333636343479, -7338344.857738996855915 ], [ -7182361.153215726837516, -7338376.590924495831132 ], [ -7182373.843637677840889, -7338406.002284901216626 ], [ -7182414.697890799492598, -7338442.186150219291449 ], [ -7182439.2994982637465, -7338459.987899591214955 ], [ -7182497.074313986115158, -7338474.693723204545677 ], [ -7182535.256899327971041, -7338475.467714690603316 ], [ -7182610.842833577655256, -7338507.97542642056942 ], [ -7182649.136738409288228, -7338520.552851247601211 ], [ -7182679.63827888853848, -7338542.611768397502601 ], [ -7182722.051004879176617, -7338554.415249693207443 ], [ -7182744.982819982804358, -7338541.837770248763263 ], [ -7182762.014702073298395, -7338515.328380011022091 ], [ -7182774.816443515941501, -7338477.01569788902998 ], [ -7182773.035331663675606, -7338436.381240732036531 ], [ -7182751.884628412313759, -7338375.042961231432855 ], [ -7182739.082886971533298, -7338324.153840023092926 ], [ -7182690.658908475190401, -7338280.617783192545176 ], [ -7182686.428767824545503, -7338241.532285899855196 ], [ -7182667.727093372493982, -7338181.743463645689189 ], [ -7182653.366879059933126, -7338152.913418674841523 ], [ -7182632.104856318794191, -7338131.436071903444827 ], [ -7182608.282485289499164, -7338111.506694928742945 ], [ -7182559.079270358197391, -7338110.152273098006845 ], [ -7182514.885432514362037, -7338082.09644524846226 ], [ -7182484.272572545334697, -7338062.167194371111691 ], [ -7182428.278868676163256, -7338062.941144911572337 ], [ -7182357.702311513014138, -7338079.194123991765082 ], [ -7182303.378400006331503, -7338098.349464255385101 ], [ -7182285.567281479947269, -7338118.278807602822781 ], [ -7182274.546651889570057, -7338166.264231618493795 ], [ -7182266.086370590142906, -7338222.957068732008338 ], [ -7182264.305258737877011, -7338257.785637215711176 ], [ -7182277.107000178657472, -7338290.292441482655704 ], [ -7182300.929371207952499, -7338313.124682636931539 ] ] ], [ [ [ -7151592.445960466749966, -7329142.652624945156276 ], [ -7151563.502892860211432, -7329143.232424465939403 ], [ -7151490.477306900545955, -7329135.888300408609211 ], [ -7151438.713743682019413, -7329142.652624945156276 ], [ -7151396.189698197878897, -7329152.122689147479832 ], [ -7151382.608720321208239, -7329178.793543975800276 ], [ -7151351.995860352180898, -7329219.959607561118901 ], [ -7151356.226001003757119, -7329255.327807483263314 ], [ -7151376.708787309937179, -7329293.788491005077958 ], [ -7151407.210327786393464, -7329296.687545184977353 ], [ -7151430.142142890021205, -7329327.610856800340116 ], [ -7151435.262839466333389, -7329363.752632580697536 ], [ -7151431.923254743218422, -7329395.449301005341113 ], [ -7151451.40416563116014, -7329427.146098200231791 ], [ -7151483.686817960813642, -7329458.843024163506925 ], [ -7151517.639262654818594, -7329466.187452212907374 ], [ -7151545.691774332895875, -7329461.742139671929181 ], [ -7151572.853730087168515, -7329457.490103961899877 ], [ -7151607.696730704046786, -7329427.91919242311269 ], [ -7151628.068197520449758, -7329410.138044672086835 ], [ -7151642.539731322787702, -7329379.9874954437837 ], [ -7151679.8317607389763, -7329359.307378402911127 ], [ -7151696.863642831332982, -7329318.140579599887133 ], [ -7151708.774828346446157, -7329273.108602434396744 ], [ -7151707.884272419847548, -7329245.857618017122149 ], [ -7151702.763575842604041, -7329214.934630415402353 ], [ -7151663.690434575080872, -7329188.263652044348419 ], [ -7151639.088827108964324, -7329181.692555429413915 ], [ -7151609.366523067466915, -7329169.903248903341591 ], [ -7151592.445960466749966, -7329142.652624945156276 ] ] ], [ [ [ -7143224.114559573121369, -7337838.88567135296762 ], [ -7143288.234586270526052, -7337924.211737787351012 ], [ -7143468.349522373639047, -7338026.178579097613692 ], [ -7143542.043025279417634, -7338067.778337524272501 ], [ -7143604.270620632916689, -7338102.993190191686153 ], [ -7143653.473835564218462, -7338130.85560389328748 ], [ -7143681.526347243227065, -7338140.723565950989723 ], [ -7143731.397479118779302, -7338158.524627127684653 ], [ -7143801.083480354398489, -7338109.958784283138812 ], [ -7143794.181671924889088, -7338053.266768683679402 ], [ -7143824.460573419928551, -7338004.701581379398704 ], [ -7143856.965864732861519, -7337972.389453005045652 ], [ -7143877.448651039041579, -7337939.690489341504872 ], [ -7143887.244766229763627, -7337923.824769391678274 ], [ -7143877.448651039041579, -7337918.407213876023889 ], [ -7143836.037800464779139, -7337895.576128412038088 ], [ -7143856.965864732861519, -7337859.201316773891449 ], [ -7143823.236059022136033, -7337779.486897387541831 ], [ -7143691.767740396782756, -7337665.140694309957325 ], [ -7143609.836595172062516, -7337613.86925261374563 ], [ -7143558.629629407078028, -7337581.752219343557954 ], [ -7143503.303842483088374, -7337494.495164288207889 ], [ -7143498.62842386867851, -7337487.143173202872276 ], [ -7143477.70035960059613, -7337474.954361153766513 ], [ -7143472.690982514992356, -7337486.562753149308264 ], [ -7143458.3307682024315, -7337519.066342675127089 ], [ -7143459.110004636459053, -7337604.388909757137299 ], [ -7143428.83110314141959, -7337608.451912426389754 ], [ -7143414.916166792623699, -7337555.826517888344824 ], [ -7143381.854278026148677, -7337504.749268691055477 ], [ -7143185.931974230334163, -7337528.546581805683672 ], [ -7143126.376046655699611, -7337576.141425900161266 ], [ -7143076.950192742981017, -7337590.652106881141663 ], [ -7143006.484955073334277, -7337611.354058487340808 ], [ -7143006.373635581694543, -7337612.127964286133647 ], [ -7143005.371760163456202, -7337669.203728633932769 ], [ -7142938.357426705770195, -7337635.345173955895007 ], [ -7142933.236730130389333, -7337632.636495932936668 ], [ -7142916.984084473922849, -7337685.262408820912242 ], [ -7142921.659503088332713, -7337725.699472875334322 ], [ -7142957.504379124380648, -7337750.271379769779742 ], [ -7142986.781405202113092, -7337770.199833562597632 ], [ -7143224.114559573121369, -7337838.88567135296762 ] ] ], [ [ [ -7172268.148943973705173, -7316565.345442051999271 ], [ -7172152.265354057773948, -7316511.125181564129889 ], [ -7172027.142246406525373, -7316479.673743921332061 ], [ -7172010.889600750058889, -7316506.687240969389677 ], [ -7171979.608823837712407, -7316558.784963467158377 ], [ -7172017.902728670276701, -7316634.230799971148372 ], [ -7172090.594356158748269, -7316710.449201066046953 ], [ -7172153.823826929554343, -7316734.183184193447232 ], [ -7172175.419808142818511, -7316742.287487639114261 ], [ -7172204.028917278163135, -7316753.093238646164536 ], [ -7172213.825032467022538, -7316754.63691858202219 ], [ -7172318.242714829742908, -7316770.459655524231493 ], [ -7172442.920544519089162, -7316815.805481685325503 ], [ -7172406.296432049013674, -7316741.90156823489815 ], [ -7172403.624764269217849, -7316736.49869860522449 ], [ -7172366.666693325154483, -7316642.142042444087565 ], [ -7172293.752426856197417, -7316577.308681895025074 ], [ -7172268.148943973705173, -7316565.345442051999271 ] ] ], [ [ [ -7506302.207258042879403, -7340281.399052652530372 ], [ -7506393.043962531723082, -7340316.817447520792484 ], [ -7506463.509200201369822, -7340322.043125956319273 ], [ -7506518.723667635582387, -7340300.559803670272231 ], [ -7506535.755549726076424, -7340253.335411405190825 ], [ -7506508.593593974597752, -7340203.788815518841147 ], [ -7506495.012616096064448, -7340164.69367693271488 ], [ -7506500.021993181668222, -7340118.244262141175568 ], [ -7506522.953808286227286, -7340023.023826889693737 ], [ -7506528.07450486253947, -7339952.770470755174756 ], [ -7506515.38408291246742, -7339880.388887101784348 ], [ -7506500.021993181668222, -7339846.520729786716402 ], [ -7506460.169615479186177, -7339796.396126939915121 ], [ -7506392.153406604193151, -7339750.529494699090719 ], [ -7506358.200961912982166, -7339722.467764125205576 ], [ -7506546.776179315522313, -7339724.015994904562831 ], [ -7506698.838603740558028, -7339769.108351197093725 ], [ -7506742.921122092753649, -7339763.883043332025409 ], [ -7506772.643426136113703, -7339752.077731048688293 ], [ -7506834.648382506333292, -7339704.082547130063176 ], [ -7506831.308797784149647, -7339664.21580446138978 ], [ -7506804.926078464835882, -7339625.703950494527817 ], [ -7506763.403908400796354, -7339588.159914157353342 ], [ -7506738.690981443040073, -7339578.483645433560014 ], [ -7506635.943091440945864, -7339580.805948831140995 ], [ -7506570.598550346679986, -7339570.355588984675705 ], [ -7506440.577385099604726, -7339544.616799456998706 ], [ -7506342.05963574629277, -7339537.843447916209698 ], [ -7506092.370017898268998, -7339548.293764188885689 ], [ -7506122.982877867296338, -7339721.11306244507432 ], [ -7506307.216635128483176, -7339722.467764125205576 ], [ -7506101.72085512522608, -7339814.78156160376966 ], [ -7505980.271290669217706, -7339925.482147742062807 ], [ -7505964.129964504390955, -7339969.02738943696022 ], [ -7506030.365061526186764, -7340005.992652121 ], [ -7506113.632040640339255, -7340064.247165258973837 ], [ -7506152.705181906931102, -7340101.987032336182892 ], [ -7506218.940278930589557, -7340193.531161177903414 ], [ -7506269.034049787558615, -7340256.238542022183537 ], [ -7506272.818912473507226, -7340259.141673720441759 ], [ -7506302.207258042879403, -7340281.399052652530372 ] ] ], [ [ [ -7167281.926312360912561, -7332625.705777170136571 ], [ -7167191.868844308890402, -7332699.373543138615787 ], [ -7167160.1427894346416, -7332736.111009243875742 ], [ -7167202.444195934571326, -7332855.799006750807166 ], [ -7167165.374805500730872, -7332993.664840422570705 ], [ -7167218.362883118912578, -7333159.377769698388875 ], [ -7167250.088937994092703, -7333315.812458264641464 ], [ -7167313.652367237955332, -7333417.138949229381979 ], [ -7167451.465896839275956, -7333444.597881476394832 ], [ -7167499.110638898797333, -7333472.250284168869257 ], [ -7167605.086794134229422, -7333518.273381523787975 ], [ -7167642.156184569001198, -7333518.273381523787975 ], [ -7167647.499520126730204, -7333343.464404410682619 ], [ -7167573.360739257186651, -7333269.790555443614721 ], [ -7167621.005481316708028, -7333159.377769698388875 ], [ -7167631.580832942388952, -7333048.966546790674329 ], [ -7167583.936090882867575, -7333002.946218308061361 ], [ -7167605.086794134229422, -7332984.576835279352963 ], [ -7167700.376278253272176, -7332883.255963043309748 ], [ -7167742.789004245772958, -7332782.12976352032274 ], [ -7167848.765159481205046, -7332625.705777170136571 ], [ -7167864.683846663683653, -7332708.461216016672552 ], [ -7167822.271120672114193, -7332772.848648363724351 ], [ -7167801.120417421683669, -7332910.906375851482153 ], [ -7167806.352433487772942, -7333131.726476118899882 ], [ -7167795.777081863023341, -7333205.399021090008318 ], [ -7167848.765159481205046, -7333260.702228587120771 ], [ -7167875.259198289364576, -7333288.16061014123261 ], [ -7167912.32858872320503, -7333260.702228587120771 ], [ -7167975.892017967067659, -7333242.138870465569198 ], [ -7168002.386056775227189, -7333279.07226188480854 ], [ -7168028.880095584318042, -7333334.182621345855296 ], [ -7168071.292821576818824, -7333288.16061014123261 ], [ -7168050.030798834748566, -7333196.117402312345803 ], [ -7168055.374134394340217, -7333113.356789818964899 ], [ -7168012.961408401839435, -7333030.597055385820568 ], [ -7167975.892017967067659, -7332938.556886669248343 ], [ -7167970.660001898184419, -7332818.867619371972978 ], [ -7168039.455447209067643, -7332616.424848125316203 ], [ -7168028.880095584318042, -7332432.548717955127358 ], [ -7167991.810705149546266, -7332413.987330517731607 ], [ -7167991.810705149546266, -7332358.883471745066345 ], [ -7167965.316666342318058, -7332202.467972195707262 ], [ -7167901.753237098455429, -7332082.789998322725296 ], [ -7167818.263619003817439, -7332142.145403693430126 ], [ -7167785.201730237342417, -7332165.539677772670984 ], [ -7167705.719613812863827, -7332220.835513577796519 ], [ -7167610.430129691958427, -7332294.49945617094636 ], [ -7167515.02932608127594, -7332367.970747967250645 ], [ -7167435.547209654934704, -7332441.636079993098974 ], [ -7167329.571054420433939, -7332533.670385656878352 ], [ -7167281.926312360912561, -7332625.705777170136571 ] ] ], [ [ [ -7163405.225045485422015, -7331709.267322241328657 ], [ -7163425.262553828768432, -7331668.861438066698611 ], [ -7163478.25063144788146, -7331650.301867631264031 ], [ -7163419.919218269176781, -7331576.837334624491632 ], [ -7163404.223170067183673, -7331591.53018588013947 ], [ -7163385.521495615132153, -7331608.929650786332786 ], [ -7163351.123772960156202, -7331641.215427372604609 ], [ -7163393.536498951725662, -7331733.240290237590671 ], [ -7163405.225045485422015, -7331709.267322241328657 ] ] ], [ [ [ -7164101.194501925259829, -7331566.204367422498763 ], [ -7164092.845540115609765, -7331530.825689976103604 ], [ -7164034.514126939699054, -7331438.803214796818793 ], [ -7164024.161414296366274, -7331424.883943317458034 ], [ -7163986.869384880177677, -7331374.426792384125292 ], [ -7163929.98512508533895, -7331404.778372799046338 ], [ -7163917.962620078586042, -7331411.158019371330738 ], [ -7163899.817543080076575, -7331399.365343435667455 ], [ -7163875.549894087947905, -7331383.512921909801662 ], [ -7163849.278494260273874, -7331403.618437621742487 ], [ -7163790.835761592723429, -7331447.889419299550354 ], [ -7163833.1371680945158, -7331521.546063435263932 ], [ -7163880.893229645676911, -7331567.55765335354954 ], [ -7163955.032010512426496, -7331705.59405139554292 ], [ -7164023.93877531401813, -7331779.253128757700324 ], [ -7164076.926852933131158, -7331742.326837684959173 ], [ -7164087.502204557880759, -7331742.326837684959173 ], [ -7164129.914930550381541, -7331687.227723111398518 ], [ -7164101.194501925259829, -7331566.204367422498763 ] ] ], [ [ [ -7301585.107091759331524, -7352004.188023492693901 ], [ -7301558.835691931657493, -7351971.623975478112698 ], [ -7301521.432343024760485, -7351960.575490111485124 ], [ -7301467.887667953968048, -7351961.35082190670073 ], [ -7301383.841452405788004, -7351960.575490111485124 ], [ -7301298.90468093007803, -7351950.108518427237868 ], [ -7301229.21867969352752, -7351944.293540233746171 ], [ -7301195.266235002316535, -7351947.201028790324926 ], [ -7301160.534553873352706, -7351961.35082190670073 ], [ -7301130.700930342078209, -7351984.998478729277849 ], [ -7301116.340716029517353, -7352010.00304638966918 ], [ -7301119.680300751700997, -7352041.404245026409626 ], [ -7301121.461412604898214, -7352057.492562497034669 ], [ -7301146.953575996682048, -7352114.286527156829834 ], [ -7301190.145538424141705, -7352183.87423597369343 ], [ -7301217.418813668191433, -7352214.113099823705852 ], [ -7301264.061680311337113, -7352242.995201164856553 ], [ -7301325.287400247529149, -7352261.410019657574594 ], [ -7301362.579429663717747, -7352266.643712855875492 ], [ -7301419.463689458556473, -7352267.419075111858547 ], [ -7301446.291686739772558, -7352264.511467053554952 ], [ -7301541.803809841163456, -7352254.044087036512792 ], [ -7301543.47360220272094, -7352253.656406565569341 ], [ -7301649.67239641956985, -7352225.937302864156663 ], [ -7301676.055115737020969, -7352212.75622521340847 ], [ -7301715.128257004544139, -7352169.724038710817695 ], [ -7301725.258330667391419, -7352143.943608397617936 ], [ -7301716.798049367032945, -7352113.51118014100939 ], [ -7301585.107091759331524, -7352004.188023492693901 ] ] ], [ [ [ -7127467.953832693397999, -7323729.97604157589376 ], [ -7127466.617998803965747, -7323774.010374913923442 ], [ -7127486.544187655672431, -7323848.174024192616343 ], [ -7127526.507884849794209, -7323864.011144774965942 ], [ -7127573.818668438121676, -7323872.50912516657263 ], [ -7127637.938695133663714, -7323808.388228887692094 ], [ -7127703.28323623072356, -7323700.040562082082033 ], [ -7127730.779150456190109, -7323634.56917159166187 ], [ -7127754.935479958541691, -7323558.090012673288584 ], [ -7127734.675332633778453, -7323495.130459381267428 ], [ -7127705.843584517017007, -7323479.680339858867228 ], [ -7127594.746732707135379, -7323520.62322345469147 ], [ -7127572.482834549620748, -7323531.052105483599007 ], [ -7127502.017596876248717, -7323558.283140917308629 ], [ -7127464.948206441476941, -7323575.664702570997179 ], [ -7127460.829385281540453, -7323590.342495892196894 ], [ -7127477.52730890084058, -7323649.440206183120608 ], [ -7127479.753698717802763, -7323701.006220918148756 ], [ -7127467.953832693397999, -7323729.97604157589376 ] ] ], [ [ [ -7598413.07463697437197, -7330038.880853067152202 ], [ -7598475.079593346454203, -7330016.072819727472961 ], [ -7598501.350993173196912, -7329999.063482337631285 ], [ -7598515.822526976466179, -7329962.918763507157564 ], [ -7598514.820651558227837, -7329956.153727782890201 ], [ -7598498.011408450081944, -7329831.098266721703112 ], [ -7598411.070886140689254, -7329887.730553309433162 ], [ -7598351.960236529819667, -7329926.194354375824332 ], [ -7598346.616900970228016, -7329929.673501512035728 ], [ -7598337.488702724687755, -7329935.665369663387537 ], [ -7598183.756485939957201, -7330023.417772339656949 ], [ -7598154.81341833434999, -7330028.636558659374714 ], [ -7598089.468877239152789, -7330010.274177816696465 ], [ -7598043.605247030965984, -7330008.727874032221735 ], [ -7597940.857357028871775, -7330084.690409608185291 ], [ -7597818.517236647196114, -7330131.080108055844903 ], [ -7597820.187029008753598, -7330159.10735119972378 ], [ -7597837.21891110111028, -7330193.706638500094414 ], [ -7597888.203237883746624, -7330250.534851171076298 ], [ -7597961.228823843412101, -7330258.653201057575643 ], [ -7597997.741616823710501, -7330218.06153610162437 ], [ -7597997.741616823710501, -7330170.124984694644809 ], [ -7598004.532105762511492, -7330137.07213088683784 ], [ -7598025.794128504581749, -7330099.380450939759612 ], [ -7598068.206854497082531, -7330079.471585793420672 ], [ -7598120.081737205386162, -7330086.816598089411855 ], [ -7598157.373766622506082, -7330086.816598089411855 ], [ -7598272.923398065380752, -7330050.091605759225786 ], [ -7598413.07463697437197, -7330038.880853067152202 ] ] ], [ [ [ -7128448.567227090708911, -7323992.447517038322985 ], [ -7128471.721681176684797, -7323944.935469861142337 ], [ -7128514.134407168254256, -7323911.715836325660348 ], [ -7128588.829785491339862, -7323867.487590181641281 ], [ -7128501.221346235834062, -7323727.658451967872679 ], [ -7128487.863007340580225, -7323706.413912612013519 ], [ -7128447.008754219859838, -7323680.148016622290015 ], [ -7128375.430321639403701, -7323634.376041458919644 ], [ -7128197.764414334669709, -7323548.433606497012079 ], [ -7128165.927039967849851, -7323533.176509086042643 ], [ -7128145.555573151446879, -7323576.630346021614969 ], [ -7128071.639431264251471, -7323652.530294847674668 ], [ -7128064.514983855187893, -7323664.118138240650296 ], [ -7127999.61572072096169, -7323770.147704155184329 ], [ -7127998.613845305517316, -7323771.692772229202092 ], [ -7127989.263008078560233, -7323868.260133814066648 ], [ -7128001.174193592742085, -7323983.949406059458852 ], [ -7128046.147267874330282, -7324058.308190847747028 ], [ -7128062.956510982476175, -7324071.828046011738479 ], [ -7128098.801387019455433, -7324100.412959746085107 ], [ -7128142.995224863290787, -7324121.079145016148686 ], [ -7128176.168433120474219, -7324185.202610236592591 ], [ -7128198.20969229657203, -7324227.887498127296567 ], [ -7128272.905070618726313, -7324247.78143965639174 ], [ -7128338.36093120649457, -7324300.703433900140226 ], [ -7128391.01505035161972, -7324310.360770837403834 ], [ -7128395.467829982750118, -7324310.360770837403834 ], [ -7128466.600984600372612, -7324309.588183441199362 ], [ -7128520.034340181387961, -7324297.806235150434077 ], [ -7128555.099979780614376, -7324243.339098800905049 ], [ -7128561.667829737067223, -7324232.909264989197254 ], [ -7128560.888593301177025, -7324157.776244369335473 ], [ -7128549.867963712662458, -7324115.091739916242659 ], [ -7128507.343918230384588, -7324083.995935682207346 ], [ -7128506.453362302854657, -7324083.416511935181916 ], [ -7128463.150080384686589, -7324073.180032814852893 ], [ -7128440.218265281058848, -7324009.830045585520566 ], [ -7128448.567227090708911, -7323992.447517038322985 ] ] ], [ [ [ -7178080.696155744604766, -7338181.549973055720329 ], [ -7178175.985639863647521, -7338273.652036656625569 ], [ -7178244.892404665239155, -7338338.085429547354579 ], [ -7178329.717856649309397, -7338365.755188099108636 ], [ -7178377.362598708830774, -7338319.703476393595338 ], [ -7178387.937950333580375, -7338245.982604916207492 ], [ -7178340.293208274058998, -7338218.313271355815232 ], [ -7178361.443911524489522, -7338181.549973055720329 ], [ -7178414.431989142671227, -7338089.448997270315886 ], [ -7178435.694011883810163, -7338071.067630217410624 ], [ -7178467.42006675992161, -7338052.686306492425501 ], [ -7178403.856637517921627, -7337997.349109264090657 ], [ -7178361.443911524489522, -7337988.255271764472127 ], [ -7178271.386443473398685, -7337923.824769391678274 ], [ -7178202.479678671807051, -7337923.824769391678274 ], [ -7178177.432793243788183, -7337918.213729821145535 ], [ -7178160.178272171877325, -7337914.537533668801188 ], [ -7178117.765546179376543, -7337905.250309007242322 ], [ -7178059.545452493242919, -7337868.488486595451832 ], [ -7177958.801313324831426, -7337877.775667475536466 ], [ -7177905.813235709443688, -7337905.250309007242322 ], [ -7177927.075258449651301, -7337951.299573169089854 ], [ -7177974.720000509172678, -7338071.067630217410624 ], [ -7178033.051413685083389, -7338117.117873584851623 ], [ -7178033.051413685083389, -7338163.168388903141022 ], [ -7178080.696155744604766, -7338181.549973055720329 ] ] ], [ [ [ -7498140.373512572608888, -7339438.953185437247157 ], [ -7498202.267149452120066, -7339423.084414691664279 ], [ -7498215.068890893831849, -7339419.794551629573107 ], [ -7498262.713632953353226, -7339399.087798326276243 ], [ -7498288.985032781027257, -7339383.606149540282786 ], [ -7498339.969359563663602, -7339342.966967725194991 ], [ -7498334.848662986420095, -7339298.070594069547951 ], [ -7498299.226425933651626, -7339248.530067969113588 ], [ -7498246.572306788526475, -7339222.018275089561939 ], [ -7498008.793874453753233, -7339226.469153730198741 ], [ -7497897.474383659660816, -7339360.770773689262569 ], [ -7497911.945917463861406, -7339382.832067907787859 ], [ -7497949.349266370758414, -7339402.764694430865347 ], [ -7498034.174718354828656, -7339431.599360833875835 ], [ -7498091.17029763944447, -7339442.630100339651108 ], [ -7498140.373512572608888, -7339438.953185437247157 ] ] ], [ [ [ -7190416.788166983053088, -7325020.787247831001878 ], [ -7190414.227818694896996, -7324941.20390413235873 ], [ -7190408.327885681763291, -7324870.50676005333662 ], [ -7190384.505514651536942, -7324843.850626080296934 ], [ -7190341.202232733368874, -7324784.937029761262238 ], [ -7190321.721321845427155, -7324756.929082559421659 ], [ -7190309.810136329382658, -7324732.591223848983645 ], [ -7190249.474972320720553, -7324720.036008953116834 ], [ -7190215.522527628578246, -7324696.470890905708075 ], [ -7190136.597008655779064, -7324659.771258588880301 ], [ -7190087.282474234700203, -7324652.238197517581284 ], [ -7190056.669614266604185, -7324661.895969440229237 ], [ -7190038.079259305261075, -7324705.356090993620455 ], [ -7190045.648984678089619, -7324739.931204991415143 ], [ -7190077.931637008674443, -7324785.709664211608469 ], [ -7190027.837866149842739, -7324863.166656108573079 ], [ -7190058.45072611887008, -7324930.193651068024337 ], [ -7190083.052333584055305, -7324963.224456861615181 ], [ -7190113.665193552151322, -7325005.9136000899598 ], [ -7190138.266801017336547, -7325039.910550863482058 ], [ -7190158.638267833739519, -7325062.704043969511986 ], [ -7190189.251127800904214, -7325078.929960979148746 ], [ -7190214.743291192688048, -7325097.473907445557415 ], [ -7190261.386157835833728, -7325113.699896745383739 ], [ -7190289.438669515773654, -7325130.505421226844192 ], [ -7190330.18160314578563, -7325168.17310755699873 ], [ -7190365.024603763595223, -7325183.626569925807416 ], [ -7190389.626211229711771, -7325200.625413874164224 ], [ -7190416.788166983053088, -7325203.52294778637588 ], [ -7190496.604241881519556, -7325205.647806671448052 ], [ -7190526.326545923016965, -7325194.637180531397462 ], [ -7190544.248983940109611, -7325174.740825325250626 ], [ -7190545.028220376931131, -7325142.28862664103508 ], [ -7190512.745568046346307, -7325112.154562978073955 ], [ -7190498.385353734716773, -7325089.360925445333123 ], [ -7190451.631167601794004, -7325072.36232384108007 ], [ -7190421.90886355843395, -7325050.148298005573452 ], [ -7190416.788166983053088, -7325020.787247831001878 ] ] ], [ [ [ -7145853.480932109989226, -7331393.758995557203889 ], [ -7145830.549117007292807, -7331372.493574703112245 ], [ -7145799.936257038265467, -7331356.254565087147057 ], [ -7145767.653604709543288, -7331353.354745498858392 ], [ -7145732.810604090802372, -7331361.280921593308449 ], [ -7145709.099552551284432, -7331379.066516778431833 ], [ -7145687.837529809214175, -7331409.224792587570846 ], [ -7145688.616766246035695, -7331444.022948006168008 ], [ -7145709.099552551284432, -7331464.708591730333865 ], [ -7145726.910671079531312, -7331491.194028722122312 ], [ -7145760.083879334852099, -7331498.540370241738856 ], [ -7145799.936257038265467, -7331499.313669750466943 ], [ -7145821.198279780335724, -7331532.372295472770929 ], [ -7145844.130094883963466, -7331545.711780607700348 ], [ -7145874.742954852059484, -7331536.818787982687354 ], [ -7145886.542820874601603, -7331505.886718677356839 ], [ -7145896.784214029088616, -7331480.754502675496042 ], [ -7145880.642887863330543, -7331454.269101125188172 ], [ -7145874.742954852059484, -7331427.783789494074881 ], [ -7145853.480932109989226, -7331393.758995557203889 ] ] ], [ [ [ -7203523.433693491853774, -7322143.746908187866211 ], [ -7203534.343003588728607, -7322117.872455325908959 ], [ -7203546.365508596412838, -7322089.294801089912653 ], [ -7203562.506834760308266, -7322032.525987481698394 ], [ -7203565.957738975994289, -7321865.311404937878251 ], [ -7203560.837042398750782, -7321666.628064463846385 ], [ -7203561.059681380167603, -7321608.703844384290278 ], [ -7203561.393639854155481, -7321550.97313270252198 ], [ -7203561.727598324418068, -7321482.430534415878356 ], [ -7203552.376761097460985, -7321391.10569775942713 ], [ -7203518.312996916472912, -7321316.00002596527338 ], [ -7203488.702012365683913, -7321271.786485100165009 ], [ -7203430.927196642383933, -7321210.58300116751343 ], [ -7203380.722106294706464, -7321183.360154611989856 ], [ -7203368.143003834411502, -7321183.939363124780357 ], [ -7203355.897859848104417, -7321184.711641207337379 ], [ -7203323.837846498936415, -7321186.256197605282068 ], [ -7203306.02672797255218, -7321204.018618135713041 ], [ -7203290.775957734324038, -7321268.118123963475227 ], [ -7203274.634631569497287, -7321349.015540756285191 ], [ -7203262.723446054384112, -7321403.655559135600924 ], [ -7203258.493305404670537, -7321489.767459835857153 ], [ -7203219.420164136216044, -7321592.871299025602639 ], [ -7203216.080579411238432, -7321642.879082244820893 ], [ -7203208.399534545838833, -7321704.858285173773766 ], [ -7203177.00743814278394, -7321756.41145502589643 ], [ -7203167.656600915826857, -7321796.186792535707355 ], [ -7203159.975556052289903, -7321833.645305403508246 ], [ -7203150.62471882533282, -7321861.642764875665307 ], [ -7203174.33577036485076, -7321901.418638590723276 ], [ -7203198.158141394145787, -7321941.967067989520729 ], [ -7203219.420164136216044, -7321959.731208175420761 ], [ -7203250.033024104312062, -7321960.503563011996448 ], [ -7203280.534564580768347, -7321980.970994065515697 ], [ -7203310.256868624128401, -7322028.277997624129057 ], [ -7203309.477632188238204, -7322062.841254945844412 ], [ -7203317.937913487665355, -7322096.053020686842501 ], [ -7203385.06356643512845, -7322152.629202829673886 ], [ -7203441.057270306162536, -7322188.737765527330339 ], [ -7203478.460619210265577, -7322200.51653066650033 ], [ -7203488.590692873112857, -7322187.772293762303889 ], [ -7203523.433693491853774, -7322143.746908187866211 ] ] ], [ [ [ -7135778.733056847006083, -7313150.396907812915742 ], [ -7135738.991998633369803, -7313104.493750299327075 ], [ -7135758.806867995299399, -7312932.45574510935694 ], [ -7135791.980076251551509, -7312863.60303127579391 ], [ -7135805.227095655165613, -7312679.99876169860363 ], [ -7135745.559848590753973, -7312599.769679605029523 ], [ -7135672.756901610642672, -7312588.39110247977078 ], [ -7135619.768823994323611, -7312634.291226899251342 ], [ -7135586.706935227848589, -7312668.620067691430449 ], [ -7135474.051610544323921, -7312691.570331924594939 ], [ -7135414.495682969689369, -7312725.899424467235804 ], [ -7135354.828435905277729, -7312760.421529239043593 ], [ -7135268.778469523414969, -7312794.750924399122596 ], [ -7135176.049333692528307, -7312679.99876169860363 ], [ -7135070.18449794780463, -7312725.899424467235804 ], [ -7135030.443439734168351, -7312817.701559252105653 ], [ -7135136.308275477960706, -7312909.504773057065904 ], [ -7135182.72850313782692, -7312898.125744694843888 ], [ -7135195.975522544234991, -7312955.406784602440894 ], [ -7135321.76654713973403, -7313047.21161699667573 ], [ -7135540.286707567982376, -7313161.969174976460636 ], [ -7135652.830712760798633, -7313219.252149931155145 ], [ -7135811.794945611618459, -7313311.06008368730545 ], [ -7135931.018120252527297, -7313345.584774969145656 ], [ -7135851.536003826186061, -7313207.872670288197696 ], [ -7135778.733056847006083, -7313150.396907812915742 ] ] ], [ [ [ -7461763.167672162875533, -7352923.403190866112709 ], [ -7461845.544095351360738, -7352936.585470894351602 ], [ -7461887.17758490704, -7352933.677613087929785 ], [ -7461955.082474290393293, -7352906.343802761286497 ], [ -7461984.02554189786315, -7352883.468772794120014 ], [ -7462008.627149363048375, -7352838.300478668883443 ], [ -7462025.659031453542411, -7352747.38311846088618 ], [ -7462057.051127857528627, -7352656.272968987934291 ], [ -7462097.794061487540603, -7352558.766904239542782 ], [ -7462182.730832963250577, -7352416.096213417127728 ], [ -7462215.90404122043401, -7352386.438096188940108 ], [ -7462268.558160365559161, -7352352.515551502816379 ], [ -7462287.14851532690227, -7352327.316042491234839 ], [ -7462298.280464406125247, -7352286.60931549873203 ], [ -7462299.950256769545376, -7352206.747211919166148 ], [ -7462282.139138241298497, -7352004.188023492693901 ], [ -7462261.656351936049759, -7351902.813488353975117 ], [ -7462242.175441047176719, -7351840.012334766797721 ], [ -7462185.29118125140667, -7351720.226352820172906 ], [ -7462150.448180633597076, -7351673.708021349273622 ], [ -7462126.737129094079137, -7351641.920654585584998 ], [ -7462086.773431899957359, -7351613.040781363844872 ], [ -7462044.249386416748166, -7351600.442212485708296 ], [ -7461957.64282258041203, -7351609.358120660297573 ], [ -7461849.774236000142992, -7351634.555307620204985 ], [ -7461799.680465143173933, -7351665.567341896705329 ], [ -7461764.837464526295662, -7351703.16959903202951 ], [ -7461731.77557575982064, -7351790.392028196714818 ], [ -7461724.094530896283686, -7351889.632957358844578 ], [ -7461745.356553636491299, -7352069.898034796118736 ], [ -7461775.858094112947583, -7352112.154323051683605 ], [ -7461777.639205967076123, -7352156.543056163005531 ], [ -7461686.691181988455355, -7352188.332522626034915 ], [ -7461600.084618152119219, -7352229.038736140355468 ], [ -7461563.571825171820819, -7352263.736105088144541 ], [ -7461505.797009449452162, -7352344.955690241418779 ], [ -7461467.614424106664956, -7352439.745250545442104 ], [ -7461475.295468972064555, -7352572.142415455542505 ], [ -7461498.227284075692296, -7352634.949470850639045 ], [ -7461550.881403220817447, -7352736.915089664049447 ], [ -7461603.535522365942597, -7352832.290982880629599 ], [ -7461673.110204110853374, -7352891.61072491388768 ], [ -7461763.167672162875533, -7352923.403190866112709 ] ] ], [ [ [ -7166659.31640035379678, -7312712.977782037109137 ], [ -7166673.787934158928692, -7312735.928176609799266 ], [ -7166697.498985696583986, -7312758.685777311213315 ], [ -7166713.751631351187825, -7312782.214891823008657 ], [ -7166738.353238818235695, -7312810.951365529559553 ], [ -7166778.205616522580385, -7312810.179915190674365 ], [ -7166800.246875698678195, -7312788.772198660299182 ], [ -7166823.290010293014348, -7312766.014510297216475 ], [ -7166823.290010293014348, -7312718.956449758261442 ], [ -7166824.069246727973223, -7312685.784544667229056 ], [ -7166807.148684128187597, -7312660.13427278213203 ], [ -7166775.64526823349297, -7312662.25572064705193 ], [ -7166743.47393539454788, -7312655.69852002337575 ], [ -7166714.530867788940668, -7312637.955534174107015 ], [ -7166626.254511589184403, -7312612.30541936121881 ], [ -7166593.081303332932293, -7312624.841179233044386 ], [ -7166593.971859258599579, -7312654.155650088563561 ], [ -7166612.673533712513745, -7312672.670109420083463 ], [ -7166641.505281827412546, -7312694.656086881645024 ], [ -7166659.31640035379678, -7312712.977782037109137 ] ] ], [ [ [ -7508919.662445064634085, -7338255.657220236025751 ], [ -7509154.101292675361037, -7338269.782180156558752 ], [ -7509329.095532204024494, -7338345.8252122560516 ], [ -7509458.114822030998766, -7338502.363966503180563 ], [ -7509530.361171556636691, -7338599.69434367865324 ], [ -7509654.371084300801158, -7338681.545680801384151 ], [ -7509875.228954033926129, -7338719.278856042772532 ], [ -7510044.211941059678793, -7338739.209786403924227 ], [ -7510184.363179968670011, -7338741.33833537530154 ], [ -7510390.749515898525715, -7338746.562958041206002 ], [ -7510586.894458675757051, -7338709.023154444992542 ], [ -7510679.400955526158214, -7338669.742007062770426 ], [ -7510747.417164399288595, -7338574.539259005337954 ], [ -7510741.517231388017535, -7338503.718456459231675 ], [ -7510711.794927345588803, -7338443.92762390896678 ], [ -7510710.904371419921517, -7338382.589285048656166 ], [ -7510748.307720326818526, -7338376.78441992495209 ], [ -7510804.301424195989966, -7338394.586019990034401 ], [ -7510939.331966526806355, -7338340.600858084857464 ], [ -7511113.43565012793988, -7338251.980864999815822 ], [ -7511206.832702903077006, -7338207.671246128156781 ], [ -7511279.969608354382217, -7338131.823050600476563 ], [ -7511344.423593523912132, -7338083.063885909505188 ], [ -7511427.690572638064623, -7338024.630685393698514 ], [ -7511460.863780895248055, -7338024.050225333310664 ], [ -7511530.438462640158832, -7337993.672875804826617 ], [ -7511550.030693018808961, -7337852.816393937915564 ], [ -7511566.172019185498357, -7337692.614586689509451 ], [ -7511591.552863084711134, -7337570.143685648217797 ], [ -7511663.019976173527539, -7337399.500234364531934 ], [ -7511702.093117442913353, -7337271.81029833573848 ], [ -7511694.4120725793764, -7337098.464882494881749 ], [ -7511591.552863084711134, -7336912.548467840999365 ], [ -7511491.365321372635663, -7336816.593342784792185 ], [ -7511386.947639008052647, -7336752.365975143387914 ], [ -7511305.46177174616605, -7336641.710425832308829 ], [ -7511242.566259447485209, -7336539.761685260571539 ], [ -7511196.702629242092371, -7336515.387041470035911 ], [ -7511092.173627385869622, -7336519.062578117474914 ], [ -7511003.897271188907325, -7336563.362603427842259 ], [ -7510964.824129918590188, -7336489.658333453349769 ], [ -7510796.620379330590367, -7336506.681830009445548 ], [ -7510718.474096793681383, -7336559.687045902945101 ], [ -7510607.265925492160022, -7336632.811621196568012 ], [ -7510537.57992425467819, -7336671.889056298881769 ], [ -7510496.836990624666214, -7336733.794304776936769 ], [ -7510380.508122745901346, -7336759.717273549176753 ], [ -7510221.766528874635696, -7336772.291878989897668 ], [ -7510016.159429378807545, -7336776.741359618492424 ], [ -7509754.558626015670598, -7336815.045689152553678 ], [ -7509624.648780259303749, -7336860.121226992458105 ], [ -7509550.73263837210834, -7336913.128845173865557 ], [ -7509499.748311589471996, -7336947.17772426828742 ], [ -7509428.503837480209768, -7336901.327847902663052 ], [ -7509297.703435798175633, -7336904.423189722932875 ], [ -7509112.467803119681776, -7337012.180542624555528 ], [ -7509094.545365101657808, -7337023.014398361556232 ], [ -7509033.208325673826039, -7337060.159160861745477 ], [ -7508873.019578423351049, -7337157.471539022400975 ], [ -7508726.077850576490164, -7337268.908278634771705 ], [ -7508633.46003423538059, -7337317.662352955900133 ], [ -7508592.717100605368614, -7337389.246268352493644 ], [ -7508557.0948635507375, -7337469.730590390041471 ], [ -7508529.932907797396183, -7337540.542002936825156 ], [ -7508410.153135704807937, -7337590.071679123677313 ], [ -7508275.122593371197581, -7337653.532036480493844 ], [ -7508150.222124701365829, -7337736.14736083522439 ], [ -7508062.836324430070817, -7337808.509043122641742 ], [ -7508121.390376586467028, -7337924.405221991240978 ], [ -7508168.923799155279994, -7337980.515843947418034 ], [ -7508245.400289330631495, -7338029.854827881790698 ], [ -7508265.771756146103144, -7338119.246252750977874 ], [ -7508249.63042998034507, -7338255.657220236025751 ], [ -7508246.17952576559037, -7338306.739388124085963 ], [ -7508303.17510505206883, -7338325.12131071370095 ], [ -7508405.922995053231716, -7338322.992875354364514 ], [ -7508518.021722282283008, -7338291.840387921780348 ], [ -7508671.753939067944884, -7338270.556151303462684 ], [ -7508919.662445064634085, -7338255.657220236025751 ] ] ], [ [ [ -7161060.947888870723546, -7332506.214659817516804 ], [ -7161111.152979218401015, -7332510.661707445047796 ], [ -7161156.126053498126566, -7332509.888307674787939 ], [ -7161235.162891962565482, -7332497.320572168566287 ], [ -7161262.324847715906799, -7332462.711066736839712 ], [ -7161286.035899254493415, -7332438.349160588346422 ], [ -7161295.386736481450498, -7332428.875106518156826 ], [ -7161316.648759222589433, -7332360.236895190551877 ], [ -7161315.758203295059502, -7332326.208034070208669 ], [ -7161311.973340609110892, -7332308.806969265453517 ], [ -7161303.847017781808972, -7332270.911451337859035 ], [ -7161280.135966242291033, -7332226.055770073086023 ], [ -7161222.361150519922376, -7332159.546096736565232 ], [ -7161216.461217508651316, -7332119.717901024967432 ], [ -7161215.570661582052708, -7332041.608826091513038 ], [ -7161214.680105656385422, -7332001.781232506036758 ], [ -7161224.921498808078468, -7331956.733762494288385 ], [ -7161246.183521550148726, -7331911.686552609317005 ], [ -7161252.08345456328243, -7331866.059600899927318 ], [ -7161256.313595212064683, -7331832.226228510960937 ], [ -7161187.406830410473049, -7331885.006353530101478 ], [ -7161168.037239012308419, -7331892.73973517678678 ], [ -7161124.956596077419817, -7331909.946536844596267 ], [ -7161100.021030139178038, -7331919.806631309911609 ], [ -7161097.460681850090623, -7331957.700443668290973 ], [ -7161095.790889487601817, -7331981.867511967197061 ], [ -7161090.781512401998043, -7332021.695003881119192 ], [ -7161080.540119249373674, -7332055.529198015108705 ], [ -7161069.519489660859108, -7332095.357066009193659 ], [ -7161059.278096509166062, -7332134.605115429498255 ], [ -7161051.374412661418319, -7332148.912335265427828 ], [ -7161037.236837331205606, -7332174.43338715005666 ], [ -7161015.195578154176474, -7332197.247731485404074 ], [ -7160982.912925824522972, -7332254.670571437105536 ], [ -7160960.760347156785429, -7332299.719761962071061 ], [ -7160973.562088597565889, -7332372.804409846663475 ], [ -7160991.373207125812769, -7332411.860507694073021 ], [ -7160992.263763051480055, -7332450.916801086626947 ], [ -7161015.974814590066671, -7332495.967124937102199 ], [ -7161060.947888870723546, -7332506.214659817516804 ] ] ], [ [ [ -7591671.343635551631451, -7337096.917172920890152 ], [ -7591698.060313343070447, -7337178.559272103011608 ], [ -7591706.96587260439992, -7337205.837983896024525 ], [ -7591724.776991132646799, -7337260.008758283220232 ], [ -7591765.51992476452142, -7337283.611856249161065 ], [ -7591806.374177884310484, -7337285.159602873958647 ], [ -7591831.755021784454584, -7337274.905787208117545 ], [ -7591944.744304940104485, -7337188.426029182970524 ], [ -7592058.624144020490348, -7337102.140693958848715 ], [ -7592066.193869396112859, -7337076.410050090402365 ], [ -7592026.230172201991081, -7337040.812908316031098 ], [ -7591971.127024257555604, -7337017.98439204134047 ], [ -7591926.933186412788928, -7337008.504773562774062 ], [ -7591871.718718980439007, -7337012.760927370749414 ], [ -7591671.343635551631451, -7337096.917172920890152 ] ] ], [ [ [ -7164776.124574605375528, -7329184.978103045374155 ], [ -7164733.823168102651834, -7329148.257355432026088 ], [ -7164633.079028936102986, -7329230.975914936512709 ], [ -7164712.561145360581577, -7329295.527923383750021 ], [ -7164735.826918938197196, -7329303.452009128406644 ], [ -7164765.549222979694605, -7329313.888622147031128 ], [ -7164802.618613412603736, -7329350.610149290412664 ], [ -7164818.537300596944988, -7329387.33184926584363 ], [ -7164855.606691031716764, -7329460.969042097218335 ], [ -7164898.019417023286223, -7329488.607327968813479 ], [ -7164988.07688507437706, -7329405.886037082411349 ], [ -7165009.227588326670229, -7329267.890321453101933 ], [ -7165001.991821423172951, -7329258.80665548145771 ], [ -7164972.158197891898453, -7329221.892291938886046 ], [ -7164946.77735399082303, -7329192.515541037544608 ], [ -7164908.594768648035824, -7329148.257355432026088 ], [ -7164866.293362148106098, -7329175.894533600658178 ], [ -7164776.124574605375528, -7329184.978103045374155 ] ] ], [ [ [ -7160825.173207369633019, -7332123.778047590516508 ], [ -7160864.246348639950156, -7332123.004686176776886 ], [ -7160897.419556895270944, -7332094.197028142400086 ], [ -7160913.560883059166372, -7332065.389476491138339 ], [ -7160929.590889734216034, -7332042.575517780147493 ], [ -7160935.602142237126827, -7332014.541507340967655 ], [ -7160939.832282886840403, -7331980.707490976899862 ], [ -7160939.164365942589939, -7331954.993736681528389 ], [ -7160938.941726961173117, -7331946.680285379290581 ], [ -7160944.952979462221265, -7331912.846563334576786 ], [ -7160966.215002204291523, -7331878.819653735496104 ], [ -7160994.156194393523037, -7331861.226253002882004 ], [ -7161033.22933566197753, -7331843.43955853022635 ], [ -7161067.293099846690893, -7331820.626248898915946 ], [ -7160979.907299572601914, -7331719.707154086790979 ], [ -7160912.781646623276174, -7331651.461839490570128 ], [ -7160803.465906665660441, -7331618.982692645862699 ], [ -7160688.472872676327825, -7331593.076803414151073 ], [ -7160637.154587419703603, -7331581.670506325550377 ], [ -7160591.624915686435997, -7331688.58103003539145 ], [ -7160577.153381881304085, -7331724.347083835862577 ], [ -7160575.483589521609247, -7331728.407024632208049 ], [ -7160554.221566779538989, -7331774.226502940990031 ], [ -7160537.634962650947273, -7331801.679652630351484 ], [ -7160537.301004178822041, -7331802.25964979082346 ], [ -7160537.412323669530451, -7331808.059623784385622 ], [ -7160538.080240614712238, -7331853.10623527970165 ], [ -7160544.870729552581906, -7331886.939698224887252 ], [ -7160553.442330343648791, -7331897.186433093622327 ], [ -7160567.802544656209648, -7331914.199909397400916 ], [ -7160629.028264592401683, -7331901.826468407176435 ], [ -7160650.17896784376353, -7331845.759559858590364 ], [ -7160683.352176099084318, -7331788.14639775082469 ], [ -7160716.52538435626775, -7331731.306983635760844 ], [ -7160730.662959686480463, -7331717.193859957158566 ], [ -7160744.466576544567943, -7331703.274091753177345 ], [ -7160782.76048137806356, -7331679.687874544411898 ], [ -7160809.922437131404877, -7331662.094922897405922 ], [ -7160849.774814835749567, -7331667.121476462110877 ], [ -7160901.649697544053197, -7331701.147462685592473 ], [ -7160896.529000968672335, -7331727.633702414110303 ], [ -7160857.455859700217843, -7331774.226502940990031 ], [ -7160807.362088843248785, -7331808.832953976467252 ], [ -7160758.047554421238601, -7331860.45291761867702 ], [ -7160725.7649020915851, -7331934.1134572038427 ], [ -7160720.755525005981326, -7331979.160796594806015 ], [ -7160727.546013942919672, -7332035.228663924150169 ], [ -7160745.357132471166551, -7332074.283071691170335 ], [ -7160763.056931506842375, -7332102.317296822555363 ], [ -7160773.409644151106477, -7332118.557859538123012 ], [ -7160825.173207369633019, -7332123.778047590516508 ] ] ], [ [ [ -7143740.636996854096651, -7338397.101466757245362 ], [ -7143735.96157824061811, -7338340.407363552600145 ], [ -7143698.780868316069245, -7338299.967111774720252 ], [ -7143690.654545488767326, -7338283.520179418846965 ], [ -7143670.839676125906408, -7338243.4672068990767 ], [ -7143655.922864359803498, -7338243.4672068990767 ], [ -7143649.911611856892705, -7338243.4672068990767 ], [ -7143638.223065324127674, -7338243.4672068990767 ], [ -7143582.452000436373055, -7338203.027457854710519 ], [ -7143528.907325365580618, -7338178.647614783607423 ], [ -7143494.064324746839702, -7338130.081646612845361 ], [ -7143417.253876100294292, -7338089.642485574819148 ], [ -7143433.506521754898131, -7338146.334765632636845 ], [ -7143424.267004019580781, -7338194.900835026986897 ], [ -7143395.769214374944568, -7338159.492077269591391 ], [ -7143391.650393217802048, -7338154.461337845772505 ], [ -7143401.557827896438539, -7338182.323935445398092 ], [ -7143421.929294712841511, -7338239.403873356059194 ], [ -7143461.336394454352558, -7338269.20170184597373 ], [ -7143451.095001301728189, -7338301.708553702570498 ], [ -7143410.240748179145157, -7338356.660920958034694 ], [ -7143368.829897604882717, -7338344.664244360290468 ], [ -7143368.384619642049074, -7338344.470749727450311 ], [ -7143356.696073108352721, -7338336.343979493714869 ], [ -7143351.35273754876107, -7338362.078780954703689 ], [ -7143349.015028243884444, -7338373.301502927206457 ], [ -7143347.456555371172726, -7338380.847825055010617 ], [ -7143359.033782416023314, -7338433.478787608444691 ], [ -7143363.041284083388746, -7338451.087019823491573 ], [ -7143375.286428070627153, -7338506.23393842857331 ], [ -7143382.299555991776288, -7338538.548278969712555 ], [ -7143394.433380486443639, -7338552.673751330934465 ], [ -7143403.227620259858668, -7338562.929247296415269 ], [ -7143459.110004636459053, -7338571.056253677234054 ], [ -7143482.375778212212026, -7338574.926259694620967 ], [ -7143485.492723955772817, -7338571.249753931537271 ], [ -7143528.907325365580618, -7338518.424362543039024 ], [ -7143566.088035290129483, -7338538.548278969712555 ], [ -7143561.523936167359352, -7338599.307341760955751 ], [ -7143626.645838281139731, -7338643.812688146717846 ], [ -7143719.708932584151626, -7338656.0033273473382 ], [ -7143798.857090540230274, -7338663.936928171664476 ], [ -7143789.506253313273191, -7338607.43438605684787 ], [ -7143763.902770429849625, -7338562.929247296415269 ], [ -7143710.358095357194543, -7338546.675259942188859 ], [ -7143672.732107469812036, -7338464.051348079927266 ], [ -7143701.118577623739839, -7338397.101466757245362 ], [ -7143740.636996854096651, -7338397.101466757245362 ] ] ], [ [ [ -7597452.498750919476151, -7337561.243821515701711 ], [ -7597257.133044576272368, -7337561.243821515701711 ], [ -7597060.988101799041033, -7337596.649862905964255 ], [ -7596956.347780453972518, -7337615.610541328787804 ], [ -7596864.731839531101286, -7337632.056065050885081 ], [ -7596505.503842741250992, -7337703.642866489477456 ], [ -7596327.170018489472568, -7337754.527938440442085 ], [ -7596293.996810233220458, -7337773.682481200434268 ], [ -7596243.123802940361202, -7337842.368349666707218 ], [ -7596249.023735951632261, -7337881.451846295036376 ], [ -7596370.473300407640636, -7337915.504953541792929 ], [ -7596567.508799113333225, -7337936.207767563872039 ], [ -7596656.675711238756776, -7337962.715189119800925 ], [ -7596936.087633130140603, -7338119.246252750977874 ], [ -7597122.102502244524658, -7338169.360075566917658 ], [ -7597215.499555021524429, -7338173.036391850560904 ], [ -7597334.388771188445389, -7338144.9803377520293 ], [ -7597409.974705435335636, -7338106.669475188478827 ], [ -7597549.346707910299301, -7337998.123053370974958 ], [ -7597563.706922222860157, -7337973.743850909173489 ], [ -7597556.137196847237647, -7337909.50695227086544 ], [ -7597504.262314138934016, -7337776.778169295750558 ], [ -7597512.833914929069579, -7337749.303980398923159 ], [ -7597894.103170895949006, -7337624.703944277018309 ], [ -7597452.498750919476151, -7337561.243821515701711 ] ] ], [ [ [ -7407955.778602326288819, -7373986.305481373332441 ], [ -7407954.442768436856568, -7373987.083009677007794 ], [ -7407926.05629828479141, -7374005.549329768866301 ], [ -7407878.411556225270033, -7374054.533885919488966 ], [ -7407867.390926636755466, -7374085.635351480916142 ], [ -7407878.411556225270033, -7374124.90112931933254 ], [ -7407909.914972119964659, -7374150.948833851143718 ], [ -7407931.956231296062469, -7374164.944651405327022 ], [ -7407980.380209792405367, -7374185.744037894532084 ], [ -7408039.824817876331508, -7374201.295017393305898 ], [ -7408070.437677843496203, -7374204.21082950849086 ], [ -7408115.410752123221755, -7374198.37920636869967 ], [ -7408173.96480428148061, -7374176.802238759584725 ], [ -7408198.677731237374246, -7374160.473762506619096 ], [ -7408210.47759726177901, -7374127.233756021596491 ], [ -7408188.436338084749877, -7374023.432544683106244 ], [ -7408126.431381712667644, -7373958.897658252157271 ], [ -7408100.159981884993613, -7373947.04040299449116 ], [ -7408035.594677226617932, -7373957.342607354745269 ], [ -7407982.050002153962851, -7373973.670657301321626 ], [ -7407968.914302239194512, -7373979.890875819139183 ], [ -7407955.778602326288819, -7373986.305481373332441 ] ] ], [ [ [ -7152991.286681775003672, -7302357.081690241582692 ], [ -7152922.49123646505177, -7302247.105168703943491 ], [ -7152848.24113610573113, -7302201.266024708747864 ], [ -7152774.1023552371189, -7302247.105168703943491 ], [ -7152790.021042419597507, -7302146.182366974651814 ], [ -7152710.538925993256271, -7302137.130194626748562 ], [ -7152673.46953556034714, -7302109.588543235324323 ], [ -7152625.713474009186029, -7302109.588543235324323 ], [ -7152567.493380324915051, -7302201.266024708747864 ], [ -7152519.848638265393674, -7302146.182366974651814 ], [ -7152461.517225090414286, -7302082.046988897025585 ], [ -7152424.447834654711187, -7301981.318913901224732 ], [ -7152334.390366604551673, -7301944.533267477527261 ], [ -7152260.251585735939443, -7301962.82977154199034 ], [ -7152249.676234109327197, -7302027.15676795039326 ], [ -7152212.606843676418066, -7302036.208812930621207 ], [ -7152302.552992235869169, -7302201.266024708747864 ], [ -7152371.459757037460804, -7302256.157468425109982 ], [ -7152307.89632779546082, -7302292.944581544958055 ], [ -7152281.402288986369967, -7302366.134117337875068 ], [ -7152403.297131404280663, -7302448.762074806727469 ], [ -7152477.435912272892892, -7302531.198296816088259 ], [ -7152450.94187346380204, -7302586.284668125212193 ], [ -7152450.94187346380204, -7302815.3017518222332 ], [ -7152482.779247832484543, -7302842.845890179276466 ], [ -7152525.080654332414269, -7302870.390125608071685 ], [ -7152540.999341515824199, -7302934.531973156146705 ], [ -7152599.33075469173491, -7302998.674347118474543 ], [ -7152657.550848376937211, -7303072.0631144028157 ], [ -7152699.852254877798259, -7303117.907365976832807 ], [ -7152721.114277619868517, -7303246.195650390349329 ], [ -7152779.334371304139495, -7303301.287061500363052 ], [ -7152864.159823289141059, -7303346.940028588287532 ], [ -7152885.310526538640261, -7303475.424704940058291 ], [ -7152975.367994591593742, -7303521.271322683431208 ], [ -7153007.205368957482278, -7303383.732276300899684 ], [ -7153054.850111017934978, -7303310.340582296252251 ], [ -7152996.630017333664, -7303090.362258204258978 ], [ -7152954.217291340231895, -7303044.518168205395341 ], [ -7152880.078510472550988, -7302934.531973156146705 ], [ -7152933.066588090732694, -7302943.777688282541931 ], [ -7153038.931423834525049, -7302952.830794942565262 ], [ -7153091.919501452706754, -7302980.375417997129261 ], [ -7153213.814343871548772, -7302852.091496841982007 ], [ -7153123.756875819526613, -7302742.10800972301513 ], [ -7153081.344149826094508, -7302659.476950936019421 ], [ -7153081.344149826094508, -7302595.337360694073141 ], [ -7153028.356072209775448, -7302540.443534817546606 ], [ -7153001.862033399753273, -7302494.602670379914343 ], [ -7152991.286681775003672, -7302357.081690241582692 ] ] ], [ [ [ -7150846.160094188526273, -7330503.56072730012238 ], [ -7150870.873021143488586, -7330552.079231705516577 ], [ -7150932.877977515570819, -7330599.244919642806053 ], [ -7150994.882933887653053, -7330658.975646766833961 ], [ -7151025.38447436504066, -7330706.915201931260526 ], [ -7151082.268734161742032, -7330845.709607346914709 ], [ -7151126.462572005577385, -7330919.360566213726997 ], [ -7151152.845291323028505, -7330952.610045786015689 ], [ -7151206.278646905906498, -7330995.331968831829727 ], [ -7151261.493114338256419, -7331006.350783316418529 ], [ -7151309.917092833667994, -7330999.004905262961984 ], [ -7151359.231627255678177, -7330942.944484788924456 ], [ -7151370.252256842330098, -7330912.788011445663869 ], [ -7151409.325398112647235, -7330889.204184032976627 ], [ -7151455.189028318040073, -7330908.341874594800174 ], [ -7151490.032028937712312, -7330917.234150829724967 ], [ -7151563.057614896446466, -7330897.903128468431532 ], [ -7151604.691104454919696, -7330854.408503283746541 ], [ -7151626.732363631948829, -7330768.966434533707798 ], [ -7151619.941874693147838, -7330690.09766314830631 ], [ -7151594.449711300432682, -7330654.722958518192172 ], [ -7151528.214614278636873, -7330649.50375338178128 ], [ -7151478.900079857558012, -7330638.485442891716957 ], [ -7151381.272886431775987, -7330609.68326616473496 ], [ -7151332.848907936364412, -7330591.899424906820059 ], [ -7151192.697669027373195, -7330576.43524806946516 ], [ -7151101.860964541323483, -7330541.834263414144516 ], [ -7151055.997334334068, -7330506.460231037810445 ], [ -7151039.85600816924125, -7330482.104433127678931 ], [ -7151020.375097279436886, -7330397.246334357187152 ], [ -7150976.181259433738887, -7330313.162340502254665 ], [ -7150951.468332479707897, -7330271.217330629937351 ], [ -7150922.636584362946451, -7330258.653201057575643 ], [ -7150836.030020526610315, -7330279.335702038370073 ], [ -7150814.76799778547138, -7330304.464048033580184 ], [ -7150801.187019907869399, -7330358.973507545888424 ], [ -7150838.590368814766407, -7330406.911219304427505 ], [ -7150846.160094188526273, -7330503.56072730012238 ] ] ], [ [ [ -7127170.730792273767292, -7313835.697551797144115 ], [ -7127188.096632838249207, -7313865.595233608968556 ], [ -7127198.560664973221719, -7313886.041456100530922 ], [ -7127205.79643187392503, -7313889.899239933118224 ], [ -7127221.603799568489194, -7313910.538415798917413 ], [ -7127239.860196058638394, -7313914.781991428695619 ], [ -7127257.893953565508127, -7313924.426490072160959 ], [ -7127289.286049970425665, -7313912.467313525266945 ], [ -7127315.00085234362632, -7313911.309974833391607 ], [ -7127320.455507391132414, -7313911.502864602021873 ], [ -7127351.958923286758363, -7313897.614813312888145 ], [ -7127346.615587729029357, -7313826.053162723779678 ], [ -7127313.331059982068837, -7313775.516758687794209 ], [ -7127280.825768669135869, -7313759.892974760383368 ], [ -7127269.693819589912891, -7313765.1008992632851 ], [ -7127258.450551019050181, -7313773.973667524755001 ], [ -7127229.17352494224906, -7313774.938099466264248 ], [ -7127216.371783499605954, -7313774.745213066227734 ], [ -7127199.562540390528738, -7313785.161085354164243 ], [ -7127175.406210889108479, -7313799.241823676973581 ], [ -7127169.394958385266364, -7313815.444348498247564 ], [ -7127170.730792273767292, -7313835.697551797144115 ] ] ], [ [ [ -7152053.642610823735595, -7299424.454627681523561 ], [ -7152170.194117683917284, -7299561.924021223559976 ], [ -7152186.112804866395891, -7299635.280527135357261 ], [ -7152186.112804866395891, -7299699.395832282491028 ], [ -7152307.89632779546082, -7299800.094505218788981 ], [ -7152323.815014977939427, -7299864.403705485165119 ], [ -7152408.529147471301258, -7299974.346707374788821 ], [ -7152519.848638265393674, -7300102.583405776880682 ], [ -7152668.126200001686811, -7300203.28727275505662 ], [ -7152742.264980870299041, -7300340.770363577641547 ], [ -7152726.346293687820435, -7300432.427100852131844 ], [ -7152636.400145125575364, -7300441.669856700114906 ], [ -7152583.412067509256303, -7300432.427100852131844 ], [ -7152540.999341515824199, -7300469.013073408976197 ], [ -7152636.400145125575364, -7300588.207508559338748 ], [ -7152604.562770758755505, -7300615.743799685500562 ], [ -7152631.05680956877768, -7300707.403761307708919 ], [ -7152705.19559043738991, -7300789.821619318798184 ], [ -7152742.264980870299041, -7300890.534340532496572 ], [ -7152827.090432854369283, -7300973.146700128912926 ], [ -7152901.229213722981513, -7301165.527117373421788 ], [ -7152964.792642964981496, -7301312.270919234491885 ], [ -7153007.205368957482278, -7301440.529569243080914 ], [ -7153107.838188636116683, -7301422.234287769533694 ], [ -7153176.744953437708318, -7301440.529569243080914 ], [ -7153309.215147480368614, -7301532.199203354306519 ], [ -7153399.161296039819717, -7301504.659683489240706 ], [ -7153505.137451278045774, -7301568.790323912166059 ], [ -7153531.631490085273981, -7301495.41567060071975 ], [ -7153536.974825643002987, -7301431.28563219960779 ], [ -7153605.770270953886211, -7301403.9390491200611 ], [ -7153611.113606512546539, -7301321.322136325761676 ], [ -7153574.044216077774763, -7301165.527117373421788 ], [ -7153621.68895813729614, -7301193.065442375838757 ], [ -7153717.089761747978628, -7301293.783359448425472 ], [ -7153764.734503806568682, -7301238.898673933930695 ], [ -7153727.665113372728229, -7301119.694316045381129 ], [ -7153717.089761747978628, -7301064.810852925293148 ], [ -7153833.641268607228994, -7301018.978642158210278 ], [ -7153902.436713918112218, -7300973.146700128912926 ], [ -7154013.756204711273313, -7301009.735203643329442 ], [ -7154034.906907961703837, -7300954.852512596175075 ], [ -7154151.458414822816849, -7300918.07169671729207 ], [ -7154246.859218431636691, -7300863.18964927084744 ], [ -7154305.079312115907669, -7300762.284714947454631 ], [ -7154204.446492440067232, -7300569.914221931248903 ], [ -7154257.434570056386292, -7300533.327777106314898 ], [ -7154352.724054175429046, -7300542.378092253580689 ], [ -7154453.468193343840539, -7300578.964579437859356 ], [ -7154405.712131794542074, -7300478.255872517824173 ], [ -7154464.043544970452785, -7300395.841299531050026 ], [ -7154476.511327938176692, -7300375.430347947403789 ], [ -7154564.676364647224545, -7300230.822207943536341 ], [ -7154638.815145515836775, -7300111.633222221396863 ], [ -7154691.803223134018481, -7299864.403705485165119 ], [ -7154548.757677462883294, -7299763.51166330371052 ], [ -7154448.124857787042856, -7299681.10462555103004 ], [ -7154331.573350925929844, -7299598.505919752642512 ], [ -7154252.091234499588609, -7299488.568203685805202 ], [ -7154236.172547316178679, -7299332.809708332642913 ], [ -7154167.377102007158101, -7299277.938789739273489 ], [ -7154082.662969511002302, -7299286.98765154927969 ], [ -7154008.412869152612984, -7299204.58563700504601 ], [ -7153939.506104352883995, -7299131.233172561973333 ], [ -7153844.21662023384124, -7298957.19228380639106 ], [ -7153680.020371313206851, -7298783.155269639566541 ], [ -7153574.044216077774763, -7298700.758565668947995 ], [ -7153536.974825643002987, -7298618.170217523351312 ], [ -7153415.079983225092292, -7298755.625433154404163 ], [ -7153314.447163547389209, -7298719.047478712163866 ], [ -7153219.046359938569367, -7298719.047478712163866 ], [ -7153102.494853077456355, -7298636.651450425386429 ], [ -7153076.000814269296825, -7298719.047478712163866 ], [ -7153076.000814269296825, -7298828.974373284727335 ], [ -7152938.298604157753289, -7298874.793745481409132 ], [ -7152890.653862098231912, -7298838.215233454480767 ], [ -7152864.159823289141059, -7298819.73352403845638 ], [ -7152827.090432854369283, -7298883.842140650376678 ], [ -7152747.608316429890692, -7298902.324001625180244 ], [ -7152710.538925993256271, -7298783.155269639566541 ], [ -7152615.138122384436429, -7298746.57718638703227 ], [ -7152689.276903253048658, -7298874.793745481409132 ], [ -7152593.987419134005904, -7298966.433295536786318 ], [ -7152562.150044767186046, -7298966.433295536786318 ], [ -7152525.080654332414269, -7298957.19228380639106 ], [ -7152525.080654332414269, -7299030.543115198612213 ], [ -7152456.285209023393691, -7299039.784213638864458 ], [ -7152307.89632779546082, -7298938.902813624590635 ], [ -7152217.838859743438661, -7298993.963874404318631 ], [ -7152217.838859743438661, -7299149.715618423186243 ], [ -7152159.618766057305038, -7299204.58563700504601 ], [ -7152090.712001257576048, -7299186.295588017441332 ], [ -7151995.311197646893561, -7299250.407210780307651 ], [ -7152053.642610823735595, -7299424.454627681523561 ] ] ], [ [ [ -7496012.056168094277382, -7341624.507540011778474 ], [ -7495789.528505999594927, -7341829.120105752721429 ], [ -7495735.983830926939845, -7341902.100532071664929 ], [ -7495683.329711781814694, -7342088.91030612681061 ], [ -7495696.1314532244578, -7342239.522896250709891 ], [ -7495759.806201956234872, -7342376.973943367600441 ], [ -7495811.569765175692737, -7342434.665386598557234 ], [ -7495974.652819188311696, -7342535.723238912411034 ], [ -7496060.480146589688957, -7342558.567915804684162 ], [ -7496181.039155119098723, -7342546.758371088653803 ], [ -7496274.436207894235849, -7342505.521904421038926 ], [ -7496458.002048213034868, -7342389.557611024007201 ], [ -7496592.921271054074168, -7342290.631171591579914 ], [ -7496638.896220751106739, -7342224.035606235265732 ], [ -7496646.465946125797927, -7342169.44315430521965 ], [ -7496612.51350143365562, -7342059.485049883835018 ], [ -7496590.472242255695164, -7341976.049565394409001 ], [ -7496581.900641464628279, -7341853.317784132435918 ], [ -7496598.041967630386353, -7341792.146198246628046 ], [ -7496640.566013113595545, -7341758.85047347843647 ], [ -7496753.555296268314123, -7341711.617247403599322 ], [ -7496991.333728603087366, -7341649.672466618008912 ], [ -7497154.416782615706325, -7341564.692771226167679 ], [ -7497175.567485866136849, -7341531.39801783952862 ], [ -7497264.7343979915604, -7341329.890364638529718 ], [ -7497290.226561383344233, -7341225.75108281429857 ], [ -7497274.975791144184768, -7341086.19114095903933 ], [ -7497241.802582886070013, -7341060.253784889355302 ], [ -7497129.703855658881366, -7341052.898430962115526 ], [ -7497058.348062060773373, -7341025.606257298961282 ], [ -7496870.663400582969189, -7340812.304758550599217 ], [ -7496797.637814622372389, -7340943.730309527367353 ], [ -7496750.104392054490745, -7340992.313806013204157 ], [ -7496613.404057360254228, -7341047.091577502898872 ], [ -7496519.895685092546046, -7341100.901918568648398 ], [ -7496234.58383018989116, -7341419.90034419670701 ], [ -7496085.081754053942859, -7341557.336941380053759 ], [ -7496012.056168094277382, -7341624.507540011778474 ] ] ], [ [ [ -7137056.792130643501878, -7294622.629457719624043 ], [ -7136997.124883579090238, -7294611.084610565565526 ], [ -7136844.839820173569024, -7294519.496093785390258 ], [ -7136738.863664938136935, -7294450.805410172790289 ], [ -7136593.14645148999989, -7294462.350020698271692 ], [ -7136619.640490299090743, -7294553.937868152745068 ], [ -7136752.110684342682362, -7294611.084610565565526 ], [ -7136831.592800769023597, -7294702.674200098030269 ], [ -7136957.383825365453959, -7294771.36709625646472 ], [ -7137063.359980600886047, -7294885.856597537174821 ], [ -7137089.854019409045577, -7295000.347775134257972 ], [ -7137262.06527166813612, -7295046.144715558737516 ], [ -7137374.609276860021055, -7295114.840629116632044 ], [ -7137454.091393284499645, -7295171.991470877081156 ], [ -7137526.894340265542269, -7295309.386112770996988 ], [ -7137652.685364859178662, -7295332.28545446600765 ], [ -7137745.414500690996647, -7295400.983881930820644 ], [ -7137857.958505883812904, -7295286.486838137730956 ], [ -7137871.316844778135419, -7295320.739559514448047 ], [ -7137963.93466111831367, -7295400.983881930820644 ], [ -7137970.613830567337573, -7295503.936436857096851 ], [ -7137983.860849970020354, -7295675.591187488287687 ], [ -7138043.416777544654906, -7295732.938569508492947 ], [ -7138175.886971589177847, -7295744.292631268501282 ], [ -7138268.616107419133186, -7295767.193246668204665 ], [ -7138387.727962569333613, -7295904.598347601480782 ], [ -7138526.877326061017811, -7296053.360373785719275 ], [ -7138513.630306655541062, -7296167.86864772066474 ], [ -7138453.963059591129422, -7296259.476474309340119 ], [ -7138374.480943162925541, -7296271.023755516856909 ], [ -7138347.986904355697334, -7296385.535217228345573 ], [ -7138374.480943162925541, -7296534.30639410763979 ], [ -7138394.40713201649487, -7296591.467611983418465 ], [ -7138447.395209633745253, -7296797.597898630425334 ], [ -7138513.630306655541062, -7296877.664909547194839 ], [ -7138705.656428273767233, -7297003.733619877137244 ], [ -7138844.694472274743021, -7297118.255813430063426 ], [ -7138977.164666319265962, -7297209.874776082113385 ], [ -7139063.214632702060044, -7297301.302332184277475 ], [ -7139066.220258953049779, -7297303.612094816751778 ], [ -7139228.746715512126684, -7297427.377873752266169 ], [ -7139361.216909555718303, -7297553.262962023727596 ], [ -7139440.699025982059538, -7297564.812154200859368 ], [ -7139692.281075175851583, -7297667.79320540651679 ], [ -7139778.442361049354076, -7297667.79320540651679 ], [ -7139864.492327431216836, -7297690.699455417692661 ], [ -7139904.233385645784438, -7297805.231712182052433 ], [ -7139996.9625214766711, -7297851.045084692537785 ], [ -7140255.223740116693079, -7297621.980906719341874 ], [ -7140347.952875947579741, -7297576.168876477517188 ], [ -7140533.299828118644655, -7297404.4723952235654 ], [ -7140626.028963949531317, -7297358.661639484576881 ], [ -7140732.005119184963405, -7297278.397223020903766 ], [ -7140864.36399373691529, -7297186.969934766180813 ], [ -7140943.846110163256526, -7297164.06516055110842 ], [ -7141102.81034301687032, -7297083.802741807885468 ], [ -7141010.08120718691498, -7296969.281052908860147 ], [ -7141029.896076546981931, -7296797.597898630425334 ], [ -7141195.539478847756982, -7296820.501599275507033 ], [ -7141109.378192973323166, -7296580.112319951876998 ], [ -7141149.119251187890768, -7296499.855895600281656 ], [ -7141268.342425826005638, -7296499.855895600281656 ], [ -7141334.577522848732769, -7296499.855895600281656 ], [ -7141414.059639274142683, -7296511.403531818650663 ], [ -7141453.800697488710284, -7296499.855895600281656 ], [ -7141566.344702680595219, -7296431.147812731564045 ], [ -7141467.047716891393065, -7296351.085374218411744 ], [ -7141480.294736295938492, -7296282.378598663024604 ], [ -7141513.356625061482191, -7296122.065136909484863 ], [ -7141606.085760892368853, -7296064.90735059324652 ], [ -7141685.567877320572734, -7296042.005863220430911 ], [ -7141791.432713063433766, -7296042.005863220430911 ], [ -7141877.593998936936259, -7295927.499432516284287 ], [ -7141996.705854085274041, -7295881.697329761460423 ], [ -7141976.89098472520709, -7295721.392082938924432 ], [ -7141897.408868298865855, -7295710.038054433651268 ], [ -7141844.420790681615472, -7295721.392082938924432 ], [ -7141765.049993745982647, -7295710.038054433651268 ], [ -7141645.826819106005132, -7295652.690840369090438 ], [ -7141625.900630255229771, -7295572.636372436769307 ], [ -7141685.567877320572734, -7295526.836348317563534 ], [ -7141771.617843702435493, -7295538.382547594606876 ], [ -7141844.420790681615472, -7295400.983881930820644 ], [ -7141817.926751872524619, -7295309.386112770996988 ], [ -7141698.814896724186838, -7295217.789416602812707 ], [ -7141685.567877320572734, -7295114.840629116632044 ], [ -7141692.135727276094258, -7295080.396384133957326 ], [ -7141765.049993745982647, -7295034.599243108183146 ], [ -7141870.914829489775002, -7295034.599243108183146 ], [ -7141943.829095958732069, -7295046.144715558737516 ], [ -7141983.570154172368348, -7294977.449405508115888 ], [ -7141996.705854085274041, -7294828.5154276965186 ], [ -7142043.1260817470029, -7294759.822029504925013 ], [ -7142102.682009321637452, -7294725.571765102446079 ], [ -7142155.670086939819157, -7294748.469397152774036 ], [ -7142248.399222769774497, -7294588.187380800954998 ], [ -7142453.672363792546093, -7294588.187380800954998 ], [ -7142526.58663026150316, -7294359.21877062972635 ], [ -7142261.646242174319923, -7294233.385095052421093 ], [ -7142056.373101152479649, -7294176.241112779825926 ], [ -7141771.617843702435493, -7294130.449266755953431 ], [ -7141692.135727276094258, -7294050.21798135433346 ], [ -7141566.344702680595219, -7293970.179917303845286 ], [ -7141467.047716891393065, -7294038.866379146464169 ], [ -7141400.812619869597256, -7294210.488971210084856 ], [ -7141274.910275783389807, -7294130.449266755953431 ], [ -7141102.81034301687032, -7294130.449266755953431 ], [ -7141010.08120718691498, -7293993.075337549671531 ], [ -7141082.884154164232314, -7293924.389277907088399 ], [ -7141089.563323613256216, -7293764.124151511117816 ], [ -7141023.328226589597762, -7293752.772964593023062 ], [ -7140877.611013141460717, -7293798.562599089927971 ], [ -7140725.325949735939503, -7293787.018968478776515 ], [ -7140659.090852716006339, -7293775.66774832829833 ], [ -7140606.102775096893311, -7293695.440102781169116 ], [ -7140546.546847523190081, -7293684.08901556301862 ], [ -7140526.731978160329163, -7293947.284564089030027 ], [ -7140506.805789310485125, -7293947.284564089030027 ], [ -7140427.323672884143889, -7293867.247553557157516 ], [ -7140447.249861733987927, -7293764.124151511117816 ], [ -7140447.249861733987927, -7293649.651072100736201 ], [ -7140387.582614669576287, -7293603.862309522926807 ], [ -7140275.038609478622675, -7293649.651072100736201 ], [ -7140182.309473647736013, -7293580.968028772622347 ], [ -7140109.506526667624712, -7293523.828813741914928 ], [ -7140063.086299006827176, -7293443.603751773014665 ], [ -7140003.530371432192624, -7293443.603751773014665 ], [ -7139877.739346836693585, -7293546.722927211783826 ], [ -7139877.739346836693585, -7293661.194499938748777 ], [ -7139798.257230410352349, -7293684.08901556301862 ], [ -7139725.454283430241048, -7293638.300051341764629 ], [ -7139679.034055769443512, -7293718.334718665108085 ], [ -7139533.4281618129462, -7293729.878247887827456 ], [ -7139506.934123003855348, -7293695.440102781169116 ], [ -7139467.193064791150391, -7293695.440102781169116 ], [ -7139447.266875939443707, -7293672.545553926378489 ], [ -7139414.204987173900008, -7293615.405669771134853 ], [ -7139407.525817724876106, -7293569.617107707075775 ], [ -7139361.216909555718303, -7293500.934767294675112 ], [ -7139328.155020790174603, -7293512.285588666796684 ], [ -7139275.166943171992898, -7293580.968028772622347 ], [ -7139215.499696107581258, -7293569.617107707075775 ], [ -7139162.511618490330875, -7293466.497630381956697 ], [ -7139089.708671511150897, -7293409.359251730144024 ], [ -7138996.979535680264235, -7293375.114901641383767 ], [ -7138950.670627510175109, -7293455.146875468082726 ], [ -7139030.152743936516345, -7293500.934767294675112 ], [ -7139083.140821553766727, -7293592.511355227790773 ], [ -7139083.140821553766727, -7293729.878247887827456 ], [ -7139036.720593892037868, -7293855.703821554780006 ], [ -7138977.164666319265962, -7293970.179917303845286 ], [ -7138831.447452871128917, -7293958.636033355258405 ], [ -7138718.903447678312659, -7293912.845461553893983 ], [ -7138573.186234229244292, -7293901.494058759883046 ], [ -7138506.951137208379805, -7293832.808803499676287 ], [ -7138361.345243250019848, -7293924.389277907088399 ], [ -7138195.70184095017612, -7293924.389277907088399 ], [ -7138089.837005205452442, -7293889.950276204384863 ], [ -7137997.10786937456578, -7293935.740713939070702 ], [ -7138003.675719331949949, -7294141.801001907326281 ], [ -7138076.478666311129928, -7294256.281285934150219 ], [ -7138169.319121632725, -7294336.32227835059166 ], [ -7138116.331044013611972, -7294496.599132203496993 ], [ -7138122.898893970996141, -7294622.629457719624043 ], [ -7138050.095946993678808, -7294679.776702141389251 ], [ -7137957.366811162792146, -7294656.879271235316992 ], [ -7137824.896617117337883, -7294508.143810334615409 ], [ -7137758.661520097404718, -7294519.496093785390258 ], [ -7137606.376456690020859, -7294531.040805722586811 ], [ -7137526.894340265542269, -7294553.937868152745068 ], [ -7137387.856296264566481, -7294702.674200098030269 ], [ -7137367.930107411928475, -7294782.719761850312352 ], [ -7137275.312291070818901, -7294817.162695613689721 ], [ -7137202.398024601861835, -7294782.719761850312352 ], [ -7137096.533188858069479, -7294679.776702141389251 ], [ -7137056.792130643501878, -7294622.629457719624043 ] ] ], [ [ [ -7501153.680808855220675, -7344030.641921645961702 ], [ -7501596.175784757360816, -7344040.323717801831663 ], [ -7501701.48402304854244, -7343897.808892684988678 ], [ -7501862.897284699603915, -7343905.166931279934943 ], [ -7501865.457632986828685, -7344024.058307129889727 ], [ -7502014.069153195247054, -7343984.944006126374006 ], [ -7502079.525013781152666, -7343933.243721309117973 ], [ -7502488.846781428903341, -7343351.784357620403171 ], [ -7502529.589715058915317, -7343242.584040032699704 ], [ -7502584.804182493127882, -7343238.130868054926395 ], [ -7502663.729701465927064, -7343281.694616251625121 ], [ -7502703.693398660048842, -7343293.505274379625916 ], [ -7502876.127289899624884, -7343279.564827347174287 ], [ -7503008.59748394228518, -7343176.173956620506942 ], [ -7503034.089647334069014, -7343102.987989365123212 ], [ -7503041.659372707828879, -7342880.723708179779351 ], [ -7502623.877323759719729, -7343067.556934596970677 ], [ -7502538.9405522858724, -7343063.878309722989798 ], [ -7502421.721128481440246, -7343029.802709192968905 ], [ -7502375.078261837363243, -7343051.29355354513973 ], [ -7502229.806326352991164, -7343357.012070768512785 ], [ -7502147.429903166368604, -7343546.761069068685174 ], [ -7502073.513761279173195, -7343619.951202771626413 ], [ -7501970.765871277078986, -7343664.291591580025852 ], [ -7501762.709742984734476, -7343687.139575981535017 ], [ -7501343.146582184359431, -7343608.140050038695335 ], [ -7501133.309342038817704, -7343584.517798260785639 ], [ -7500829.963729627430439, -7343599.233290962874889 ], [ -7500762.72675718832761, -7343602.524918131530285 ], [ -7500400.38181465677917, -7343619.951202771626413 ], [ -7500358.748325100168586, -7343607.365548845380545 ], [ -7500309.545110169798136, -7343529.141324695199728 ], [ -7500264.460716397501528, -7343294.279744390398264 ], [ -7500219.487642117775977, -7343212.960813395678997 ], [ -7500116.739752115681767, -7343181.207937293685973 ], [ -7500079.336403208784759, -7343204.828966951929033 ], [ -7500047.944306803867221, -7343320.030916050076485 ], [ -7500031.80298063904047, -7343551.988912971690297 ], [ -7500025.01249170023948, -7344035.87009007576853 ], [ -7500121.860448691062629, -7344275.207777185365558 ], [ -7500173.624011910520494, -7344317.228178018704057 ], [ -7500295.073576365597546, -7344325.361184990033507 ], [ -7500582.945779557339847, -7344114.873950979672372 ], [ -7500909.111887581646442, -7344049.811889700591564 ], [ -7501153.680808855220675, -7344030.641921645961702 ] ] ], [ [ [ -7198437.691437110304832, -7340197.982594422064722 ], [ -7198374.128007868304849, -7340211.723991341888905 ], [ -7198323.700278537347913, -7340234.755401050671935 ], [ -7198318.46826247125864, -7340308.495077980682254 ], [ -7198329.043614096939564, -7340331.526773544959724 ], [ -7198355.537652904167771, -7340382.235452316701412 ], [ -7198363.552656241692603, -7340455.782977041788399 ], [ -7198382.031691713258624, -7340511.137624284252524 ], [ -7198413.869066080078483, -7340547.911907899193466 ], [ -7198477.432495323941112, -7340570.944310712628067 ], [ -7198496.022850286215544, -7340681.074975556693971 ], [ -7198535.652589009143412, -7340663.074602369219065 ], [ -7198612.463037655688822, -7340723.076007944531739 ], [ -7198713.207176824100316, -7340736.818330340087414 ], [ -7198760.851918883621693, -7340736.818330340087414 ], [ -7198808.49666094314307, -7340736.818330340087414 ], [ -7198856.141403002664447, -7340768.948361728340387 ], [ -7198890.650445147417486, -7340768.948361728340387 ], [ -7198978.036245421506464, -7340810.562755815684795 ], [ -7199089.244416723959148, -7340801.272081131115556 ], [ -7199174.069868708029389, -7340810.562755815684795 ], [ -7199142.232494341209531, -7340759.85129121132195 ], [ -7199084.012400656938553, -7340653.977655382826924 ], [ -7199041.599674664437771, -7340575.589509439654648 ], [ -7198985.93992926646024, -7340580.234710936434567 ], [ -7198930.391503361985087, -7340561.847471219487488 ], [ -7198872.060090185143054, -7340524.879573127254844 ], [ -7198805.824993165209889, -7340497.39569966122508 ], [ -7198782.002622134052217, -7340478.815107699483633 ], [ -7198731.686212294735014, -7340414.364022517576814 ], [ -7198750.276567257940769, -7340363.848679537884891 ], [ -7198715.767525112256408, -7340345.268405826762319 ], [ -7198676.026466899551451, -7340331.526773544959724 ], [ -7198629.717558728531003, -7340301.527519616298378 ], [ -7198583.408650558441877, -7340271.721923571079969 ], [ -7198527.748905162326992, -7340262.431890952400863 ], [ -7198485.33617916982621, -7340230.303946810774505 ], [ -7198437.691437110304832, -7340197.982594422064722 ] ] ], [ [ [ -7599070.416230107657611, -7336580.386260871775448 ], [ -7598953.308125793002546, -7336566.070910081267357 ], [ -7598911.897275218740106, -7336561.041198474355042 ], [ -7598611.779928039759398, -7336524.28571212105453 ], [ -7598305.985286830924451, -7336521.383970575407147 ], [ -7598134.441951517947018, -7336502.812850257381797 ], [ -7598051.286291896365583, -7336467.411774643696845 ], [ -7598030.803505590185523, -7336431.23707103356719 ], [ -7598052.065528332255781, -7336339.737099113874137 ], [ -7598086.017973023466766, -7336297.759669952094555 ], [ -7598192.216767241246998, -7336217.28744210768491 ], [ -7598207.467537479475141, -7336161.963267125189304 ], [ -7598034.254409804008901, -7336024.041420774534345 ], [ -7597928.9461715137586, -7335979.744458857923746 ], [ -7597578.178456025198102, -7335887.476049086079001 ], [ -7597389.603238621726632, -7336229.86117297410965 ], [ -7597287.745904545299709, -7336254.234924387186766 ], [ -7597239.321926049888134, -7336305.11053984425962 ], [ -7597156.945502861402929, -7336453.483526651747525 ], [ -7597080.469012686982751, -7336508.035973376594484 ], [ -7596776.455483331345022, -7336351.53724661283195 ], [ -7596536.895939144305885, -7336289.635032340884209 ], [ -7596419.787834829650819, -7336296.212119277566671 ], [ -7596060.448518549092114, -7336471.087288680486381 ], [ -7595712.241151348687708, -7336646.740189468488097 ], [ -7595649.456958539783955, -7336748.690328541211784 ], [ -7595850.72259789519012, -7336956.076887628994882 ], [ -7596078.259637077338994, -7337162.695100617595017 ], [ -7596108.093260608613491, -7337226.151980193331838 ], [ -7596110.542289406061172, -7337389.246268352493644 ], [ -7596152.175778962671757, -7337471.084900992922485 ], [ -7596257.484017252922058, -7337481.532447828911245 ], [ -7596484.241819999180734, -7337397.372051629237831 ], [ -7596869.852536106482148, -7337171.594509916380048 ], [ -7597201.918577142991126, -7337123.615206093527377 ], [ -7597612.130900716409087, -7336923.575644541531801 ], [ -7597943.306385826319456, -7336927.251373574137688 ], [ -7598609.219579751603305, -7336729.538303214125335 ], [ -7599145.111608430743217, -7336734.568123492412269 ], [ -7599442.445968340151012, -7336643.838402358815074 ], [ -7599452.576042001135647, -7336610.564654029905796 ], [ -7599070.416230107657611, -7336580.386260871775448 ] ] ], [ [ [ -7168547.517603190615773, -7313040.461224919185042 ], [ -7168527.925372811034322, -7313017.702803188934922 ], [ -7168522.80467623565346, -7312985.301096837967634 ], [ -7168485.51264681853354, -7312972.186158672906458 ], [ -7168444.769713188521564, -7312996.487385028973222 ], [ -7168412.487060859799385, -7313029.467741734348238 ], [ -7168385.213785612955689, -7313052.997671992518008 ], [ -7168358.051829859614372, -7313090.607133951969445 ], [ -7168354.712245135568082, -7313128.023906582035124 ], [ -7168355.491481573320925, -7313160.426205031573772 ], [ -7168374.193156025372446, -7313187.621094982139766 ], [ -7168419.277549795806408, -7313233.331868031062186 ], [ -7168454.120550414547324, -7313255.319423775188625 ], [ -7168512.674602571874857, -7313287.722250331193209 ], [ -7168538.16676596365869, -7313281.936021443456411 ], [ -7168633.233611101284623, -7313192.057149844244123 ], [ -7168637.463751750998199, -7313140.56049420684576 ], [ -7168613.752700212411582, -7313118.573261524550617 ], [ -7168580.579491956159472, -7313077.299149785190821 ], [ -7168547.517603190615773, -7313040.461224919185042 ] ] ], [ [ [ -7103179.710733963176608, -7307350.027666145004332 ], [ -7103197.299213507212698, -7307335.765820423141122 ], [ -7103203.421785502694547, -7307322.082182107493281 ], [ -7103203.978382956236601, -7307303.773126072250307 ], [ -7103204.423660919070244, -7307292.402260237373412 ], [ -7103214.776373563334346, -7307289.318638454191387 ], [ -7103235.704437831416726, -7307313.987646779976785 ], [ -7103245.055275058373809, -7307308.591294554062188 ], [ -7103240.268536955118179, -7307275.249629521742463 ], [ -7103224.349849770776927, -7307236.897254373878241 ], [ -7103224.015891298651695, -7307213.963009431026876 ], [ -7103214.665054071694613, -7307218.202948804944754 ], [ -7103202.976507537998259, -7307190.450660136528313 ], [ -7103198.969005869701505, -7307171.949189119040966 ], [ -7103188.616293226368725, -7307173.876423639245331 ], [ -7103186.946500863879919, -7307189.87248850427568 ], [ -7103182.048443268984556, -7307200.086860307492316 ], [ -7103168.356145901605487, -7307199.701412072405219 ], [ -7103158.671350202523172, -7307182.163537493906915 ], [ -7103153.884612099267542, -7307190.065212375484407 ], [ -7103145.424330798909068, -7307203.555895278230309 ], [ -7103137.409327461384237, -7307203.170446871779859 ], [ -7103106.462509020231664, -7307205.675861852243543 ], [ -7103102.900285314768553, -7307212.421213868074119 ], [ -7103096.443754849024117, -7307232.850029787048697 ], [ -7103083.753332899883389, -7307239.402680167928338 ], [ -7103074.291176181286573, -7307247.111687652766705 ], [ -7103071.730827893130481, -7307256.169781167060137 ], [ -7103069.949716040864587, -7307279.104149997234344 ], [ -7103067.389367751777172, -7307288.162280600517988 ], [ -7103072.176105856895447, -7307315.722189358435571 ], [ -7103084.532569333910942, -7307323.045817822217941 ], [ -7103100.228617536835372, -7307333.838545970618725 ], [ -7103121.713279260322452, -7307341.354919022880495 ], [ -7103144.311135889962316, -7307348.871299304999411 ], [ -7103166.018436594866216, -7307350.798577466979623 ], [ -7103179.710733963176608, -7307350.027666145004332 ] ] ], [ [ [ -7175679.86869780626148, -7337810.637338063679636 ], [ -7175694.340231608599424, -7337781.034742433577776 ], [ -7175693.560995173640549, -7337736.921279018744826 ], [ -7175664.617927568033338, -7337723.571201118640602 ], [ -7175605.173319484107196, -7337709.447230543009937 ], [ -7175516.896963284350932, -7337682.166757054626942 ], [ -7175487.174659243784845, -7337675.58850113209337 ], [ -7175428.509287594817579, -7337669.010250760242343 ], [ -7175389.436146326363087, -7337667.462427951395512 ], [ -7175357.153493995778263, -7337677.716759794391692 ], [ -7175341.012167830951512, -7337712.54289313685149 ], [ -7175356.262938071042299, -7337736.14736083522439 ], [ -7175387.766353964805603, -7337744.273505590856075 ], [ -7175403.907680130563676, -7337769.232431717216969 ], [ -7175386.875798039138317, -7337815.08741117361933 ], [ -7175387.766353964805603, -7337846.044511795043945 ], [ -7175424.27914694417268, -7337888.223759186454117 ], [ -7175448.10151797439903, -7337903.702439306303859 ], [ -7175479.493614377453923, -7337913.957081804051995 ], [ -7175518.56675564777106, -7337913.957081804051995 ], [ -7175549.958852050825953, -7337901.380635327659547 ], [ -7175679.86869780626148, -7337810.637338063679636 ] ] ], [ [ [ -7513191.659223747439682, -7338286.035590355284512 ], [ -7513104.273423475213349, -7338400.390898364596069 ], [ -7513058.298473777249455, -7338434.446271863766015 ], [ -7513032.027073949575424, -7338441.799156119115651 ], [ -7512879.964649527333677, -7338450.50652801990509 ], [ -7512761.96598928514868, -7338452.828495503403246 ], [ -7512564.930490582250059, -7338451.280517103150487 ], [ -7512424.779251673258841, -7338449.152047308161855 ], [ -7512312.680524444207549, -7338474.887221068143845 ], [ -7512202.251589576713741, -7338595.243822786957026 ], [ -7512097.833907213062048, -7338693.349372403696179 ], [ -7511965.252393677830696, -7338832.285970596596599 ], [ -7511821.761570046655834, -7338953.228618104942143 ], [ -7511777.679051690734923, -7339010.894732874818146 ], [ -7511716.45333175547421, -7339052.112720556557178 ], [ -7511566.951255619525909, -7339054.434867189265788 ], [ -7511472.663646918721497, -7339140.741807593032718 ], [ -7511367.466728118248284, -7339187.959461780264974 ], [ -7511346.204705378040671, -7339278.912306417711079 ], [ -7511358.895127327181399, -7339346.837356868200004 ], [ -7511347.874497739598155, -7339380.703343814238906 ], [ -7511275.739467704668641, -7339410.312012917362154 ], [ -7511186.57255557924509, -7339423.471457498148084 ], [ -7510905.379521835595369, -7339463.336969275958836 ], [ -7510826.454002862796187, -7339442.630100339651108 ], [ -7510763.558490565046668, -7339404.312861730344594 ], [ -7510671.831230152398348, -7339315.680778785608709 ], [ -7510421.251056375913322, -7339101.651998745277524 ], [ -7510319.393722299486399, -7339091.976333739235997 ], [ -7510142.729690410196781, -7338988.640980334021151 ], [ -7510011.03873280249536, -7338894.982404901646078 ], [ -7509828.474767901934683, -7338780.619843428954482 ], [ -7509648.359831798821688, -7338750.239546461030841 ], [ -7509513.440608957782388, -7338753.335622265003622 ], [ -7509406.351258814334869, -7338777.523756792768836 ], [ -7509323.195599189959466, -7338813.709346133284271 ], [ -7509233.13813113886863, -7338838.091174818575382 ], [ -7509153.322056240402162, -7338766.493958143517375 ], [ -7509067.494728838093579, -7338694.897398857399821 ], [ -7509004.599216540344059, -7338661.614897827617824 ], [ -7508891.721252877265215, -7338652.907290188595653 ], [ -7508850.866999754682183, -7338602.596858670003712 ], [ -7508832.276644793339074, -7338518.424362543039024 ], [ -7508803.333577186800539, -7338457.278935110196471 ], [ -7508800.773228897713125, -7338344.277255098335445 ], [ -7508766.82078420650214, -7338328.023723504506052 ], [ -7508654.722056977450848, -7338330.926137377507985 ], [ -7508541.732773821800947, -7338327.249746656045318 ], [ -7508367.629090220667422, -7338358.982860496267676 ], [ -7508179.165192307904363, -7338429.995845288969576 ], [ -7508181.725540596060455, -7338548.029757593758404 ], [ -7508190.185821897350252, -7338655.035815602168441 ], [ -7508179.944428744725883, -7338711.925710131414235 ], [ -7508046.694998265244067, -7338838.865202375687659 ], [ -7507953.186625998467207, -7338925.943792967125773 ], [ -7507920.903973668813705, -7339004.895888981409371 ], [ -7507855.559432572685182, -7339085.396888394840062 ], [ -7507738.340008768253028, -7339167.446839178912342 ], [ -7507588.05869619641453, -7339221.244209499098361 ], [ -7507524.717905934900045, -7339226.662670250050724 ], [ -7507413.064456669613719, -7339235.951468869112432 ], [ -7507261.892588171176612, -7339255.883719918318093 ], [ -7507070.75702247954905, -7339265.559588313102722 ], [ -7506941.73773264978081, -7339273.687327045015991 ], [ -7506885.632709290832281, -7339309.10114467702806 ], [ -7506893.31375415623188, -7339393.282176430337131 ], [ -7506956.097946962341666, -7339420.5686369324103 ], [ -7507036.025341352447867, -7339464.11105890199542 ], [ -7507052.945903953164816, -7339520.232761441729963 ], [ -7507046.155415014363825, -7339581.580050116404891 ], [ -7507074.987163129262626, -7339614.672951991669834 ], [ -7507120.96211282722652, -7339653.765332822687924 ], [ -7507114.950860325247049, -7339698.857282842509449 ], [ -7507059.736392891034484, -7339700.40550893265754 ], [ -7506997.73143651895225, -7339735.047148099169135 ], [ -7507010.533177959732711, -7339769.108351197093725 ], [ -7507006.303037310019135, -7339842.069497191347182 ], [ -7506978.250525631010532, -7339882.711280420422554 ], [ -7506950.977250385098159, -7339899.742185901850462 ], [ -7506844.889775660820305, -7339918.90199903678149 ], [ -7506748.932374596595764, -7339915.224859531968832 ], [ -7506669.895536134019494, -7339916.579594937153161 ], [ -7506596.869950172491372, -7339918.127864258363843 ], [ -7506556.127016542479396, -7339957.995905207470059 ], [ -7506562.026949553750455, -7340127.921200735494494 ], [ -7506573.047579143196344, -7340404.686728402972221 ], [ -7506649.524069317616522, -7340589.331571879796684 ], [ -7506749.82293052226305, -7340807.852974555455148 ], [ -7506881.402568641118705, -7340906.760600699111819 ], [ -7506973.129829052835703, -7340983.603595126420259 ], [ -7506974.799621416255832, -7341074.383826377801597 ], [ -7506952.758362239226699, -7341114.25778017565608 ], [ -7506795.575241237878799, -7341106.12812255974859 ], [ -7506610.450928051024675, -7341126.839409864507616 ], [ -7506474.529829791747034, -7341123.93595505785197 ], [ -7506366.772562704049051, -7341075.158075965940952 ], [ -7506325.918309582397342, -7340985.732756888493896 ], [ -7506257.12286427244544, -7340930.374740041792393 ], [ -7506114.411277074366808, -7340848.499792335554957 ], [ -7505885.983681967481971, -7340672.752217196859419 ], [ -7505747.61355491168797, -7340573.654009633697569 ], [ -7505644.865664909593761, -7340497.008603543974459 ], [ -7505553.917640930972993, -7340476.298989275470376 ], [ -7505368.793327741324902, -7340479.976393398828804 ], [ -7505160.737199448980391, -7340489.653780961409211 ], [ -7505042.627219716086984, -7340503.589240156114101 ], [ -7504987.524071775376797, -7340567.073313886299729 ], [ -7504977.282678621821105, -7340612.170546136796474 ], [ -7505002.774842013604939, -7340752.496220681816339 ], [ -7504981.512819271534681, -7340843.273761034943163 ], [ -7504904.257092661224306, -7340918.56766142975539 ], [ -7504742.843831011094153, -7341012.250547556206584 ], [ -7504571.30049569811672, -7341146.002238710410893 ], [ -7504349.663389529101551, -7341326.212559617124498 ], [ -7504298.679062746465206, -7341587.534602877683938 ], [ -7504268.066202777437866, -7341757.301838578656316 ], [ -7504185.689779590815306, -7341854.8664381057024 ], [ -7504098.30397931765765, -7341997.343919724225998 ], [ -7503850.172834339551628, -7342240.297261560335755 ], [ -7503829.022131089121103, -7342336.319155912846327 ], [ -7503813.771360849961638, -7342393.235917711630464 ], [ -7503815.441153212450445, -7342489.25969584658742 ], [ -7503862.08401985373348, -7342555.663927740417421 ], [ -7503951.250931980088353, -7342582.380658739246428 ], [ -7504077.041956575587392, -7342597.094259834848344 ], [ -7504324.17122613824904, -7342597.868660662323236 ], [ -7504477.012886997312307, -7342617.035105643793941 ], [ -7504629.075311419554055, -7342614.131095797754824 ], [ -7504814.199624610133469, -7342576.37906626611948 ], [ -7504970.492189683020115, -7342522.558540262281895 ], [ -7505064.779798385687172, -7342430.212676113471389 ], [ -7505085.151265200227499, -7342345.22447217348963 ], [ -7505095.281338861212134, -7342282.500287194736302 ], [ -7505105.522732015699148, -7342254.429441949352622 ], [ -7505161.516435883939266, -7342224.809970006346703 ], [ -7505223.521392255090177, -7342218.227880412712693 ], [ -7505276.17551140114665, -7342273.595042582601309 ], [ -7505350.091653288342059, -7342311.345605879090726 ], [ -7505385.825209832750261, -7342384.330546605400741 ], [ -7505377.253609042614698, -7342525.462515993975103 ], [ -7505372.244231957010925, -7342565.343892163597047 ], [ -7505228.642088832333684, -7342732.228368657641113 ], [ -7505113.203776879236102, -7342869.49449629150331 ], [ -7504992.533448860049248, -7343013.539406904950738 ], [ -7504776.796275703236461, -7343251.490391622297466 ], [ -7504772.56613505166024, -7343313.447901667095721 ], [ -7504741.174038648605347, -7343439.106988877989352 ], [ -7504772.56613505166024, -7343550.633545697666705 ], [ -7504787.816905291751027, -7343759.556511416099966 ], [ -7504751.304112309589982, -7343924.33659076038748 ], [ -7504692.750060153193772, -7344089.701065242290497 ], [ -7504651.11657059751451, -7344214.598104937933385 ], [ -7504630.745103781111538, -7344344.531877852976322 ], [ -7504605.252940389327705, -7344486.47392928507179 ], [ -7504578.981540563516319, -7344555.218962372280657 ], [ -7504541.578191657550633, -7344674.12025358621031 ], [ -7504493.154213160276413, -7344793.797977562993765 ], [ -7504522.876517203636467, -7344854.993122478947043 ], [ -7504584.881473575718701, -7344859.447218240238726 ], [ -7504725.032712484709918, -7344856.542372891679406 ], [ -7504860.063254815526307, -7344809.290373897179961 ], [ -7504980.62226334400475, -7344694.066413311287761 ], [ -7505142.926080922596157, -7344605.374171858653426 ], [ -7505255.024808149784803, -7344552.120581638999283 ], [ -7505309.348719658330083, -7344506.419608845375478 ], [ -7505371.353676030412316, -7344504.870428021065891 ], [ -7505423.117239249870181, -7344532.174785137176514 ], [ -7505530.206589392386377, -7344541.082610276527703 ], [ -7505749.283347272314131, -7344525.590747009031475 ], [ -7505856.261377925053239, -7344483.569222927093506 ], [ -7505915.70598600897938, -7344391.974704324267805 ], [ -7506117.082944854162633, -7344297.282982559874654 ], [ -7506273.264190437272191, -7344237.447702390141785 ], [ -7506607.890579761937261, -7344077.889200725592673 ], [ -7506831.308797784149647, -7343989.2039699787274 ], [ -7507443.677316637709737, -7343615.497815213166177 ], [ -7507611.769747735932469, -7343549.859050216153264 ], [ -7507739.230564693920314, -7343479.573905782774091 ], [ -7507880.161040036939085, -7343448.594429014250636 ], [ -7508053.374167712405324, -7343399.802002757787704 ], [ -7508215.677985289134085, -7343334.939527995884418 ], [ -7508382.99117995146662, -7343291.375482247211039 ], [ -7508579.136122728697956, -7343213.735275405459106 ], [ -7508685.334916944615543, -7343166.493233686313033 ], [ -7508873.910134349018335, -7343020.896610881201923 ], [ -7509063.264588188380003, -7342955.262852322310209 ], [ -7509191.504641582258046, -7342896.212302846834064 ], [ -7509348.576443091966212, -7342841.421537333168089 ], [ -7509549.842082446441054, -7342792.826516301371157 ], [ -7509656.931432589888573, -7342773.659639118239284 ], [ -7509752.888833653181791, -7342788.373601237311959 ], [ -7509842.94630170520395, -7342792.052096107974648 ], [ -7509928.662309614941478, -7342829.611564117483795 ], [ -7510027.180058967322111, -7342980.432074941694736 ], [ -7510090.854807700961828, -7343069.686665579676628 ], [ -7510108.777245718985796, -7343108.796374362893403 ], [ -7510094.305711916647851, -7343227.869220576249063 ], [ -7510056.123126573860645, -7343267.754190342500806 ], [ -7509994.89740663766861, -7343308.220217734575272 ], [ -7509972.856147460639477, -7343354.107785253785551 ], [ -7510024.619710680097342, -7343387.410324082709849 ], [ -7510026.400822531431913, -7343477.444062812253833 ], [ -7510036.530896194279194, -7343680.55625157430768 ], [ -7510039.091244482435286, -7343827.520610919222236 ], [ -7510075.604037462733686, -7343956.092494036071002 ], [ -7510189.372557054273784, -7344015.925614521838725 ], [ -7510410.230426787398756, -7344045.358256554231048 ], [ -7510617.507318644784391, -7343989.978509111329913 ], [ -7510716.804304431192577, -7343915.429470390081406 ], [ -7510769.458423576317728, -7343755.877559974789619 ], [ -7510767.788631215691566, -7343665.066098430193961 ], [ -7510710.013815492391586, -7343598.458790655247867 ], [ -7510608.935717853717506, -7343577.934560521505773 ], [ -7510490.046501684933901, -7343580.838929427787662 ], [ -7510417.020915726199746, -7343599.233290962874889 ], [ -7510327.854003600776196, -7343612.593433394096792 ], [ -7510202.95353493001312, -7343586.647670486941934 ], [ -7510196.274365483783185, -7343541.726852324791253 ], [ -7510228.445698321796954, -7343455.952043598517776 ], [ -7510255.607654075138271, -7343387.991183579899371 ], [ -7510208.964787433855236, -7343314.996845727786422 ], [ -7510263.28869894053787, -7343223.996904280036688 ], [ -7510308.261773220263422, -7343206.377889429219067 ], [ -7510453.533708706498146, -7343186.435536051169038 ], [ -7510505.408591415733099, -7343218.962895972654223 ], [ -7510512.087760863825679, -7343263.881854236125946 ], [ -7510484.146568673662841, -7343297.958477989770472 ], [ -7510422.920848737470806, -7343339.392755277454853 ], [ -7510418.690708088688552, -7343384.312407493591309 ], [ -7510465.444894219748676, -7343456.726529748179018 ], [ -7510654.799348059110343, -7343469.311940466985106 ], [ -7510778.80926080327481, -7343472.21626890078187 ], [ -7510864.636588205583394, -7343503.970330390147865 ], [ -7510967.384478207677603, -7343574.836568214930594 ], [ -7511113.43565012793988, -7343622.855587332509458 ], [ -7511268.058422841131687, -7343687.139575981535017 ], [ -7511381.82694243080914, -7343741.936286051757634 ], [ -7511606.914952815510333, -7343753.747641511261463 ], [ -7511795.490170218981802, -7343862.955120029859245 ], [ -7512067.221047245897353, -7343930.145587788894773 ], [ -7512141.137189133092761, -7343962.676051150076091 ], [ -7512165.738796598277986, -7344058.719163624569774 ], [ -7512093.492447073571384, -7344111.194831839762628 ], [ -7512011.227343376725912, -7344219.826396752148867 ], [ -7511867.625200252979994, -7344335.817920706234872 ], [ -7511807.290036244317889, -7344422.183348380960524 ], [ -7511775.007383912801743, -7344507.194199372082949 ], [ -7511797.159962581470609, -7344738.412912486121058 ], [ -7511877.866593405604362, -7344843.954722218215466 ], [ -7511998.425601935945451, -7344948.916985169053078 ], [ -7512130.116559543646872, -7345030.835010038688779 ], [ -7512169.968937247991562, -7345086.222152987495065 ], [ -7512200.581797215156257, -7345193.317989684641361 ], [ -7512180.989566836506128, -7345324.236418223939836 ], [ -7512178.540538037195802, -7345476.267234487459064 ], [ -7512175.089633825235069, -7345589.372338699176908 ], [ -7512257.466057009994984, -7345717.198575933463871 ], [ -7512322.031361671164632, -7345834.761829604394734 ], [ -7512463.852392942644656, -7345927.729084790684283 ], [ -7512690.610195687040687, -7345962.592091376893222 ], [ -7512960.671280353330076, -7345940.318485845811665 ], [ -7513060.858822065405548, -7345887.055774199776351 ], [ -7513170.508520497009158, -7345731.918095425702631 ], [ -7513207.021313478238881, -7345629.269393760710955 ], [ -7513235.853061593137681, -7345392.214161896146834 ], [ -7513290.176973099820316, -7345288.795265619643033 ], [ -7513366.653463274240494, -7345174.145209156908095 ], [ -7513392.924863101914525, -7345083.317223122343421 ], [ -7513514.485747047699988, -7344950.272595595568419 ], [ -7513601.871547321788967, -7344841.049882641993463 ], [ -7513759.054668321274221, -7344815.100030458532274 ], [ -7513871.932631986215711, -7344812.969822550192475 ], [ -7513983.252122780308127, -7344776.756377162411809 ], [ -7514015.534775109030306, -7344690.967977383174002 ], [ -7514104.701687234453857, -7344649.720166438259184 ], [ -7514156.465250453911722, -7344677.025030952878296 ], [ -7514212.570273813791573, -7344706.072864163666964 ], [ -7514213.460829738527536, -7344706.653821932151914 ], [ -7514233.832296553999186, -7344715.368193653412163 ], [ -7514383.223053200170398, -7344743.447902139276266 ], [ -7514580.258551903069019, -7344649.720166438259184 ], [ -7514865.681726298294961, -7344416.954920839518309 ], [ -7515041.455202259123325, -7344372.029317607171834 ], [ -7515311.516286923550069, -7344496.737233752384782 ], [ -7515421.16598535515368, -7344521.136842019855976 ], [ -7515590.148972379975021, -7344558.89829109609127 ], [ -7515767.592240704223514, -7344450.262000722810626 ], [ -7515940.026131944730878, -7344229.314787144772708 ], [ -7516224.558750411495566, -7344018.05560462269932 ], [ -7516555.734235520474613, -7343877.67113836389035 ], [ -7516809.765313511714339, -7343798.669681484811008 ], [ -7516953.256137144751847, -7343662.161698143929243 ], [ -7517214.856940507888794, -7343484.801704626530409 ], [ -7517566.515211923979223, -7343386.635844820179045 ], [ -7517750.748969186097383, -7343278.790358798578382 ], [ -7517798.282391755841672, -7343003.278055062517524 ], [ -7517868.747629427351058, -7342983.336221244186163 ], [ -7518047.972009604796767, -7342918.283603416755795 ], [ -7518088.714943234808743, -7342854.78038105648011 ], [ -7518093.83563981205225, -7342630.199963837862015 ], [ -7518100.626128749921918, -7342286.952913315035403 ], [ -7518126.118292140774429, -7342035.093145345337689 ], [ -7518141.369062379933894, -7341642.897286077961326 ], [ -7518150.942538588307798, -7341547.077506081201136 ], [ -7518177.102618924342096, -7341284.788980742916465 ], [ -7518183.893107864074409, -7340948.76284889318049 ], [ -7518329.944279784336686, -7339996.315864851698279 ], [ -7518385.158747216686606, -7339689.37440474703908 ], [ -7518400.409517454914749, -7339296.522447865456343 ], [ -7518505.829075236804783, -7338934.845214788801968 ], [ -7518555.032290168106556, -7338570.862753426656127 ], [ -7518406.420769958756864, -7338357.628395683132112 ], [ -7518300.221975741907954, -7338383.363267389126122 ], [ -7518122.778707417659461, -7338512.619396300986409 ], [ -7517801.733295969665051, -7338519.972354271449149 ], [ -7517409.332090922631323, -7338554.028250022791326 ], [ -7517282.761829891242087, -7338625.623515889048576 ], [ -7517108.658146291971207, -7338883.95244010258466 ], [ -7517091.626264198683202, -7338974.901738734915853 ], [ -7517053.443678858689964, -7339177.703143734484911 ], [ -7516819.895387173630297, -7339291.297456691972911 ], [ -7516689.094985491596162, -7339233.048718110658228 ], [ -7516634.771073983982205, -7339133.388264230452478 ], [ -7516503.970672302879393, -7339032.180990385822952 ], [ -7516387.64180442225188, -7338945.875251578167081 ], [ -7516166.783934688195586, -7338787.19903161469847 ], [ -7515917.094316840171814, -7338669.742007062770426 ], [ -7515723.398402859456837, -7338581.311773819848895 ], [ -7515500.98206025455147, -7338527.325319172814488 ], [ -7515361.610057780519128, -7338524.422832200303674 ], [ -7515277.563842231407762, -7338529.647309529595077 ], [ -7515178.266856444999576, -7338576.861263421364129 ], [ -7515188.396930107846856, -7338464.631840894930065 ], [ -7515230.809656099416316, -7338395.940491224639118 ], [ -7515323.427472438663244, -7338334.796024218201637 ], [ -7515374.411799222230911, -7338265.331847556866705 ], [ -7515258.862167778424919, -7338094.866671615280211 ], [ -7515157.004833702929318, -7337952.460482503287494 ], [ -7515002.382060991600156, -7337970.067628580145538 ], [ -7514932.807379245758057, -7337982.644185830838978 ], [ -7514853.770540783181787, -7338099.897372592240572 ], [ -7514692.357279132120311, -7338117.698340573348105 ], [ -7514615.101552521809936, -7338108.797851503826678 ], [ -7514562.447433376684785, -7337960.586852675303817 ], [ -7514504.783937145024538, -7338078.613659868948162 ], [ -7514392.573890427127481, -7338090.41643884126097 ], [ -7514338.249978918582201, -7338004.701581379398704 ], [ -7514212.570273813791573, -7338038.755226846784353 ], [ -7514210.009925524704158, -7338038.368252769112587 ], [ -7514170.157547820359468, -7338033.531078398227692 ], [ -7514128.412738773971796, -7338035.078973868861794 ], [ -7514046.926871512085199, -7338058.684417893178761 ], [ -7513935.718700210563838, -7338117.698340573348105 ], [ -7513708.960897464305162, -7338160.459527529776096 ], [ -7513606.546965933404863, -7338169.166585284285247 ], [ -7513595.081058382987976, -7338170.134036743082106 ], [ -7513460.050516051240265, -7338173.036391850560904 ], [ -7513364.093114986084402, -7338180.389029617421329 ], [ -7513280.046899436973035, -7338204.768878133967519 ], [ -7513191.659223747439682, -7338286.035590355284512 ] ] ], [ [ [ -7153347.509052312932909, -7323736.542549206875265 ], [ -7153337.490298141725361, -7323697.722981362603605 ], [ -7153312.332093223929405, -7323655.040992789901793 ], [ -7153297.971878911368549, -7323630.7065698383376 ], [ -7153293.519099278375506, -7323626.264580188319087 ], [ -7153263.017558800987899, -7323596.71575684659183 ], [ -7153240.308382680639625, -7323626.457710118964314 ], [ -7153236.857478464953601, -7323653.882209024392068 ], [ -7153216.931289613246918, -7323683.6243801349774 ], [ -7153216.374692159704864, -7323705.641384996473789 ], [ -7153215.595455723814666, -7323735.963151254691184 ], [ -7153207.135174422524869, -7323746.778586827218533 ], [ -7153222.831222624517977, -7323777.486780230887234 ], [ -7153249.770539396442473, -7323800.27658677380532 ], [ -7153279.715482421219349, -7323809.160766671411693 ], [ -7153293.296460297890007, -7323817.851822011172771 ], [ -7153342.9449531910941, -7323810.898976965807378 ], [ -7153346.395857404917479, -7323780.57691959105432 ], [ -7153347.509052312932909, -7323736.542549206875265 ] ] ], [ [ [ -7172135.456110946834087, -7315263.005546516738832 ], [ -7172113.303532280959189, -7315238.118499014526606 ], [ -7172081.911435876041651, -7315181.399477808736265 ], [ -7172081.466157912276685, -7315176.383529772050679 ], [ -7171986.955910229124129, -7315176.383529772050679 ], [ -7171915.488797141239047, -7315217.861658439040184 ], [ -7171940.869641041383147, -7315318.181764123961329 ], [ -7172013.895227001979947, -7315357.924316236749291 ], [ -7172065.7701097112149, -7315388.213678659871221 ], [ -7172087.032132453285158, -7315418.310231569223106 ], [ -7172098.052762042731047, -7315480.24004187900573 ], [ -7172252.230256790295243, -7315464.226990891620517 ], [ -7172271.265889716334641, -7315414.64461956359446 ], [ -7172261.13581605348736, -7315363.133306505158544 ], [ -7172208.48169690836221, -7315313.165728233754635 ], [ -7172135.456110946834087, -7315263.005546516738832 ] ] ], [ [ [ -7380704.210658678784966, -7364308.988132101483643 ], [ -7380701.650310390628874, -7364402.176136829890311 ], [ -7380674.488354637287557, -7364591.079410521313548 ], [ -7380660.907376760616899, -7364632.044651233591139 ], [ -7380637.196325222961605, -7364703.68580359313637 ], [ -7380539.457812306471169, -7364927.350228698924184 ], [ -7380516.525997202843428, -7365038.408216222189367 ], [ -7380519.976901415735483, -7365093.937804126180708 ], [ -7380545.357745317742229, -7365145.778720972128212 ], [ -7380645.656606522388756, -7365219.172070002183318 ], [ -7380722.912333132699132, -7365237.035106210969388 ], [ -7380840.910993373952806, -7365217.036274936981499 ], [ -7380897.016016732901335, -7365189.465154895558953 ], [ -7380965.032225608825684, -7365129.469181823544204 ], [ -7380988.743277148343623, -7365091.802043420262635 ], [ -7381004.884603312239051, -7365029.476920877583325 ], [ -7380989.633833074010909, -7364902.88661921210587 ], [ -7380987.964040711522102, -7364809.498467666096985 ], [ -7380992.08286187145859, -7364792.413022707216442 ], [ -7381018.465581188909709, -7364683.688342432491481 ], [ -7381067.668796120211482, -7364567.393445524387062 ], [ -7381111.41735600028187, -7364463.719659890048206 ], [ -7381204.48045030515641, -7364243.757192490622401 ], [ -7381250.34408051148057, -7364061.657045401632786 ], [ -7381254.574221161194146, -7363973.520550813525915 ], [ -7381229.972613696940243, -7363928.287891474552453 ], [ -7381202.810657941736281, -7363930.423333000391722 ], [ -7380703.431422242894769, -7364120.868246371857822 ], [ -7380641.42646587267518, -7364308.988132101483643 ], [ -7380704.210658678784966, -7364308.988132101483643 ] ] ], [ [ [ -7590123.000838108360767, -7333723.640259708277881 ], [ -7590222.409143387340009, -7333737.563633604906499 ], [ -7590314.136403799988329, -7333749.359844828955829 ], [ -7590372.690455957315862, -7333750.1333674993366 ], [ -7590412.654153153300285, -7333731.568844574503601 ], [ -7590438.146316544152796, -7333707.976493778638542 ], [ -7590449.166946133598685, -7333677.809329505078495 ], [ -7590437.25576061848551, -7333649.769441694952548 ], [ -7590412.654153153300285, -7333620.956144741736352 ], [ -7590392.282686336897314, -7333603.358814392238855 ], [ -7590349.758640854619443, -7333576.092699619941413 ], [ -7590306.232719955034554, -7333556.174959712661803 ], [ -7590292.095144622959197, -7333549.793558655306697 ], [ -7590237.659913625568151, -7333525.041506978683174 ], [ -7590187.56614276766777, -7333524.461381711065769 ], [ -7590152.723142149858177, -7333536.837396808899939 ], [ -7590132.35167533531785, -7333555.401456275954843 ], [ -7590099.289786568842828, -7333598.137636100873351 ], [ -7590087.378601053729653, -7333630.625024471431971 ], [ -7590086.488045128062367, -7333661.565520146861672 ], [ -7590093.278534066863358, -7333694.826689881272614 ], [ -7590123.000838108360767, -7333723.640259708277881 ] ] ], [ [ [ -7142364.950729630887508, -7333968.656593785621226 ], [ -7142451.112015506252646, -7333980.259768115356565 ], [ -7142523.91496248356998, -7333957.24682252574712 ], [ -7142596.829228952527046, -7333934.233944833278656 ], [ -7142596.829228952527046, -7333796.158104471862316 ], [ -7142570.335190144367516, -7333623.663429858162999 ], [ -7142550.409001292660832, -7333566.037135251797736 ], [ -7142490.85307371802628, -7333531.61626304499805 ], [ -7142484.173904269002378, -7333577.639710674062371 ], [ -7142437.864996099844575, -7333497.002168324775994 ], [ -7142451.112015506252646, -7333358.934067388996482 ], [ -7142504.100093121640384, -7333266.89002444408834 ], [ -7142470.926884866319597, -7333059.988262399099767 ], [ -7142331.888840865343809, -7332887.31650703586638 ], [ -7142219.344835674390197, -7332749.452552916482091 ], [ -7142120.047849885188043, -7332599.796544534154236 ], [ -7142000.824675245210528, -7332450.336755693890154 ], [ -7141861.786631244234741, -7332346.896017176099122 ], [ -7141716.069417796097696, -7332289.279153874143958 ], [ -7141623.340281965211034, -7332243.263306959532201 ], [ -7141570.352204347960651, -7332185.840550977736712 ], [ -7141418.067140942439437, -7332082.209980305284262 ], [ -7141285.596946898847818, -7332013.381481495685875 ], [ -7141212.79399991966784, -7332105.217394826933742 ], [ -7141245.855888686142862, -7332208.848271140828729 ], [ -7141298.843966304324567, -7332346.896017176099122 ], [ -7141318.770155155099928, -7332427.3283232729882 ], [ -7141418.067140942439437, -7332461.7443229816854 ], [ -7141365.079063325189054, -7332645.814494648016989 ], [ -7141457.808199156075716, -7332726.443238230422139 ], [ -7141530.611146135255694, -7332783.869973841123283 ], [ -7141630.019451412372291, -7332841.490490370430052 ], [ -7141709.501567840576172, -7332875.908317381516099 ], [ -7141735.995606647804379, -7332887.31650703586638 ], [ -7141802.119384179823101, -7332921.92789638787508 ], [ -7141888.280670053325593, -7332956.346078311093152 ], [ -7141908.095539415255189, -7333025.376260459423065 ], [ -7141875.033650648780167, -7333106.008927413262427 ], [ -7141835.292592437006533, -7333301.503098046407104 ], [ -7141782.304514817893505, -7333301.503098046407104 ], [ -7141709.501567840576172, -7333301.503098046407104 ], [ -7141610.09326256159693, -7333266.89002444408834 ], [ -7141563.784354390576482, -7333347.525187972001731 ], [ -7141643.155151327140629, -7333439.570182427763939 ], [ -7141775.625345372594893, -7333462.581600751727819 ], [ -7141742.563456606119871, -7333462.581600751727819 ], [ -7141696.143228944391012, -7333612.060785977169871 ], [ -7141762.378325967118144, -7333692.506138551048934 ], [ -7141835.292592437006533, -7333842.1831130143255 ], [ -7141908.095539415255189, -7333842.1831130143255 ], [ -7141981.009805884212255, -7333865.195719127543271 ], [ -7142053.812752864323556, -7333934.233944833278656 ], [ -7142166.356758055277169, -7333991.669573037885129 ], [ -7142252.406724437139928, -7334014.682620189152658 ], [ -7142364.950729630887508, -7333968.656593785621226 ] ] ], [ [ [ -7171644.871115021407604, -7314673.454634852707386 ], [ -7171583.979353557340801, -7314710.300262973643839 ], [ -7171585.64914592076093, -7314715.123002033680677 ], [ -7171538.449681823141873, -7314824.310611344873905 ], [ -7171559.600385073572397, -7314844.759343939833343 ], [ -7171590.213245042599738, -7314854.404991107992828 ], [ -7171638.637223536148667, -7314866.17269678413868 ], [ -7171673.480224156752229, -7314855.94829575996846 ], [ -7171681.940505458042026, -7314769.716615866869688 ], [ -7171681.161269020289183, -7314729.205417133867741 ], [ -7171680.270713094621897, -7314698.339882956817746 ], [ -7171644.871115021407604, -7314673.454634852707386 ] ] ], [ [ [ -7623379.030795652419329, -7335266.191824758425355 ], [ -7623350.19904753845185, -7335316.287317265756428 ], [ -7623327.267232435755432, -7335329.633274953812361 ], [ -7623234.64941609557718, -7335328.859595624729991 ], [ -7623109.860266916453838, -7335298.686161611229181 ], [ -7623046.964754617772996, -7335289.015213873237371 ], [ -7622970.599583933129907, -7335288.434957390651107 ], [ -7622842.359530539251864, -7335376.827859222888947 ], [ -7622689.406550190411508, -7335414.545047868043184 ], [ -7622629.961942105554044, -7335458.838799717836082 ], [ -7622612.150823578238487, -7335490.560243838466704 ], [ -7622598.569845702499151, -7335579.729140631854534 ], [ -7622597.679289775900543, -7335694.818486284464598 ], [ -7622596.900053340010345, -7335823.256332692690194 ], [ -7622618.9413125179708, -7335864.650908589363098 ], [ -7622723.470314372330904, -7335900.82298422511667 ], [ -7622851.710367766208947, -7335889.023518656380475 ], [ -7622928.075538450852036, -7335889.603819823823869 ], [ -7622968.039235644973814, -7335909.527519448660314 ], [ -7623029.153636091388762, -7335979.744458857923746 ], [ -7623080.137962874025106, -7336069.692701547406614 ], [ -7623124.331800718791783, -7336058.66673213802278 ], [ -7623221.068438218906522, -7335955.371565280482173 ], [ -7623231.309831372462213, -7335913.976507872343063 ], [ -7623236.430527947843075, -7335857.880752644501626 ], [ -7623323.037091785110533, -7335917.651761089451611 ], [ -7623361.219677127897739, -7335943.57201718352735 ], [ -7623435.135819013230503, -7335996.766842407174408 ], [ -7623475.878752645105124, -7336008.566470985300839 ], [ -7623667.014318336732686, -7336009.920527867972851 ], [ -7623871.619542413391173, -7336011.468021731823683 ], [ -7623904.792750669643283, -7335973.747946230694652 ], [ -7623895.441913445480168, -7335859.428216340951622 ], [ -7623898.002261732704937, -7335807.008054535835981 ], [ -7623989.72952214628458, -7335487.465463120490313 ], [ -7624093.367968074046075, -7335245.496097452007234 ], [ -7624094.147204510867596, -7335142.985360660590231 ], [ -7624135.780694066546857, -7335077.998119693249464 ], [ -7624205.466695302166045, -7334999.859415955841541 ], [ -7624197.785650438629091, -7334965.238804908469319 ], [ -7624137.561805918812752, -7334921.721495041623712 ], [ -7623994.850218721665442, -7334873.756030352786183 ], [ -7623853.808423887006938, -7334859.6372199235484 ], [ -7623846.127379022538662, -7334822.696343689225614 ], [ -7623867.38940176460892, -7334750.555765242315829 ], [ -7623783.343186215497553, -7334712.84178741555661 ], [ -7623649.982436245307326, -7334833.140343313105404 ], [ -7623586.307687510736287, -7334848.612961057573557 ], [ -7623483.559797508642077, -7334822.696343689225614 ], [ -7623433.466026651673019, -7334818.441384888254106 ], [ -7623228.749483082443476, -7334855.188832892104983 ], [ -7623126.780829516239464, -7334905.475094933994114 ], [ -7623104.739570340141654, -7334932.745857243426144 ], [ -7623097.949081401340663, -7335014.558716284111142 ], [ -7623125.111037154681981, -7335058.850196611136198 ], [ -7623159.174801336601377, -7335049.372959145344794 ], [ -7623204.927112052217126, -7335001.986944551579654 ], [ -7623329.827580722980201, -7335042.603510864078999 ], [ -7623380.811907506547868, -7335086.895150451920927 ], [ -7623407.973863261751831, -7335145.11292830016464 ], [ -7623379.030795652419329, -7335266.191824758425355 ] ] ], [ [ [ -7208285.236231666058302, -7334003.079394651576877 ], [ -7208343.011047386564314, -7334062.83619062229991 ], [ -7208348.020424472168088, -7334112.34378582239151 ], [ -7208371.842795502394438, -7334130.715824920684099 ], [ -7208419.487537561915815, -7334135.163798787631094 ], [ -7208456.000330541282892, -7334130.715824920684099 ], [ -7208518.005286913365126, -7334118.145477703772485 ], [ -7208565.538709483109415, -7334100.547025635838509 ], [ -7208569.76885013282299, -7334068.831234255805612 ], [ -7208545.167242667637765, -7334024.545375466346741 ], [ -7208512.884590337052941, -7333970.010296566411853 ], [ -7208436.408100161701441, -7333901.358523048460484 ], [ -7208395.665166531689465, -7333868.096472615376115 ], [ -7208352.361884613521397, -7333827.48602194711566 ], [ -7208329.430069509893656, -7333794.417668298818171 ], [ -7208325.19992886018008, -7333767.731028980575502 ], [ -7208325.979165296070278, -7333689.605450362898409 ], [ -7208315.849091633222997, -7333624.050184951163828 ], [ -7208297.147417181171477, -7333595.236983004026115 ], [ -7208266.534557212144136, -7333554.627952917478979 ], [ -7208194.399527177214622, -7333528.135509144514799 ], [ -7208148.535896971821785, -7333555.401456275954843 ], [ -7208102.67226676363498, -7333574.545688874088228 ], [ -7208064.378361931070685, -7333570.871539581567049 ], [ -7208008.384658062830567, -7333544.379040638916194 ], [ -7207996.473472547717392, -7333514.019134243018925 ], [ -7207977.771798093803227, -7333452.719556014984846 ], [ -7207957.4003312792629, -7333427.774439687840641 ], [ -7207931.128931452520192, -7333435.122605198994279 ], [ -7207894.504818980582058, -7333449.045464104041457 ], [ -7207877.584256378933787, -7333488.300325097516179 ], [ -7207846.971396411769092, -7333531.809638306498528 ], [ -7207835.950766823254526, -7333564.876878659240901 ], [ -7207764.594973225146532, -7333694.826689881272614 ], [ -7207763.815736790187657, -7333745.685613190755248 ], [ -7207791.756928978487849, -7333775.272896055132151 ], [ -7207831.72062617354095, -7333795.771340844221413 ], [ -7207888.604885968379676, -7333827.48602194711566 ], [ -7207960.851235493086278, -7333828.259552366100252 ], [ -7207992.243331896141171, -7333832.707353760488331 ], [ -7208076.28954744618386, -7333868.870007060468197 ], [ -7208124.713525941595435, -7333898.457757192663848 ], [ -7208185.939245876856148, -7333940.422275017946959 ], [ -7208229.131208305247128, -7333971.363999586552382 ], [ -7208285.236231666058302, -7334003.079394651576877 ] ] ], [ [ [ -7589013.813431844115257, -7334570.497339790686965 ], [ -7588991.772172666154802, -7334550.577060444280505 ], [ -7588944.238750098273158, -7334462.773717045783997 ], [ -7588935.667149307206273, -7334414.037486056797206 ], [ -7588890.694075027480721, -7334380.773249284364283 ], [ -7588805.757303551770747, -7334357.95251773390919 ], [ -7588781.934932521544397, -7334335.131852949969471 ], [ -7588792.176325674168766, -7334276.920120588503778 ], [ -7588833.809815232641995, -7334239.982004093006253 ], [ -7588897.484563964419067, -7334194.148039909079671 ], [ -7588868.652815849520266, -7334138.06465267483145 ], [ -7588775.144443582743406, -7334082.755224348045886 ], [ -7588736.961858241818845, -7334082.755224348045886 ], [ -7588542.486707826144993, -7334133.036506622098386 ], [ -7588494.508007292635739, -7334149.861469605006278 ], [ -7588446.529306761920452, -7334166.879859887063503 ], [ -7588327.640090594999492, -7334222.963454311713576 ], [ -7588271.535067234188318, -7334261.255243539810181 ], [ -7588222.331852304749191, -7334328.556419556960464 ], [ -7588191.71899233572185, -7334407.461986143141985 ], [ -7588186.598295760340989, -7334447.301864692009985 ], [ -7588201.069829562678933, -7334502.61387811973691 ], [ -7588276.655763811431825, -7334590.417670008726418 ], [ -7588362.371771721169353, -7334717.290093263611197 ], [ -7588418.476795081980526, -7334843.390949136577547 ], [ -7588426.937076381407678, -7334886.90782196354121 ], [ -7588437.957705970853567, -7334941.642722312361002 ], [ -7588484.711892103776336, -7334951.119828875176609 ], [ -7588534.026426524855196, -7334932.745857243426144 ], [ -7588649.464738478884101, -7334904.701457678340375 ], [ -7588736.071302314288914, -7334897.351907570846379 ], [ -7588852.511489685624838, -7334906.055322926491499 ], [ -7588910.174985916353762, -7334907.602597783319652 ], [ -7588987.542032016441226, -7334899.479408205486834 ], [ -7589013.813431844115257, -7334879.558288623578846 ], [ -7589046.986640100367367, -7334822.116121898405254 ], [ -7589086.059781368821859, -7334716.516474672593176 ], [ -7589099.640759245492518, -7334657.528283132240176 ], [ -7589097.080410957336426, -7334629.484873123466969 ], [ -7589069.918455204926431, -7334598.540537712164223 ], [ -7589013.813431844115257, -7334570.497339790686965 ] ] ], [ [ [ -7173960.093884539790452, -7338063.715095526538789 ], [ -7173926.920676284469664, -7338035.659434751607478 ], [ -7173892.968231592327356, -7337998.89699755422771 ], [ -7173859.015786901116371, -7337989.996644081547856 ], [ -7173834.302859944291413, -7338000.251400060020387 ], [ -7173806.36166775599122, -7338020.180492701940238 ], [ -7173787.659993302077055, -7338054.234205766580999 ], [ -7173788.550549228675663, -7338093.318764275871217 ], [ -7173803.801319466903806, -7338136.853775422088802 ], [ -7173849.664949674159288, -7338198.770654365420341 ], [ -7173871.706208850257099, -7338234.953558093868196 ], [ -7173884.507950292900205, -7338278.48935997672379 ], [ -7173903.209624745883048, -7338318.349018402397633 ], [ -7173954.97318796440959, -7338361.885285891592503 ], [ -7173993.155773306265473, -7338375.236456622369587 ], [ -7173942.282766013406217, -7338423.997448269277811 ], [ -7173921.020743273198605, -7338446.830080920830369 ], [ -7173947.292143099009991, -7338489.593072779476643 ], [ -7174010.18765539675951, -7338492.689045095816255 ], [ -7174046.700448377989233, -7338491.915051901713014 ], [ -7174094.233870946802199, -7338491.141058783978224 ], [ -7174134.197568140923977, -7338464.631840894930065 ], [ -7174176.610294133424759, -7338423.223461894318461 ], [ -7174194.421412659808993, -7338397.294962695799768 ], [ -7174208.002390536479652, -7338356.080436183139682 ], [ -7174196.981760948896408, -7338305.191438726149499 ], [ -7174163.0293162567541, -7338265.331847556866705 ], [ -7174099.354567523114383, -7338193.739889601245522 ], [ -7174061.951218616217375, -7338176.712709867395461 ], [ -7174006.736751183867455, -7338143.432420463301241 ], [ -7173987.255840294994414, -7338096.221090790815651 ], [ -7173960.093884539790452, -7338063.715095526538789 ] ] ], [ [ [ -7620162.788067654706538, -7335510.482924092561007 ], [ -7620111.024504436179996, -7335612.99849124904722 ], [ -7620097.443526559509337, -7335650.716822035610676 ], [ -7620122.045134024694562, -7335665.417349075898528 ], [ -7620186.610438684932888, -7335659.421078121289611 ], [ -7620211.991282585076988, -7335664.643636437132955 ], [ -7620249.394631491042674, -7335702.362216988578439 ], [ -7620296.148817624896765, -7335762.132033575326204 ], [ -7620326.650358102284372, -7335780.507959214039147 ], [ -7620504.984182353131473, -7335807.781781300902367 ], [ -7620618.864021434448659, -7335859.428216340951622 ], [ -7620708.03093355987221, -7335936.995227630250156 ], [ -7620739.423029964789748, -7335946.473543748259544 ], [ -7620810.778823561966419, -7335933.900269759818912 ], [ -7620860.872594418935478, -7335900.049248233437538 ], [ -7620927.998247368261218, -7335809.329235057346523 ], [ -7620942.358461678959429, -7335760.584589181467891 ], [ -7620937.349084593355656, -7335715.515405925922096 ], [ -7620775.045267017558217, -7335503.132803123444319 ], [ -7620705.470585271716118, -7335412.610828629694879 ], [ -7620635.784584036096931, -7335322.283324416726828 ], [ -7620601.832139343954623, -7335313.386025137268007 ], [ -7620544.057323621585965, -7335326.731977860443294 ], [ -7620508.435086566954851, -7335306.809766976162791 ], [ -7620497.414456979371607, -7335264.644478761591017 ], [ -7620484.724035028368235, -7335170.256953435949981 ], [ -7620459.231871636584401, -7335142.211699847131968 ], [ -7620290.137565121054649, -7335072.195713794790208 ], [ -7620063.379762376658618, -7335190.178815522231162 ], [ -7619934.360472546890378, -7335278.764022364281118 ], [ -7619893.506219425238669, -7335314.933380804955959 ], [ -7619949.61124278511852, -7335346.654239634051919 ], [ -7620061.709970015101135, -7335356.131838341243565 ], [ -7620201.861208924092352, -7335357.679202489554882 ], [ -7620266.426513583399355, -7335358.452884678728878 ], [ -7620319.859869164414704, -7335381.276543781161308 ], [ -7620370.844195947051048, -7335442.591280743479729 ], [ -7620239.264557828195393, -7335472.765271492302418 ], [ -7620185.719882757402956, -7335491.914210787042975 ], [ -7620162.788067654706538, -7335510.482924092561007 ] ] ], [ [ [ -7596348.320721741765738, -7338220.248186594806612 ], [ -7596282.085624718107283, -7338249.078480512835085 ], [ -7596157.296475539915264, -7338328.797700433060527 ], [ -7596160.747379753738642, -7338367.109654324129224 ], [ -7596198.929965095594525, -7338426.899897864088416 ], [ -7596226.091920849867165, -7338451.280517103150487 ], [ -7596268.504646841436625, -7338470.436771411448717 ], [ -7596395.965463801287115, -7338471.210762473754585 ], [ -7596532.331840020604432, -7338469.082287237048149 ], [ -7596610.144164087250829, -7338467.727803299203515 ], [ -7596668.586896752007306, -7338466.76031491626054 ], [ -7596804.507995011284947, -7338450.50652801990509 ], [ -7597031.265797757543623, -7338391.49008662533015 ], [ -7597129.783547109924257, -7338352.404033601284027 ], [ -7597160.285087587311864, -7338315.446609212085605 ], [ -7597138.243828408420086, -7338300.741085917688906 ], [ -7596705.990245659835637, -7338142.077993091195822 ], [ -7596450.289375307969749, -7338190.83752679079771 ], [ -7596348.320721741765738, -7338220.248186594806612 ] ] ], [ [ [ -7164729.259068980813026, -7329935.085511254146695 ], [ -7164735.159001993015409, -7329991.138690080493689 ], [ -7164765.771861960180104, -7330005.055403778329492 ], [ -7164814.975076891481876, -7330001.382935252971947 ], [ -7164840.46724028326571, -7329985.146779326722026 ], [ -7164855.829330013133585, -7329949.775270902551711 ], [ -7164850.708633435890079, -7329924.068209665827453 ], [ -7164801.394099014811218, -7329842.115437027066946 ], [ -7164758.981373023241758, -7329828.199013966135681 ], [ -7164728.368513055145741, -7329847.334102072753012 ], [ -7164724.138372405432165, -7329873.234195070341229 ], [ -7164726.698720691725612, -7329908.605356488376856 ], [ -7164729.259068980813026, -7329935.085511254146695 ] ] ], [ [ [ -7135308.519527735188603, -7312175.302120295353234 ], [ -7135176.049333692528307, -7312095.078222060576081 ], [ -7135142.987444926984608, -7312072.129710424691439 ], [ -7135094.786105412058532, -7312076.950820717960596 ], [ -7135030.443439734168351, -7312083.50753549579531 ], [ -7134957.529173265211284, -7312118.026801120489836 ], [ -7134970.776192667894065, -7312255.719691389240324 ], [ -7135056.937478543259203, -7312267.097783894278109 ], [ -7135109.814236668869853, -7312244.148766855709255 ], [ -7135162.802314287982881, -7312244.148766855709255 ], [ -7135255.531450118869543, -7312244.148766855709255 ], [ -7135308.519527735188603, -7312175.302120295353234 ] ] ], [ [ [ -7153439.681590690277517, -7298004.656586991623044 ], [ -7153452.149373658932745, -7298014.088970574550331 ], [ -7153476.528342142701149, -7298026.60133370757103 ], [ -7153486.435776824131608, -7298034.108761196956038 ], [ -7153501.797866552136838, -7298040.076208706013858 ], [ -7153508.922313963994384, -7298046.62115637306124 ], [ -7153509.701550399884582, -7298051.241122728213668 ], [ -7153516.714678319171071, -7298065.101038180291653 ], [ -7153527.401349435560405, -7298076.265987941063941 ], [ -7153538.088020551018417, -7298084.928459946997464 ], [ -7153546.214343378320336, -7298087.815952747128904 ], [ -7153556.233097550459206, -7298092.62844312004745 ], [ -7153568.032963575795293, -7298092.820942797698081 ], [ -7153586.400679555721581, -7298091.473445162177086 ], [ -7153592.189293078146875, -7298079.730975593440235 ], [ -7153586.734638027846813, -7298075.110992399044335 ], [ -7153587.068596499972045, -7298064.138543259352446 ], [ -7153591.966654094867408, -7298047.776147706434131 ], [ -7153575.268730477429926, -7298022.558875736780465 ], [ -7153563.357544962316751, -7298022.3663777904585 ], [ -7153558.570806857198477, -7297996.571695833466947 ], [ -7153557.902889912948012, -7297984.636871786788106 ], [ -7153549.219969631172717, -7297967.119663035497069 ], [ -7153554.006707735359669, -7297958.072328831069171 ], [ -7153562.46698903478682, -7297948.062524465844035 ], [ -7153567.365046629682183, -7297938.245228787884116 ], [ -7153559.461362782865763, -7297922.460583149455488 ], [ -7153550.444484029896557, -7297915.915739425458014 ], [ -7153538.421979023143649, -7297921.883096717298031 ], [ -7153535.416352773085237, -7297933.817824965342879 ], [ -7153530.073017213493586, -7297931.700371849350631 ], [ -7153505.805368222296238, -7297914.760767573490739 ], [ -7153488.773486129939556, -7297901.478603527881205 ], [ -7153473.30007690936327, -7297901.093613602221012 ], [ -7153463.170003248378634, -7297903.596048457548022 ], [ -7153456.490833800286055, -7297915.338253477588296 ], [ -7153450.702220278792083, -7297929.005432350561023 ], [ -7153447.362635554745793, -7297951.719951497390866 ], [ -7153441.462702543474734, -7297970.77709898352623 ], [ -7153437.56652036588639, -7297977.899479161016643 ], [ -7153437.343881382606924, -7297988.101818826049566 ], [ -7153439.681590690277517, -7298004.656586991623044 ] ] ], [ [ [ -7506123.762114301323891, -7339126.034727805294096 ], [ -7506200.349923966452479, -7339138.806663929484785 ], [ -7506259.683212560601532, -7339148.869416220113635 ], [ -7506525.514156573452055, -7339162.221934497356415 ], [ -7506655.424002328887582, -7339151.772135639563203 ], [ -7506719.21007055323571, -7339124.486615754663944 ], [ -7506799.916701379232109, -7339073.592603310011327 ], [ -7506843.219983297400177, -7339061.01428640820086 ], [ -7507307.756218379363418, -7339024.053503387607634 ], [ -7507220.259098615497351, -7338960.581991566345096 ], [ -7507137.882675427012146, -7338908.334488428197801 ], [ -7507090.349252860061824, -7338888.403125775046647 ], [ -7506983.371222207322717, -7338883.95244010258466 ], [ -7506756.502099971286952, -7338923.041157612577081 ], [ -7506656.314558256417513, -7338912.591679288074374 ], [ -7506676.686025070957839, -7338880.27578863594681 ], [ -7506547.666735241189599, -7338862.473079742863774 ], [ -7506477.980734005570412, -7338868.471814068034291 ], [ -7506384.583681230433285, -7338896.530471383593976 ], [ -7506277.494331086985767, -7338963.678150887601078 ], [ -7506061.757157929241657, -7339022.698923043906689 ], [ -7506042.276247041299939, -7339080.946090279147029 ], [ -7506058.41757320612669, -7339104.554700586013496 ], [ -7506123.762114301323891, -7339126.034727805294096 ] ] ], [ [ [ -7501575.804317940957844, -7341071.480391105636954 ], [ -7501671.873038497753441, -7341071.867515744641423 ], [ -7501730.315771162509918, -7341072.254640404134989 ], [ -7502018.299293846823275, -7341073.60957686509937 ], [ -7502103.236065320670605, -7341061.802281337790191 ], [ -7502266.319119333289564, -7341001.217587198130786 ], [ -7502239.936400013975799, -7340963.666926839388907 ], [ -7502168.691925908438861, -7340919.341895543038845 ], [ -7502003.048523606732488, -7340857.984080308116972 ], [ -7501884.938543875701725, -7340892.050189395435154 ], [ -7501682.003112158738077, -7340879.468938590958714 ], [ -7501581.81557044479996, -7340855.080725622363389 ], [ -7501364.297285434789956, -7340750.947785664349794 ], [ -7501288.711351186037064, -7340731.011712288483977 ], [ -7501223.366810090839863, -7340693.462353290058672 ], [ -7501123.958504811860621, -7340583.331513469107449 ], [ -7501116.388779438100755, -7340547.911907899193466 ], [ -7501140.099830977618694, -7340468.944186229258776 ], [ -7501130.748993750661612, -7340420.94458937458694 ], [ -7500990.597754841670394, -7340285.076364854350686 ], [ -7500924.362657820805907, -7340316.817447520792484 ], [ -7500856.457768436521292, -7340377.396823698654771 ], [ -7500808.924345867708325, -7340493.331191386096179 ], [ -7500809.703582303598523, -7340545.782865695655346 ], [ -7500831.856160971336067, -7340586.234766963869333 ], [ -7500914.232584157958627, -7340664.623019933700562 ], [ -7500964.326355014927685, -7340726.559974709525704 ], [ -7501010.189985222183168, -7340855.854953432455659 ], [ -7501088.336267757229507, -7340996.18501397408545 ], [ -7501135.869690326973796, -7341055.99542124569416 ], [ -7501196.204854337498546, -7341098.772725354880095 ], [ -7501231.047854955308139, -7341110.580076870508492 ], [ -7501308.303581566549838, -7341116.386977619491518 ], [ -7501460.366005989722908, -7341088.320330737158656 ], [ -7501575.804317940957844, -7341071.480391105636954 ] ] ], [ [ [ -7191933.9615070046857, -7345260.326259753666818 ], [ -7191976.262913505546749, -7345278.724584992974997 ], [ -7192029.250991121865809, -7345251.030280358158052 ], [ -7192061.088365490548313, -7345168.141620909795165 ], [ -7192124.651794733479619, -7345158.845751455053687 ], [ -7192209.36592722684145, -7345168.141620909795165 ], [ -7192151.145833542570472, -7345066.662312797270715 ], [ -7192050.513013863936067, -7345057.560225681401789 ], [ -7191986.838265132158995, -7345057.560225681401789 ], [ -7191947.208526410162449, -7345057.560225681401789 ], [ -7191921.048446072265506, -7345057.560225681401789 ], [ -7191907.467468195594847, -7345057.560225681401789 ], [ -7191843.904038953594863, -7345085.060180910862982 ], [ -7191896.892116569913924, -7345186.539728553034365 ], [ -7191933.9615070046857, -7345260.326259753666818 ] ] ], [ [ [ -7596761.093393603339791, -7334890.582591230981052 ], [ -7596770.444230827502906, -7334800.647945962846279 ], [ -7596769.664994392544031, -7334636.834170824848115 ], [ -7596748.402971651405096, -7334479.019195047207177 ], [ -7596721.241015898063779, -7334405.141222790814936 ], [ -7596675.377385691739619, -7334360.273267044685781 ], [ -7596644.764525723643601, -7334354.277999402023852 ], [ -7596553.927821234799922, -7334357.178934784606099 ], [ -7596169.541619525291026, -7334380.773249284364283 ], [ -7596119.5591681599617, -7334383.867590908892453 ], [ -7595904.267272965982556, -7334397.018556497059762 ], [ -7595775.91590008046478, -7334421.386580755934119 ], [ -7595713.910943708382547, -7334444.98108948674053 ], [ -7595622.295002786442637, -7334496.61850106716156 ], [ -7595589.121794530190527, -7334524.661433366127312 ], [ -7595538.137467747554183, -7334600.667956843972206 ], [ -7595518.656556858681142, -7334658.301895873621106 ], [ -7595513.535860281437635, -7334777.825985892675817 ], [ -7595542.367608396336436, -7334853.834976471960545 ], [ -7595645.226817891001701, -7334990.962484480813146 ], [ -7595708.901566622778773, -7335047.825656162574887 ], [ -7595781.036596657708287, -7335082.446633803658187 ], [ -7595820.109737926162779, -7335086.895150451920927 ], [ -7596279.636595920659602, -7335092.117325408384204 ], [ -7596610.812081031501293, -7335095.792191362939775 ], [ -7596660.126615451648831, -7335085.347840025089681 ], [ -7596685.618778844363987, -7335067.747205529361963 ], [ -7596726.361712474375963, -7335010.883888606913388 ], [ -7596761.093393603339791, -7334890.582591230981052 ] ] ], [ [ [ -7632871.466414578258991, -6928884.657290423288941 ], [ -7632807.902985336259007, -6928814.841622027568519 ], [ -7632733.764204466715455, -6928762.296546261757612 ], [ -7632691.351478475145996, -6928709.935537098906934 ], [ -7632633.131384789012372, -6928674.844666203483939 ], [ -7632611.980681538581848, -6928639.937669520266354 ], [ -7632633.131384789012372, -6928587.393740028142929 ], [ -7632548.305932804942131, -6928674.844666203483939 ], [ -7632468.823816377669573, -6928797.204075681976974 ], [ -7632442.329777570441365, -6928910.930186233483255 ], [ -7632410.603722694329917, -6928998.384641516953707 ], [ -7632352.383629009127617, -6929147.022658456116915 ], [ -7632272.901512582786381, -6929225.66044953186065 ], [ -7632182.844044530764222, -6929348.212002761662006 ], [ -7631996.495216943323612, -6929622.35209450405091 ], [ -7631986.810421243309975, -6929636.684072967618704 ], [ -7631838.53285950794816, -6929872.797919032163918 ], [ -7631663.649939469993114, -6930152.652362545952201 ], [ -7631446.465612933039665, -6930546.082122914493084 ], [ -7631298.07673170696944, -6930825.960072043351829 ], [ -7631186.868560401722789, -6931018.370344582013786 ], [ -7631080.892405167222023, -6931175.867195099592209 ], [ -7631080.892405167222023, -6931184.504801497794688 ], [ -7630969.684233865700662, -6931342.004916249774396 ], [ -7630874.283430255949497, -6931516.967831864953041 ], [ -7630726.00586851965636, -6931656.830640179105103 ], [ -7630609.454361658543348, -6931822.978330272249877 ], [ -7630498.134870865382254, -6932015.412536651827395 ], [ -7630381.69468349404633, -6932207.851363037712872 ], [ -7630254.45650551840663, -6932417.756478125229478 ], [ -7630190.893076276406646, -6932575.28082734439522 ], [ -7630069.109553348273039, -6932776.556233610957861 ], [ -7629989.627436921931803, -6932898.978267814964056 ], [ -7629894.226633310317993, -6933073.975173156708479 ], [ -7629788.250478075817227, -6933196.40175030939281 ], [ -7629719.455032766796649, -6933318.830197551287711 ], [ -7629645.316251898184419, -6933441.260514955967665 ], [ -7629597.560190347954631, -6933537.588385598734021 ], [ -7629528.764745037071407, -6933581.340739728882909 ], [ -7629380.375863809138536, -6933808.746528033167124 ], [ -7629216.179614890366793, -6934062.448554921895266 ], [ -7629057.215382037684321, -6934281.227041472680867 ], [ -7628961.814578427001834, -6934368.740108382888138 ], [ -7628840.03105549979955, -6934552.410345796495676 ], [ -7628649.34076777100563, -6934797.494405719451606 ], [ -7628458.650480042211711, -6935051.227735640481114 ], [ -7628262.616856754757464, -6935331.263048132881522 ], [ -7628161.872717587277293, -6935541.24998489767313 ], [ -7628029.513843033462763, -6935768.711395336315036 ], [ -7627939.456374982371926, -6935970.067020834423602 ], [ -7627796.410829311236739, -6936136.304153740406036 ], [ -7627669.283970825374126, -6936328.841957502998412 ], [ -7627589.801854400895536, -6936460.145462590269744 ], [ -7627446.756308730691671, -6936670.161984232254326 ], [ -7627346.123489053919911, -6936810.114754122681916 ], [ -7627277.216724253259599, -6936915.126913335174322 ], [ -7627192.502591758966446, -6936958.89771181717515 ], [ -7627113.02047533262521, -6937072.739689705893397 ], [ -7627017.619671722874045, -6937221.527524084784091 ], [ -7626954.056242480874062, -6937352.845658401027322 ], [ -7626848.080087245441973, -6937475.33762292098254 ], [ -7626768.709290308877826, -6937545.41269695200026 ], [ -7626673.308486700057983, -6937694.209309033118188 ], [ -7626625.663744640536606, -6937816.706492458470166 ], [ -7626567.332331464625895, -6937904.258179595693946 ], [ -7626440.20547297783196, -6938158.089907066896558 ], [ -7626265.322552942670882, -6938394.454941916279495 ], [ -7626164.80105275567621, -6938499.487868338823318 ], [ -7626000.493484345264733, -6938788.289527838118374 ], [ -7625878.598641927354038, -6938954.585142786614597 ], [ -7625751.583102931268513, -6939138.544490265659988 ], [ -7625608.426237770356238, -6939339.800854893401265 ], [ -7625497.218066468834877, -6939471.153713525272906 ], [ -7625391.353230725042522, -6939637.463503742590547 ], [ -7625285.377075489610434, -6939725.03509062435478 ], [ -7625227.045662313699722, -6939838.91638021916151 ], [ -7625158.138897512108088, -6939970.277422834187746 ], [ -7625041.698710142634809, -6940101.640619506128132 ], [ -7624951.64124209061265, -6940267.963499407283962 ], [ -7624866.815790105611086, -6940373.020991765893996 ], [ -7624739.688931619748473, -6940539.349506359547377 ], [ -7624723.770244436338544, -6940653.242372886277735 ], [ -7624617.794089200906456, -6940775.784809929318726 ], [ -7624506.585917899385095, -6940950.953830869868398 ], [ -7624416.528449847362936, -6941117.294346131384373 ], [ -7624310.552294611930847, -6941318.784441540017724 ], [ -7624125.205342440865934, -6941590.206052499823272 ], [ -7623929.171719154343009, -6941905.434693944640458 ], [ -7623780.782837928272784, -6942089.277790077961981 ], [ -7623658.999314999207854, -6942238.158825025893748 ], [ -7623563.598511389456689, -6942448.510912901721895 ], [ -7623372.90822366066277, -6942667.334476677700877 ], [ -7623277.507420049980283, -6942763.773336315527558 ], [ -7623102.735819504596293, -6942991.439907114952803 ], [ -7622954.346938278526068, -6943210.462360088713467 ], [ -7622949.11492221057415, -6943289.238286700099707 ], [ -7622726.58726011402905, -6943534.58977048099041 ], [ -7622583.54171444568783, -6943771.113507559522986 ], [ -7622440.496168775483966, -6943963.83489993866533 ], [ -7622334.631333030760288, -6944147.725251364521682 ], [ -7622223.311842238530517, -6944322.968034011311829 ], [ -7622043.196906134486198, -6944577.00324591062963 ], [ -7621879.00065721385181, -6944725.93053362518549 ], [ -7621751.762479238212109, -6944979.978528729639947 ], [ -7621688.199049995280802, -6945076.261143043637276 ], [ -7621592.909565876238048, -6945242.871460925787687 ], [ -7621524.002801074646413, -6945321.667382156476378 ], [ -7621380.957255405373871, -6945514.42609328776598 ], [ -7621274.981100169941783, -6945759.661647350527346 ], [ -7621158.540912800468504, -6945952.430902197957039 ], [ -7621041.989405939355493, -6946066.400772511027753 ], [ -7620861.87446983717382, -6946346.821430242620409 ], [ -7620724.06094023399055, -6946609.759241192601621 ], [ -7620549.28933968860656, -6946863.867010555230081 ], [ -7620326.761677593924105, -6947275.612371265888214 ], [ -7620199.63481910713017, -6947512.246634103357792 ], [ -7620014.176547445356846, -6947775.222720018588006 ], [ -7619849.98029852565378, -6948064.359058039262891 ], [ -7619738.772127224132419, -6948248.527774307876825 ], [ -7619537.395168378017843, -6948485.190794553607702 ], [ -7619442.105684258043766, -6948686.682179028168321 ], [ -7619288.484786964021623, -6948949.696844710968435 ], [ -7619124.177218553610146, -6949186.380593507550657 ], [ -7618970.556321257725358, -6949431.728643930517137 ], [ -7618753.371994720771909, -6949703.425386492162943 ], [ -7618504.461613308638334, -6950098.000736712478101 ], [ -7618303.084654461592436, -6950457.409122729673982 ], [ -7618122.969718359410763, -6950659.134379870258272 ], [ -7617911.017407888546586, -6950992.222461068071425 ], [ -7617619.694300482980907, -6951421.86760152131319 ], [ -7617434.236028822138906, -6951684.972151590511203 ], [ -7617301.87715426646173, -6951869.039930119179189 ], [ -7617142.912921415641904, -6952096.965557848103344 ], [ -7616862.165165634825826, -6952518.009352345950902 ], [ -7616517.742661119438708, -6953017.762725070118904 ], [ -7616242.338240897282958, -6953377.302243249490857 ], [ -7616051.647953167557716, -6953675.487197184935212 ], [ -7616125.786734036169946, -6953710.687761134468019 ], [ -7616019.81057880166918, -6953815.921783999539912 ], [ -7615818.544939447194338, -6954026.393981115892529 ], [ -7615707.225448654033244, -6954236.871713734231889 ], [ -7615580.098590167239308, -6954482.558941430412233 ], [ -7615527.110512550920248, -6954649.180828498676419 ], [ -7615321.169454582966864, -6954890.456944525241852 ], [ -7614637.779100601561368, -6955820.239817478694022 ], [ -7614213.985799153335392, -6956346.74686251860112 ], [ -7614028.638846981339157, -6956583.465100736357272 ], [ -7614065.70823741517961, -6956715.101169729605317 ], [ -7613943.813394997268915, -6956969.529962157830596 ], [ -7613816.686536511406302, -6957241.667103544808924 ], [ -7613652.490287592634559, -6957496.112641240470111 ], [ -7613281.685063759796321, -6957926.107115576975048 ], [ -7613080.308104914613068, -6958198.092396307736635 ], [ -7612635.252780721522868, -6958715.904170524328947 ], [ -7612402.261086493730545, -6958996.583961004391313 ], [ -7612354.505024941638112, -6959137.11197076831013 ], [ -7612227.378166455775499, -6959294.978400965221226 ], [ -7612036.687878727912903, -6959514.44742258451879 ], [ -7611745.364771321415901, -6959848.088755040429533 ], [ -7611644.620632153004408, -6960005.969216521829367 ], [ -7611369.216211930848658, -6960348.300172470510006 ], [ -7611040.712394600734115, -6960769.778394953347743 ], [ -7610675.139186834916472, -6961243.668178703635931 ], [ -7610240.770533760078251, -6961849.491101966239512 ], [ -7610108.411659207195044, -6962051.503770119510591 ], [ -7610081.917620397172868, -6962183.045355326496065 ], [ -7610034.161558847874403, -6962350.012194239534438 ], [ -7609997.092168413102627, -6962314.773598819971085 ], [ -7609960.022777979262173, -6962209.427728948183358 ], [ -7609875.308645485900342, -6962350.012194239534438 ], [ -7609620.943609023466706, -6962648.531759877689183 ], [ -7609366.689892050810158, -6963034.889445533975959 ], [ -7608995.884668217971921, -6963579.216805188916624 ], [ -7608736.28761568851769, -6963816.333697040565312 ], [ -7608582.666718394495547, -6964000.680791958235204 ], [ -7608471.34722760040313, -6964141.296748321503401 ], [ -7608391.865111174061894, -6964299.261978913098574 ], [ -7608307.150978679768741, -6964378.430306809954345 ], [ -7608227.668862253427505, -6964518.868359888903797 ], [ -7608026.403222899883986, -6964747.154663131572306 ], [ -7607893.933028855361044, -6965019.556548592634499 ], [ -7607835.712935170158744, -6965151.146962235681713 ], [ -7607724.393444378860295, -6965291.783150182105601 ], [ -7607618.417289143428206, -6965414.703418868593872 ], [ -7607480.71507903188467, -6965660.734197101555765 ], [ -7607364.163572170771658, -6965836.264157939702272 ], [ -7607279.449439677409828, -6965853.983484826050699 ], [ -7607300.600142926909029, -6965941.84239399805665 ], [ -7607083.41581638995558, -6966240.496072287671268 ], [ -7606887.382193102501333, -6966591.769897030666471 ], [ -7606686.116553748957813, -6966881.771635971963406 ], [ -7606267.55526836682111, -6967496.698726977221668 ], [ -7606092.78366782143712, -6967795.410490254871547 ], [ -7605917.900747784413397, -6968023.790361565537751 ], [ -7605764.279850488528609, -6968234.636745907366276 ], [ -7605589.508249944075942, -6968498.294865122064948 ], [ -7605425.312001023441553, -6968770.639937269501388 ], [ -7605313.992510231211782, -6968893.798348538577557 ], [ -7605186.865651745349169, -6969078.262546572834253 ], [ -7605038.588090008124709, -6969262.731001161038876 ], [ -7604863.705169972032309, -6969535.286779036745429 ], [ -7604673.014882244169712, -6969798.803131505846977 ], [ -7604524.626001016236842, -6970044.968861253932118 ], [ -7604476.981258956715465, -6970027.424916206859052 ], [ -7604270.372284042648971, -6970273.413007999770343 ], [ -7604174.971480433829129, -6970493.183546641841531 ], [ -7603883.648373027332127, -6970915.012164884246886 ], [ -7603767.09686616808176, -6971090.842225366272032 ], [ -7603634.737991615198553, -6971213.851688999682665 ], [ -7603539.337188004516065, -6971336.863045734353364 ], [ -7603385.716290708631277, -6971627.036974332295358 ], [ -7603311.577509841881692, -6971670.998042800463736 ], [ -7603216.176706231199205, -6971855.526341689750552 ], [ -7603104.857215438969433, -6972022.510576355271041 ], [ -7603020.14308294467628, -6972163.267696349881589 ], [ -7602977.730356951244175, -6972295.16047574300319 ], [ -7602755.314014346338809, -6972506.119558005593717 ], [ -7602591.006445935927331, -6972813.701227600686252 ], [ -7602479.798274634405971, -6972954.472282579168677 ], [ -7602326.177377338521183, -6973174.316554017364979 ], [ -7602225.544557662680745, -6973323.777163221500814 ], [ -7602108.993050801567733, -6973534.763399145565927 ], [ -7602024.167598817497492, -6973684.230749604292214 ], [ -7601886.465388706885278, -6973842.384661222808063 ], [ -7601748.763178594410419, -6974018.279136322438717 ], [ -7601685.199749351479113, -6974220.599522937089205 ], [ -7601547.386219749227166, -6974554.67033177614212 ], [ -7601346.120580395683646, -6975091.097534164786339 ], [ -7601218.993721909821033, -6975390.093257644213736 ], [ -7601181.924331475049257, -6975548.465735050849617 ], [ -7601155.43029266782105, -6975627.560749697498977 ], [ -7601086.523527866229415, -6975733.083588734269142 ], [ -7601001.809395372867584, -6976014.546243072487414 ], [ -7600906.408591761253774, -6976243.161093168891966 ], [ -7600858.763849701732397, -6976445.537821129895747 ], [ -7600784.513749343343079, -6976586.188045748509467 ], [ -7600699.799616849981248, -6976753.271162222139537 ], [ -7600662.73022641427815, -6976920.357772800140083 ], [ -7600599.166797172278166, -6977175.615193170495331 ], [ -7600525.028016304597259, -6977377.830698428675532 ], [ -7600456.121251503005624, -6977624.230000453069806 ], [ -7600371.29579951800406, -6977984.877638757228851 ], [ -7600365.618505487218499, -6978005.396779110655189 ], [ -7600238.936924965120852, -6978459.973954191431403 ], [ -7600159.454808538779616, -6978794.222067120485008 ], [ -7600064.054004929028451, -6979172.486523474566638 ], [ -7599973.996536877937615, -6979489.384611713699996 ], [ -7599857.445030016824603, -6979832.550978076644242 ], [ -7599767.387561965733767, -6980140.414816385135055 ], [ -7599613.766664669848979, -6980774.115451346151531 ], [ -7599491.983141743578017, -6981293.206798857077956 ], [ -7599322.443557263351977, -6981918.12139817327261 ], [ -7599205.892050403170288, -6982393.451716039329767 ], [ -7599126.409933978691697, -6982648.699125004932284 ], [ -7598988.707723866216838, -6983141.645653080195189 ], [ -7598930.37631069123745, -6983502.542497193440795 ], [ -7598861.469545889645815, -6983907.484102719463408 ], [ -7598750.261374586261809, -6984391.813089340925217 ], [ -7598702.616632526740432, -6984735.190166133455932 ], [ -7598633.709867727011442, -6985043.243050558492541 ], [ -7598501.239673682488501, -6985756.528226934373379 ], [ -7598421.868876746855676, -6986205.625278401188552 ], [ -7598363.537463570944965, -6986566.660630295053124 ], [ -7598305.317369886673987, -6986813.343582537025213 ], [ -7598231.067269527353346, -6987042.26773911062628 ], [ -7598103.940411041490734, -6987614.69938950240612 ], [ -7598056.295668981969357, -6987984.682709443382919 ], [ -7597934.51214605383575, -6988495.543288968503475 ], [ -7597855.030029626563191, -6988971.265324642881751 ], [ -7597780.779929268173873, -6989394.070881152525544 ], [ -7597722.559835583902895, -6989878.73281859792769 ], [ -7597627.159031973220408, -6990416.190300099551678 ], [ -7597547.788235038518906, -6991138.658302811905742 ], [ -7597484.113486303947866, -6991482.325696337968111 ], [ -7597431.125408686697483, -6991878.96885222196579 ], [ -7597335.835924568586051, -6992495.823307129554451 ], [ -7597245.778456516563892, -6992971.783826552331448 ], [ -7597150.377652905881405, -6993535.750445704907179 ], [ -7597049.744833229109645, -6994020.663956490345299 ], [ -7596965.030700735747814, -6994302.771966483443975 ], [ -7596754.859502118080854, -6995198.989513579756021 ], [ -7596357.560239477083087, -6996636.148682752624154 ], [ -7596029.056422146037221, -6997588.592207072302699 ], [ -7595652.907862755469978, -6998788.01747308857739 ], [ -7595599.919785137288272, -6998911.45434913598001 ], [ -7595351.009403724223375, -6999643.589195662178099 ], [ -7594847.733985846862197, -7001205.021712859161198 ], [ -7594264.976451544091105, -7002731.528021872974932 ], [ -7593835.839814536273479, -7003878.871384310536087 ], [ -7593443.883887453004718, -7005008.57337883580476 ], [ -7592993.485227704048157, -7006359.195543466135859 ], [ -7592659.749394305981696, -7007383.491054111160338 ], [ -7592394.920325708575547, -7008186.915792313404381 ], [ -7592225.380741231143475, -7008840.477112398482859 ], [ -7592156.47397642955184, -7009299.597939504310489 ], [ -7592225.380741231143475, -7009546.984836906194687 ], [ -7592379.001638525165617, -7009838.36559815518558 ], [ -7592670.436065421439707, -7010235.922644681297243 ], [ -7592945.840485642664135, -7010704.033437336795032 ], [ -7593332.564396660774946, -7011331.255901591852307 ], [ -7593523.366003879345953, -7011401.981625845655799 ], [ -7593618.655487998388708, -7011313.620976235717535 ], [ -7593676.986901173368096, -7011013.276344060897827 ], [ -7593655.724878431297839, -7010544.961777366697788 ], [ -7593576.354081497527659, -7009997.423157372511923 ], [ -7593496.871965071186423, -7009599.878005504608154 ], [ -7593417.389848643913865, -7009123.109804103150964 ], [ -7593359.058435468003154, -7008654.906270740553737 ], [ -7593327.332380591891706, -7008434.268161469139159 ], [ -7593359.058435468003154, -7007886.688944105990231 ], [ -7593274.344302975572646, -7007286.269164132885635 ], [ -7593184.286834923550487, -7006765.298776431009173 ], [ -7593237.274912541732192, -7006394.629035695455968 ], [ -7593751.125682042911649, -7004849.615319050848484 ], [ -7594116.587570317089558, -7003843.449069685302675 ], [ -7594614.630972126498818, -7002458.022169004194438 ], [ -7595048.999625201337039, -7001249.145937439054251 ], [ -7595419.804849034175277, -7000146.298915637657046 ], [ -7595854.284821598790586, -6998796.728421222418547 ], [ -7596108.538538572378457, -6998038.355549692176282 ], [ -7596267.502771424129605, -6997659.010833748616278 ], [ -7596511.18113677110523, -6997165.166991387493908 ], [ -7596786.585556994192302, -6996556.845283601433039 ], [ -7597120.432709882967174, -6995842.594346633180976 ], [ -7597565.376714582554996, -6995101.916030459105968 ], [ -7597989.170016034506261, -6994405.578087100759149 ], [ -7598179.971623254008591, -6994070.490581729449332 ], [ -7598503.020785535685718, -6993391.837934773415327 ], [ -7598699.05440882127732, -6992977.525157833471894 ], [ -7598789.111876874230802, -6992730.836840871721506 ], [ -7598942.732774168252945, -6992466.377654836513102 ], [ -7599038.133577778935432, -6992263.779696892015636 ], [ -7599133.423061897978187, -6992052.1129180341959 ], [ -7599197.097810629755259, -6991770.269630713388324 ], [ -7599212.905178324319422, -6991655.646331252530217 ], [ -7599350.718707925640047, -6991391.222769151441753 ], [ -7599414.282137169502676, -6991259.014273112639785 ], [ -7599634.13813148625195, -6990867.03080593328923 ], [ -7599705.605244575068355, -6990549.866020134650171 ], [ -7599808.90973203163594, -6990179.76379447709769 ], [ -7599872.473161273635924, -6989968.337408261373639 ], [ -7599888.391848457977176, -6989730.443135083653033 ], [ -7599872.473161273635924, -6989466.083341330289841 ], [ -7599840.747106398455799, -6989281.147765799425542 ], [ -7599912.214219488203526, -6989016.802850556559861 ], [ -7599912.214219488203526, -6988818.549908465705812 ], [ -7599880.376845120452344, -6988699.711569494567811 ], [ -7599769.168673817068338, -6988527.935913351364434 ], [ -7599745.346302787773311, -6988263.615937929600477 ], [ -7599713.508928422816098, -6987999.304713612422347 ], [ -7599689.686557391658425, -6987616.180028948932886 ], [ -7599626.123128148727119, -6987378.355838298797607 ], [ -7599522.818640691228211, -6987167.003631508909166 ], [ -7599411.61046938970685, -6987114.258988169953227 ], [ -7599308.30598193500191, -6986797.24326239246875 ], [ -7599268.564923720434308, -6986400.852516419254243 ], [ -7599419.514153236523271, -6985978.205443977378309 ], [ -7599721.523931757546961, -6985621.452472871169448 ], [ -7600102.904507216066122, -6985291.359149378724396 ], [ -7600603.619576804339886, -6984974.415789541788399 ], [ -7601056.467265351675451, -6984697.077542277984321 ], [ -7601493.618905697949231, -6984564.97985580470413 ], [ -7601660.486822395585477, -6984591.251210405491292 ], [ -7602145.171885309740901, -6984710.213426073081791 ], [ -7602566.293518980965018, -6984802.720261896960437 ], [ -7603027.26753035467118, -6984908.364379154518247 ], [ -7603718.561568182893097, -6985066.740665292367339 ], [ -7604584.738526044413447, -6985238.441870023496449 ], [ -7604918.474359443411231, -6985317.817920563742518 ], [ -7605323.788625420071185, -6985423.46885291673243 ], [ -7605578.042342392727733, -6985621.452472871169448 ], [ -7605872.037117576226592, -6985780.027940783649683 ], [ -7606031.001350429840386, -6986004.481448635458946 ], [ -7606269.336380219087005, -6986295.188650889322162 ], [ -7606666.635642860084772, -6986083.865114714950323 ], [ -7607111.690967051312327, -6985898.822828365489841 ], [ -7607604.39103330206126, -6986004.481448635458946 ], [ -7607985.77160876058042, -6985938.606558050960302 ], [ -7608462.552987828850746, -6985793.165606228634715 ], [ -7608685.080649923533201, -6985859.224336126819253 ], [ -7608859.852250468917191, -6986136.60295158624649 ], [ -7608979.075425107963383, -6986202.664522910490632 ], [ -7609074.476228716783226, -6986083.865114714950323 ], [ -7609153.958345144987106, -6986295.188650889322162 ], [ -7609296.892571323551238, -6986413.991203400306404 ], [ -7609511.516549573279917, -6986480.055069833062589 ], [ -7609749.851579360663891, -6986308.327163996174932 ], [ -7609876.978437846526504, -6986427.314964387565851 ], [ -7610012.120299669913948, -6986665.11082711443305 ], [ -7610155.165845340117812, -6986731.176771415397525 ], [ -7610290.196387671865523, -6986982.121306384913623 ], [ -7610441.256936677731574, -6987048.189873912371695 ], [ -7610496.805362585000694, -6987312.284538536332548 ], [ -7610623.932221069931984, -6987484.03403986711055 ], [ -7610949.764370621182024, -6987708.72053917311132 ], [ -7611362.982320446521044, -6988039.098911205306649 ], [ -7611696.718153844587505, -6988382.632882962934673 ], [ -7611887.408441574312747, -6988699.711569494567811 ], [ -7611966.890558000653982, -6989056.41700713802129 ], [ -7612165.59584906604141, -6989320.763234201818705 ], [ -7612380.108507825061679, -6989505.699727524071932 ], [ -7612729.763028405606747, -6989664.352365870028734 ], [ -7612928.468319471925497, -6989730.443135083653033 ], [ -7613174.818352598696947, -6989875.770700576715171 ], [ -7613293.930207747034729, -6990140.144062802195549 ], [ -7613397.234695203602314, -6990325.099540705792606 ], [ -7613357.493636989034712, -6990655.586215112358332 ], [ -7613135.077294384129345, -6991065.334632068872452 ], [ -7613174.818352598696947, -6991276.790077925659716 ], [ -7613349.589953144080937, -6991356.041022752411664 ], [ -7613206.54440747294575, -6991686.570387216284871 ], [ -7613087.432552324607968, -6992188.779014994390309 ], [ -7613246.285465687513351, -6992387.115684071555734 ], [ -7613572.117615238763392, -6992373.781971947290003 ], [ -7613905.853448636829853, -6992149.14930965192616 ], [ -7614136.284794579260051, -6992201.927231734618545 ], [ -7614366.716140521690249, -6992307.85450048185885 ], [ -7614652.807231859304011, -6992413.597983934916556 ], [ -7615010.365436287596822, -6992149.14930965192616 ], [ -7615304.471530963666737, -6992096.186552722938359 ], [ -7615614.273673842661083, -6992109.519801083952188 ], [ -7615900.364765179343522, -6992334.151347965933383 ], [ -7616170.64848882611841, -6992413.597983934916556 ], [ -7616353.32377321831882, -6992519.342868451029062 ], [ -7616575.851435313932598, -6992836.585928867571056 ], [ -7616734.815668166615069, -6993087.722478058189154 ], [ -7616536.110377101227641, -6993338.8669303804636 ], [ -7616242.115601915866137, -6993682.629082017578185 ], [ -7616130.79611112177372, -6994013.254819457419217 ], [ -7616218.293230885639787, -6994238.125192349776626 ], [ -7616401.079834768548608, -6994264.428401152603328 ], [ -7616504.384322224184871, -6994423.175663930363953 ], [ -7616393.064831431023777, -6994608.230426897294819 ], [ -7616091.166372399777174, -6994819.965014452114701 ], [ -7616273.841656791977584, -6994846.270141214132309 ], [ -7616496.369318887591362, -6994753.83208585344255 ], [ -7616766.541723043657839, -6994833.117566992528737 ], [ -7616981.165701291523874, -6995137.299548787996173 ], [ -7617100.2775564417243, -6995256.233781401067972 ], [ -7617227.404414925724268, -6995348.862916388548911 ], [ -7617426.109705992974341, -6995269.572310565970838 ], [ -7617592.97762269154191, -6995335.70951371639967 ], [ -7617696.282110149040818, -6995613.417647107504308 ], [ -7617879.068714030086994, -6995904.289764568209648 ], [ -7618109.500059972517192, -6995917.444104564376175 ], [ -7618324.124038222245872, -6995983.586678011342883 ], [ -7618069.759001759812236, -6996142.36814693454653 ], [ -7618109.500059972517192, -6996274.657571341842413 ], [ -7618308.205351038835943, -6996406.949189164675772 ], [ -7618316.109034884721041, -6996605.205440240912139 ], [ -7618252.545605642721057, -6996843.304738590493798 ], [ -7618379.672464126721025, -6996816.807733784429729 ], [ -7618562.459068010561168, -6996750.843544609844685 ], [ -7618737.230668555945158, -6997002.103317676112056 ], [ -7618967.662014498375356, -6997213.716138087213039 ], [ -7619158.463621716946363, -6997385.678850927390158 ], [ -7619253.75310583692044, -6997584.144735728390515 ], [ -7619269.671793020330369, -6997584.144735728390515 ], [ -7619404.813654843717813, -6997663.458346826955676 ], [ -7619571.681571543216705, -6997795.772995022125542 ], [ -7619603.407626418396831, -6997901.589229880832136 ], [ -7619484.295771269127727, -6998100.067949467338622 ], [ -7619190.189676593989134, -6998391.030740063637495 ], [ -7619357.057593293488026, -6998523.357456038706005 ], [ -7619523.925509992055595, -6998668.845244260504842 ], [ -7619674.986058999784291, -6998788.01747308857739 ], [ -7619563.666568205691874, -6998907.006140247918665 ], [ -7619222.027050960808992, -6999026.181927013210952 ], [ -7618792.890413952991366, -6998999.677671184763312 ], [ -7619023.321759895421565, -6999145.174146712757647 ], [ -7619388.894967660307884, -6999158.333831413649023 ], [ -7619651.163687969557941, -6999184.838614383712411 ], [ -7619992.8032052135095, -6999184.838614383712411 ], [ -7620135.848750881850719, -6999237.848444520495832 ], [ -7620032.544263426214457, -6999409.854794817976654 ], [ -7619849.757659545168281, -6999740.532594099640846 ], [ -7619555.762884358875453, -6999859.720834404230118 ], [ -7619388.894967660307884, -7000005.232997769489884 ], [ -7619555.762884358875453, -7000150.747815652750432 ], [ -7619754.468175426125526, -7000243.433796932920814 ], [ -7620207.315863971598446, -7000058.062911344692111 ], [ -7620509.325642492622137, -6999767.039311592467129 ], [ -7620771.594362803734839, -6999727.371948906220496 ], [ -7620906.624905134551227, -6999621.531493245624006 ], [ -7621113.233880047686398, -6999555.358751956373453 ], [ -7621303.924167776480317, -6999555.358751956373453 ], [ -7621407.228655233047903, -6999714.02596468757838 ], [ -7621176.797309291549027, -6999833.21380893047899 ], [ -7620954.269647194072604, -7000044.901742253452539 ], [ -7620843.061475892551243, -7000309.612246586941183 ], [ -7620978.203337715938687, -7000508.150889988988638 ], [ -7621224.553370840847492, -7000547.822135667316616 ], [ -7621383.40628420189023, -7000560.98413459956646 ], [ -7621288.005480593070388, -7000706.509091499261558 ], [ -7621176.797309291549027, -7000852.222090697847307 ], [ -7621335.761542142368853, -7001050.58884909003973 ], [ -7621598.03026245161891, -7001381.520075813867152 ], [ -7622050.877950999885798, -7001460.871452866122127 ], [ -7622384.725103887729347, -7001659.438755430281162 ], [ -7622774.009363192133605, -7001791.819703644141555 ], [ -7622925.069912198930979, -7001818.333238889463246 ], [ -7623099.841512745246291, -7001672.602588872425258 ], [ -7623306.450487656518817, -7001646.274943717755377 ], [ -7623520.963146416470408, -7001672.602588872425258 ], [ -7623934.181096239946783, -7001725.628954880870879 ], [ -7624418.977478643879294, -7001791.819703644141555 ], [ -7624609.667766373604536, -7001778.470264713279903 ], [ -7624411.073794797994196, -7002215.305169216357172 ], [ -7624625.586453557945788, -7002374.210727552883327 ], [ -7624967.225970801897347, -7002480.087717091664672 ], [ -7625277.139433170668781, -7002480.087717091664672 ], [ -7625531.393150141462684, -7002493.252905111759901 ], [ -7625436.10366602241993, -7002652.164001632481813 ], [ -7625372.540236779488623, -7002969.81025785766542 ], [ -7625253.317062140442431, -7003525.768014296889305 ], [ -7624975.240974139422178, -7003538.934928651899099 ], [ -7624593.749079189263284, -7003737.553978398442268 ], [ -7624482.540907887741923, -7004015.554774847812951 ], [ -7624585.845395343378186, -7004002.38707351218909 ], [ -7624720.875937676988542, -7003883.136909250169992 ], [ -7624720.875937676988542, -7004227.353747254237533 ], [ -7624705.068569984287024, -7004492.203109689056873 ], [ -7624856.017799500375986, -7004412.82156531047076 ], [ -7625022.885716198012233, -7004545.248227000236511 ], [ -7625253.317062140442431, -7004770.230216581374407 ], [ -7625507.570779112167656, -7005008.57337883580476 ], [ -7625658.631328119896352, -7005167.534607498906553 ], [ -7625595.067898876033723, -7005299.788313129916787 ], [ -7625777.743183267302811, -7005511.806895113550127 ], [ -7625881.047670722939074, -7005591.19938095472753 ], [ -7625960.52978714928031, -7005458.755347515456378 ], [ -7626183.05744924582541, -7005524.977089240215719 ], [ -7626349.925365946255624, -7005750.17222529835999 ], [ -7626500.985914952121675, -7006028.243199271149933 ], [ -7626850.529116042889655, -7006398.89590663742274 ], [ -7627208.08732046931982, -7006796.281462088227272 ], [ -7627510.097098992206156, -7007140.624085519462824 ], [ -7627653.142644661478698, -7007524.687551356852055 ], [ -7627783.386448890902102, -7007784.822205481119454 ], [ -7627899.937955751083791, -7007979.093778247945011 ], [ -7628148.848337164148688, -7008111.39413018990308 ], [ -7628482.695490053854883, -7008385.279535892419517 ], [ -7628646.891738974489272, -7008535.400935438461602 ], [ -7628821.663339519873261, -7008756.041843839921057 ], [ -7628954.13353356346488, -7008994.504191750660539 ], [ -7629150.167156849056482, -7009277.142344648018479 ], [ -7629367.351483387872577, -7009559.790519209578633 ], [ -7629632.291871475055814, -7009754.105353399179876 ], [ -7629674.593277976848185, -7010036.770441168919206 ], [ -7629520.97238068189472, -7010769.927528602071106 ], [ -7629324.938757394440472, -7011105.531803667545319 ], [ -7629256.143312084488571, -7011370.60977044608444 ], [ -7629393.845522196032107, -7011662.057205844670534 ], [ -7629552.809755050577223, -7011794.604342167265713 ], [ -7629595.222481040284038, -7011962.426287761889398 ], [ -7629812.295488088391721, -7012200.984582117758691 ], [ -7629844.13286245521158, -7012324.814932266250253 ], [ -7629934.190330506302416, -7012492.648043065331876 ], [ -7630008.329111375845969, -7012527.923150804825127 ], [ -7630119.648602167144418, -7012819.598577142693102 ], [ -7630278.501515530049801, -7013314.412942559458315 ], [ -7630479.878474375233054, -7013906.373828947544098 ], [ -7630628.156036112457514, -7014144.99032249301672 ], [ -7630675.912097662687302, -7014401.255681434646249 ], [ -7630771.201581780798733, -7014542.576553429476917 ], [ -7630750.050878529436886, -7014754.841127026826143 ], [ -7630983.153892250731587, -7015267.419315797276795 ], [ -7631083.786711929365993, -7015638.50192837882787 ], [ -7631200.338218788616359, -7016310.320573224686086 ], [ -7631316.889725649729371, -7017035.324175246991217 ], [ -7631385.796490451321006, -7017433.054661216214299 ], [ -7631373.77398544549942, -7017711.533550011925399 ], [ -7631482.310488968156278, -7018383.527031375095248 ], [ -7631625.467354128137231, -7019270.006025616079569 ], [ -7631592.294145873747766, -7020132.239109382964671 ], [ -7631632.0352040855214, -7020817.632330816239119 ], [ -7631598.973315319977701, -7021536.169133708812296 ], [ -7631618.788184680975974, -7022343.438731039874256 ], [ -7631512.923348937183619, -7023770.069122609682381 ], [ -7631486.429310129024088, -7024289.921363823115826 ], [ -7631439.675123995169997, -7024925.094486289657652 ], [ -7631327.465077276341617, -7025528.704656201414764 ], [ -7631181.747863826341927, -7026513.249000795185566 ], [ -7631177.851681648753583, -7026643.811624779365957 ], [ -7631155.253825018182397, -7027387.427049704827368 ], [ -7631062.636008678004146, -7028139.855019498616457 ], [ -7630777.769431739114225, -7028914.492987127974629 ], [ -7630665.225426545366645, -7028969.747422545216978 ], [ -7630433.458246713504195, -7029047.3275296529755 ], [ -7629724.909687814302742, -7029489.939293010160327 ], [ -7629023.04029836319387, -7029910.620026444084942 ], [ -7628440.282764060422778, -7030298.015756628476083 ], [ -7627850.957379800267518, -7031039.553444867022336 ], [ -7627506.534875286743045, -7031737.052695598453283 ], [ -7626875.130723507143557, -7032235.649522827938199 ], [ -7626610.190335419028997, -7032563.411597356200218 ], [ -7626234.041776029393077, -7032873.504441873170435 ], [ -7625842.085848946124315, -7033263.278132783249021 ], [ -7625555.994757607579231, -7033449.237064324319363 ], [ -7625232.834275834262371, -7033732.744378449395299 ], [ -7624840.878348750993609, -7034211.174240393564105 ], [ -7624581.169976730830967, -7034494.708701899275184 ], [ -7624242.202127264812589, -7034884.561810691840947 ], [ -7623797.146803074516356, -7035292.122086168266833 ], [ -7623225.075939887203276, -7035894.656926965340972 ], [ -7622901.915458113886416, -7036195.941458893939853 ], [ -7622398.64004023745656, -7036630.198569854721427 ], [ -7621969.503403229638934, -7036993.52536706533283 ], [ -7621349.676478493027389, -7037507.537285344675183 ], [ -7620803.988334625028074, -7037870.904152071103454 ], [ -7620316.631603931076825, -7038172.263533556833863 ], [ -7620017.070854207500815, -7038298.174789862707257 ], [ -7619656.840981999412179, -7038439.920467365533113 ], [ -7619270.117070984095335, -7038581.854937917552888 ], [ -7618931.037902026437223, -7038696.969006119295955 ], [ -7618539.081974945031106, -7038767.938218018040061 ], [ -7618427.762484150007367, -7038803.329925120808184 ], [ -7618284.716938481666148, -7038732.546668374910951 ], [ -7618162.933415553532541, -7038714.850952600128949 ], [ -7618094.026650753803551, -7038759.183451606892049 ], [ -7617977.475143892690539, -7038679.273369482718408 ], [ -7617897.993027466349304, -7038608.491216576658189 ], [ -7617845.004949847236276, -7038555.218748448416591 ], [ -7617702.070723668672144, -7038564.15955734718591 ], [ -7617548.338506883941591, -7038510.887386094778776 ], [ -7617336.49751590564847, -7038351.259274715557694 ], [ -7617246.440047853626311, -7038431.166061938740313 ], [ -7617135.120557058602571, -7038555.218748448416591 ], [ -7617002.761682506650686, -7038599.550357852131128 ], [ -7616843.79744965210557, -7038652.636853822506964 ], [ -7616764.315333225764334, -7038688.214317811653018 ], [ -7616605.462419864721596, -7038785.634051889181137 ], [ -7616430.579499829560518, -7038918.633473539724946 ], [ -7616298.109305784106255, -7038918.633473539724946 ], [ -7616276.958602534607053, -7038971.908375429920852 ], [ -7616202.8198216650635, -7038962.967108239419758 ], [ -7616022.704885561950505, -7039069.33158384822309 ], [ -7615879.65933989174664, -7039211.277285096235573 ], [ -7615704.77641985565424, -7039291.006427669897676 ], [ -7615524.661483753472567, -7039317.645080978982151 ], [ -7615381.727257574908435, -7039326.400462032295763 ], [ -7615265.064431224018335, -7039335.342137737199664 ], [ -7614979.08465937525034, -7039548.082469876855612 ], [ -7614507.535296375863254, -7039920.484891782514751 ], [ -7614115.579369292594492, -7040230.678307307884097 ], [ -7613898.395042753778398, -7040381.401276676915586 ], [ -7613760.581513150595129, -7040470.08510007057339 ], [ -7613490.409108996391296, -7040612.05580017901957 ], [ -7613294.375485708937049, -7040691.798984606750309 ], [ -7612965.982987869530916, -7040851.474072467535734 ], [ -7612812.362090574577451, -7040913.519049558788538 ], [ -7612579.259076854214072, -7040966.620990908704698 ], [ -7612287.824649957939982, -7041055.311339634470642 ], [ -7612123.628401037305593, -7041046.554055314511061 ], [ -7611932.938113308511674, -7041037.610455749556422 ], [ -7611816.386606447398663, -7040966.620990908704698 ], [ -7611710.410451211035252, -7040833.587322100065649 ], [ -7611662.765709151513875, -7040709.49909891653806 ], [ -7611562.132889475673437, -7040647.45571328047663 ], [ -7611445.581382614560425, -7040558.769912264309824 ], [ -7611291.960485320538282, -7040434.68597636371851 ], [ -7611132.996252467855811, -7040452.385518524795771 ], [ -7610703.859615460038185, -7040620.812606122344732 ], [ -7610433.687211303971708, -7040762.785996631719172 ], [ -7610131.788752272725105, -7040957.863804238848388 ], [ -7609819.203622126020491, -7041135.058968199416995 ], [ -7609570.181921220384538, -7041232.695004061795771 ], [ -7609487.582859052345157, -7041267.352358453907073 ], [ -7609400.642336742021143, -7041303.686843764036894 ], [ -7609183.458010204136372, -7041294.74295505695045 ], [ -7608860.297528431750834, -7041410.082624640315771 ], [ -7608606.043811460025609, -7041445.486089738085866 ], [ -7608372.94079773966223, -7041498.777918558567762 ], [ -7608097.425058025866747, -7041649.524920430034399 ], [ -7607763.689224626868963, -7041844.624478657729924 ], [ -7607504.092172097414732, -7041915.4354352010414 ], [ -7607170.356338700279593, -7041942.082879486493766 ], [ -7606873.689895735122263, -7042039.728822943754494 ], [ -7606566.448101147077978, -7042163.837801922112703 ], [ -7606036.678644460625947, -7042367.708706838078797 ], [ -7605724.09351431299001, -7042438.710678586736321 ], [ -7605247.312135245651007, -7042509.71328422985971 ], [ -7604860.588224230334163, -7042536.362719776108861 ], [ -7604479.207648772746325, -7042589.475497520528734 ], [ -7604187.77322187460959, -7042616.125200344249606 ], [ -7603997.082934146746993, -7042642.774992471560836 ], [ -7603626.277710313908756, -7042589.475497520528734 ], [ -7603409.093383776955307, -7042474.118722897954285 ], [ -7602979.956746769137681, -7042350.004901854321361 ], [ -7602667.371616620570421, -7042181.541192493401468 ], [ -7602519.094054884277284, -7042154.892945882864296 ], [ -7602206.508924735710025, -7042013.081051490269601 ], [ -7601915.185817330144346, -7041888.974425029940903 ], [ -7601517.77523519936949, -7041782.385895340703428 ], [ -7601205.301424541510642, -7041755.925327830947936 ], [ -7601062.2558788722381, -7041826.735494653694332 ], [ -7600834.496200710535049, -7041800.274779590778053 ], [ -7600654.26994511578232, -7041711.576123370788991 ], [ -7600188.175237163901329, -7041640.580642809160054 ], [ -7599981.566262250766158, -7041551.883767527528107 ], [ -7599785.532638963311911, -7041507.535700815729797 ], [ -7599515.360234809108078, -7041472.131959514692426 ], [ -7599425.302766758017242, -7041410.082624640315771 ], [ -7599255.763182278722525, -7041374.492984354496002 ], [ -7599033.23552018404007, -7041330.145906748250127 ], [ -7598826.626545270904899, -7041285.799076408147812 ], [ -7598620.01757035870105, -7041179.404958063736558 ], [ -7598450.477985881268978, -7041170.6475371113047 ], [ -7598190.992252841591835, -7041073.012262913398445 ], [ -7597862.488435510545969, -7041090.713225586339831 ], [ -7597661.111476665362716, -7041019.909611254930496 ], [ -7597428.119782435707748, -7040966.620990908704698 ], [ -7597247.893526840023696, -7040869.174542116001248 ], [ -7597036.052535860799253, -7040780.486268913373351 ], [ -7596765.880131705664098, -7040744.899445706047118 ], [ -7596580.421860043890774, -7040700.742195336148143 ], [ -7596199.041284588165581, -7040656.398874150589108 ], [ -7595891.799489997327328, -7040576.469730544835329 ], [ -7595547.488304974511266, -7040487.784721003845334 ], [ -7595213.641152085736394, -7040390.344138409942389 ], [ -7594901.056021937169135, -7040408.043581900186837 ], [ -7594768.697147384285927, -7040408.043581900186837 ], [ -7594652.145640523172915, -7040363.701892470009625 ], [ -7594429.61797842849046, -7040301.661204074509442 ], [ -7594032.318715785630047, -7040115.542042268440127 ], [ -7593778.064998815767467, -7040115.542042268440127 ], [ -7593571.456023901700974, -7040106.599489488638937 ], [ -7593343.58502624835819, -7040124.298301606439054 ], [ -7592903.873037614859641, -7039955.881727169267833 ], [ -7592723.758101511746645, -7039929.240936399437487 ], [ -7592458.929032914340496, -7040044.560806394554675 ], [ -7592066.861786340363324, -7040248.377395514398813 ], [ -7591786.114030560478568, -7040416.986473588272929 ], [ -7591473.528900412842631, -7040567.712973418645561 ], [ -7591097.380341021344066, -7040718.442329549230635 ], [ -7590594.216242635622621, -7040948.920304400846362 ], [ -7590249.793738122098148, -7041197.292486139573157 ], [ -7589990.196685590781271, -7041294.74295505695045 ], [ -7589508.183290457352996, -7041605.176309269852936 ], [ -7589222.092199117876589, -7041738.036543332971632 ], [ -7588988.989185397513211, -7041844.624478657729924 ], [ -7588851.286975286900997, -7041951.027496182359755 ], [ -7588634.102648748084903, -7042101.783070340752602 ], [ -7588125.483895313926041, -7042376.653802237473428 ], [ -7587818.242100724950433, -7042607.17983559332788 ], [ -7587314.966682848520577, -7042970.779747641645372 ], [ -7587166.577801620587707, -7043015.135974541306496 ], [ -7586589.163602875545621, -7043361.048483702354133 ], [ -7586271.346456659957767, -7043565.136466469615698 ], [ -7585831.63446802739054, -7043946.487501478753984 ], [ -7585587.956102680414915, -7044052.918644937686622 ], [ -7585381.347127770073712, -7044221.608401623554528 ], [ -7585169.394817298278213, -7044407.823680764064193 ], [ -7584983.936545635573566, -7044523.208509348332882 ], [ -7584841.002319457940757, -7044762.558145175687969 ], [ -7584639.625360612757504, -7045064.178771656937897 ], [ -7584380.028308083303273, -7045498.920348102226853 ], [ -7584009.223084250465035, -7046022.431458443403244 ], [ -7583638.417860417626798, -7046545.977040410973132 ], [ -7583219.856575035490096, -7047122.700165770016611 ], [ -7582912.614780446514487, -7047504.221868651919067 ], [ -7582562.960259865969419, -7048045.581492440775037 ], [ -7582313.938558959402144, -7048338.561374984681606 ], [ -7582112.672919605858624, -7048666.987688396126032 ], [ -7581688.879618156701326, -7049226.145585830323398 ], [ -7581461.119939992204309, -7049634.44149072561413 ], [ -7581275.661668331362307, -7050042.758368733339012 ], [ -7581090.203396669588983, -7050513.216153852641582 ], [ -7580936.58249937556684, -7050974.93355992808938 ], [ -7580692.904134028591216, -7051551.978109371848404 ], [ -7580433.307081499136984, -7052226.835697853006423 ], [ -7580051.926506041549146, -7053043.756854606792331 ], [ -7579718.19067264162004, -7053780.886614576913416 ], [ -7579511.581697731278837, -7054225.063634992577136 ], [ -7579310.204738884232938, -7054589.195333587937057 ], [ -7579119.514451156370342, -7054988.807549501769245 ], [ -7578955.318202235735953, -7055406.359391700476408 ], [ -7578891.754772991873324, -7055654.997017933055758 ], [ -7578711.639836890622973, -7056268.037739291787148 ], [ -7578499.687526420690119, -7056943.295981016941369 ], [ -7578393.711371185258031, -7057645.12504408787936 ], [ -7578324.915925875306129, -7058427.12414428871125 ], [ -7578218.939770639874041, -7059164.753537324257195 ], [ -7578171.295028580352664, -7059706.908126428723335 ], [ -7578081.237560528330505, -7060311.296300865709782 ], [ -7577996.412108542397618, -7061084.591741668991745 ], [ -7577948.767366482876241, -7061386.832500015385449 ], [ -7577895.779288866557181, -7061911.391353285871446 ], [ -7577742.158391572535038, -7063005.080949363298714 ], [ -7577641.525571893900633, -7063920.839557477273047 ], [ -7577535.549416658468544, -7064561.241977620869875 ], [ -7577418.997909799218178, -7065334.951374783180654 ], [ -7577265.377012504264712, -7066108.736170321702957 ], [ -7577122.331466833129525, -7066749.315080852247775 ], [ -7577091.162009412422776, -7067213.285741690546274 ], [ -7577069.343389216810465, -7067469.95803398732096 ], [ -7577074.686724773608148, -7067745.707725268788636 ], [ -7576989.861272790469229, -7068003.705939591862261 ], [ -7576931.641179105266929, -7068181.692203689366579 ], [ -7576767.444930185563862, -7068902.278216874226928 ], [ -7576693.194829826243222, -7069276.058894792571664 ], [ -7576608.480697331950068, -7069801.13921944051981 ], [ -7576507.847877656109631, -7070272.768749671056867 ], [ -7576375.377683610655367, -7070833.449669224210083 ], [ -7576264.169512309134007, -7071323.096023674122989 ], [ -7576142.274669890291989, -7071883.85114614944905 ], [ -7576020.491146962158382, -7072302.10524510871619 ], [ -7575840.264891367405653, -7073050.004504753276706 ], [ -7575779.707088377326727, -7073301.440196157433093 ], [ -7575660.261274755932391, -7073797.787158840335906 ], [ -7575490.721690276637673, -7074492.313421646133065 ], [ -7575321.182105800136924, -7075026.720913499593735 ], [ -7575167.561208505183458, -7075605.515843928791583 ], [ -7574897.388804348185658, -7076603.020993398502469 ], [ -7574643.0237678848207, -7077529.334600731730461 ], [ -7574394.113386472687125, -7078340.06473839841783 ], [ -7574081.528256324119866, -7079373.486708126962185 ], [ -7573874.919281413778663, -7080006.149671764113009 ], [ -7573636.584251624532044, -7080763.576702085323632 ], [ -7573345.149824727326632, -7081592.428932555951178 ], [ -7573138.540849815122783, -7082198.485970722511411 ], [ -7572894.862484468147159, -7082840.177797029726207 ], [ -7572810.148351974785328, -7083027.488178028725088 ], [ -7572407.505753776989877, -7084070.513283534906805 ], [ -7572216.815466046333313, -7084525.193777333013713 ], [ -7572026.013858828693628, -7084997.699441257864237 ], [ -7571840.666906656697392, -7085416.83290639333427 ], [ -7571586.301870194263756, -7085969.590841106139123 ], [ -7571310.897449970245361, -7086665.183716506697237 ], [ -7570717.564564043655992, -7087869.310784271918237 ], [ -7570664.576486425474286, -7088038.746608282439411 ], [ -7570548.024979565292597, -7088270.602160193957388 ], [ -7570432.586667612195015, -7088414.367254196666181 ], [ -7570426.130137146450579, -7088422.239733593538404 ], [ -7570293.771262592636049, -7088805.938860100694001 ], [ -7570102.969655374065042, -7089135.85623115580529 ], [ -7569928.198054829612374, -7089537.399193054996431 ], [ -7569764.224444889463484, -7089802.481182974763215 ], [ -7569663.257666740566492, -7089965.584124993532896 ], [ -7569599.694237496703863, -7090081.632974244654179 ], [ -7569318.946481715887785, -7090643.715902307070792 ], [ -7569107.105490735732019, -7090991.709833336994052 ], [ -7568842.165102648548782, -7091473.601656295359135 ], [ -7568630.324111668393016, -7091857.26099721621722 ], [ -7568375.959075206890702, -7092249.94037501513958 ], [ -7567957.50910931546241, -7092874.629468780010939 ], [ -7567787.969524837099016, -7093222.721368096768856 ], [ -7567523.140456239692867, -7093535.191881760023534 ], [ -7567094.003819230943918, -7094106.523369801230729 ], [ -7566913.888883127830923, -7094383.200663115829229 ], [ -7566739.005963091738522, -7094561.779883049428463 ], [ -7566453.026191242970526, -7094829.468667265959084 ], [ -7566299.293974458239973, -7095159.824475165456533 ], [ -7566124.522373912855983, -7095490.194056385196745 ], [ -7565965.558141059242189, -7095811.571891261264682 ], [ -7565711.304424088448286, -7096347.418211949057877 ], [ -7565510.038784733042121, -7096749.13909825310111 ], [ -7565366.993239064700902, -7097017.089434177614748 ], [ -7565245.098396646790206, -7097302.875584395602345 ], [ -7565107.39618653524667, -7097615.319382760673761 ], [ -7564847.799134003929794, -7098088.606070294976234 ], [ -7564604.120768658816814, -7098436.927102155983448 ], [ -7564153.833428399637341, -7099142.624412223696709 ], [ -7563925.962430745363235, -7099401.646111119538546 ], [ -7563714.121439765207469, -7099759.034881358966231 ], [ -7563565.732558537274599, -7100000.24387389048934 ], [ -7563428.030348428525031, -7100178.762028981000185 ], [ -7563194.92733470723033, -7100527.174979841336608 ], [ -7563004.237046976573765, -7100741.561685264110565 ], [ -7562760.558681629598141, -7101125.857806940563023 ], [ -7562432.05486430041492, -7101563.681483367457986 ], [ -7562077.168327650986612, -7102001.341601248830557 ], [ -7561579.124925842508674, -7102582.297192644327879 ], [ -7561367.283934862352908, -7102868.284197515808046 ], [ -7560964.641336663626134, -7103315.030460613779724 ], [ -7560588.492777272127569, -7103770.816490206867456 ], [ -7559854.229415999725461, -7104648.846625222824514 ], [ -7559186.423790730535984, -7105374.069629835896194 ], [ -7558470.63946493063122, -7106089.402553527615964 ], [ -7557271.617229595780373, -7107271.308698032051325 ], [ -7555474.698009210638702, -7108843.69958449434489 ], [ -7554560.542350815609097, -7109673.802892024628818 ], [ -7553857.114488494582474, -7110183.146403655409813 ], [ -7553559.446170112118125, -7110423.921294273808599 ], [ -7552622.024738141335547, -7111139.146730314940214 ], [ -7552451.705917229875922, -7111372.243358371779323 ], [ -7552175.744899553246796, -7111475.823175818659365 ], [ -7551917.149722438305616, -7111717.201367768459022 ], [ -7551775.551330151036382, -7111989.982623614370823 ], [ -7551639.741551384329796, -7112508.499723732471466 ], [ -7551412.761109653860331, -7113212.255842084996402 ], [ -7550935.53445262555033, -7113896.32991411536932 ], [ -7550377.044567313976586, -7114486.621670449152589 ], [ -7549504.4110789867118, -7115110.998555493541062 ], [ -7548655.043364233337343, -7115499.942553565837443 ], [ -7547780.62876405287534, -7116212.617309477180243 ], [ -7547027.441089344210923, -7116883.030301848426461 ], [ -7546704.057968590408564, -7117457.553972044959664 ], [ -7546390.916240990161896, -7118002.769236717373133 ], [ -7545831.201841280795634, -7118632.503880822099745 ], [ -7545043.505124426446855, -7119395.703338610008359 ], [ -7544198.14491134416312, -7120089.345410575158894 ], [ -7543821.32843500841409, -7120328.728142574429512 ], [ -7543165.767953725531697, -7120809.021006141789258 ], [ -7542460.113701587542892, -7121146.297374363988638 ], [ -7541141.868291613645852, -7121929.692290198989213 ], [ -7540525.826229563914239, -7122371.303726531565189 ], [ -7539935.610289378091693, -7123019.835801053792238 ], [ -7539239.084235483780503, -7123717.373049167916179 ], [ -7539067.763539153151214, -7123970.045444345101714 ], [ -7538993.958716757595539, -7124254.170321140438318 ], [ -7538924.272715521045029, -7124532.656497921794653 ], [ -7538770.763137716799974, -7124690.639155305922031 ], [ -7538492.687049715779722, -7124969.32901050336659 ], [ -7538051.861866175197065, -7125386.628940857946873 ], [ -7537416.784171199426055, -7125879.65877091512084 ], [ -7537278.0800856705755, -7125987.195334646850824 ], [ -7536941.895223474130034, -7126349.741811884567142 ], [ -7536785.825297381728888, -7126639.979309725575149 ], [ -7536588.901118169538677, -7127109.165764844045043 ], [ -7536506.302056001499295, -7127331.054885125719011 ], [ -7536199.616858864203095, -7128086.993852178566158 ], [ -7535875.120543203316629, -7128625.218222322873771 ], [ -7535706.471514649689198, -7128948.697958962991834 ], [ -7535516.449143866077065, -7129249.958609255030751 ], [ -7535384.646866767667234, -7129334.554815041832626 ], [ -7535347.466156841255724, -7129584.203684257343411 ], [ -7535408.023959834128618, -7129835.744669406674802 ], [ -7535435.297235079109669, -7130119.13825885951519 ], [ -7535374.294154123403132, -7130488.092742787674069 ], [ -7535205.533806080929935, -7130811.64871734380722 ], [ -7534928.236954514868557, -7131133.14494040235877 ], [ -7534609.306613391265273, -7131355.712411906570196 ], [ -7534510.232266585342586, -7131430.154243357479572 ], [ -7534485.296700648963451, -7131603.917398319579661 ], [ -7534451.344255956821144, -7131679.492370278574526 ], [ -7534296.498844263143837, -7131836.675548931583762 ], [ -7534283.251824858598411, -7131967.098496821708977 ], [ -7534278.131128283217549, -7132239.259671663865447 ], [ -7534461.25169063732028, -7132318.798848306760192 ], [ -7534710.273391540162265, -7132356.118453512899578 ], [ -7534903.412708068266511, -7132479.575978909619153 ], [ -7535049.909157952293754, -7132776.258894629776478 ], [ -7535604.391541592776775, -7132731.963088792748749 ], [ -7535930.557649618014693, -7132705.385724454186857 ], [ -7536247.595559396781027, -7132591.349111727438867 ], [ -7536445.298975045792758, -7132464.308607917279005 ], [ -7536700.220608961768448, -7132174.988078086636961 ], [ -7536996.998371416702867, -7131973.695090380497277 ], [ -7537324.722952311858535, -7131859.857505237683654 ], [ -7537498.937955403700471, -7131830.267540482804179 ], [ -7537855.49428441375494, -7131923.938063390552998 ], [ -7538347.637753212824464, -7132324.830287713557482 ], [ -7538774.325361423194408, -7132746.288513733074069 ], [ -7539139.008013262413442, -7132992.463688627816737 ], [ -7539658.870035264641047, -7133067.109437352046371 ], [ -7540015.426364276558161, -7133160.606117156334221 ], [ -7540369.867622963152826, -7133373.805303857661784 ], [ -7540728.872980770654976, -7133725.945290549658239 ], [ -7540960.306202129460871, -7134143.896247264929116 ], [ -7541072.182290377095342, -7134570.730501444078982 ], [ -7541355.379074955359101, -7135142.01560112927109 ], [ -7541587.480213259346783, -7135527.420693125575781 ], [ -7541920.214171240106225, -7135751.054770346730947 ], [ -7542412.802918002009392, -7135951.124009193852544 ], [ -7543013.260251340456307, -7136397.4795783162117 ], [ -7543363.805327847599983, -7136850.272437687963247 ], [ -7543518.316781069152057, -7137332.324505272321403 ], [ -7543631.751342187635601, -7137682.943446693941951 ], [ -7543833.573578994721174, -7137947.94549326878041 ], [ -7544022.260115888901055, -7138343.484654620289803 ], [ -7544311.356833481229842, -7138510.986462404951453 ], [ -7544796.932452321052551, -7138460.81099877692759 ], [ -7545060.759645501151681, -7138740.552704140543938 ], [ -7544715.335265568457544, -7139107.457548574544489 ], [ -7544280.966612492688, -7139088.970418682321906 ], [ -7543796.949466524645686, -7138808.084552808664739 ], [ -7543340.316915291361511, -7138200.884562760591507 ], [ -7543134.264537832699716, -7137554.500812903977931 ], [ -7542925.095214631408453, -7137093.180758243426681 ], [ -7542583.900975351221859, -7136727.68955204077065 ], [ -7542086.302851504646242, -7136610.011770925484598 ], [ -7541502.766080765984952, -7136436.327094295062125 ], [ -7540858.78282652515918, -7135999.963546411134303 ], [ -7540394.580549919046462, -7135229.314618680626154 ], [ -7540173.945319165475667, -7134811.306255448609591 ], [ -7539983.477670418098569, -7134535.662860479205847 ], [ -7539359.420605030842125, -7134208.560909172520041 ], [ -7538680.037752719596028, -7133945.946489553898573 ], [ -7538058.986313585191965, -7133807.761644998565316 ], [ -7537516.971712912432849, -7133754.411253274418414 ], [ -7537048.094017691910267, -7133865.636858824640512 ], [ -7536482.702323951758444, -7133909.750498626381159 ], [ -7536178.132197142578661, -7133936.708955280482769 ], [ -7535299.37613682076335, -7133898.816325638443232 ], [ -7535093.323759362101555, -7133884.111772021278739 ], [ -7534804.449680753052235, -7133649.973719811998308 ], [ -7534501.771985285915434, -7133579.09271433390677 ], [ -7534263.548274989239872, -7133541.955845569260418 ], [ -7533880.943185131065547, -7133099.343046792782843 ], [ -7533553.775201690383255, -7132592.291556330397725 ], [ -7533311.655309214256704, -7132184.78899113740772 ], [ -7533333.80788788292557, -7131111.849651384167373 ], [ -7533484.979756380431354, -7130570.440910327248275 ], [ -7533873.373459758237004, -7130109.528336422517896 ], [ -7534198.42637287452817, -7130137.415986713021994 ], [ -7534501.215387832373381, -7130197.337081626057625 ], [ -7534503.219138666056097, -7130088.612663264386356 ], [ -7534168.70406883303076, -7129984.41198106482625 ], [ -7533897.529789259657264, -7129979.324460320174694 ], [ -7533631.810164736583829, -7129680.485467926599085 ], [ -7533470.619542067870498, -7129590.421454828232527 ], [ -7533542.977211083285511, -7129787.696896535344422 ], [ -7533570.02784734684974, -7130082.017642664723098 ], [ -7533303.306347405537963, -7130414.601967561990023 ], [ -7532725.11291222460568, -7131154.817196092568338 ], [ -7532205.473529201932251, -7131656.687876183539629 ], [ -7531235.435486430302262, -7132580.039785268716514 ], [ -7530417.793826553039253, -7133326.678551718592644 ], [ -7529877.115059770643711, -7133784.573974664323032 ], [ -7529227.677150481380522, -7134240.42211792524904 ], [ -7527966.761278266087174, -7135129.571327270008624 ], [ -7527317.991285923868418, -7135541.751186196692288 ], [ -7526923.808969024568796, -7135708.439356900751591 ], [ -7526701.726584891788661, -7135954.518252988345921 ], [ -7526072.214864455163479, -7136486.866866962984204 ], [ -7525620.480370816774666, -7136815.760448315180838 ], [ -7525290.86335857771337, -7137005.295363983139396 ], [ -7524959.13127601519227, -7137303.845651014707983 ], [ -7524814.304618492722511, -7137486.225255464203656 ], [ -7524440.716407389380038, -7137696.712017396464944 ], [ -7524407.209240661002696, -7137717.836446492001414 ], [ -7524222.975483398884535, -7137834.021816083230078 ], [ -7524002.340252646245062, -7137923.048125538043678 ], [ -7523843.487339284271002, -7138012.829911171458662 ], [ -7523679.179770872928202, -7138138.639297844842076 ], [ -7523440.844741085544229, -7138192.396543213166296 ], [ -7523287.223843791522086, -7138291.235380410216749 ], [ -7523048.777494510635734, -7138407.806437823921442 ], [ -7522836.936503530479968, -7138506.647969879209995 ], [ -7522476.706631324253976, -7138623.222205692902207 ], [ -7522074.064033124595881, -7138749.041312617249787 ], [ -7521708.490825359709561, -7138829.777866919524968 ], [ -7521305.848227160982788, -7138901.649185334332287 ], [ -7520866.247558019123971, -7139027.284083988517523 ], [ -7520516.593037436716259, -7139170.842322344891727 ], [ -7520050.387009995058179, -7139332.513527255505323 ], [ -7519621.250372987240553, -7139664.732770312577486 ], [ -7519351.077968830242753, -7139862.259862821549177 ], [ -7519149.701009985990822, -7139996.965984795242548 ], [ -7518990.848096624948084, -7140176.389050653204322 ], [ -7518863.721238139085472, -7140365.061233722604811 ], [ -7518757.745082903653383, -7140562.605838366784155 ], [ -7518694.181653658859432, -7140679.2104163877666 ], [ -7518725.907708535902202, -7140760.155383163131773 ], [ -7518778.895786153152585, -7140822.987362738698721 ], [ -7518736.483060161583126, -7140930.72744588367641 ], [ -7518773.66377008613199, -7141029.411858722567558 ], [ -7518736.483060161583126, -7141164.137885057367384 ], [ -7518805.38982496317476, -7141280.940039203502238 ], [ -7518784.239121710881591, -7141379.628827357664704 ], [ -7518853.145886512473226, -7141460.580971792340279 ], [ -7519086.137580743990839, -7141487.376503054052591 ], [ -7519155.044345543719828, -7141568.329751739278436 ], [ -7519308.665242838673294, -7141550.214267387986183 ], [ -7519472.861491759307683, -7141478.507549544796348 ], [ -7519584.180982552468777, -7141487.376503054052591 ], [ -7519610.675021360628307, -7141388.68636873178184 ], [ -7519594.756334177218378, -7141316.792420024052262 ], [ -7519653.087747352197766, -7141271.88262137491256 ], [ -7519769.639254215173423, -7141280.940039203502238 ], [ -7519912.573480391874909, -7141334.718671455979347 ], [ -7520039.811658369377255, -7141415.67035563942045 ], [ -7520235.733962164260447, -7141604.183436995372176 ], [ -7520368.204156208783388, -7141738.919267022050917 ], [ -7520511.249701877124608, -7141819.68638454284519 ], [ -7520723.090692857280374, -7141927.440063172951341 ], [ -7520887.398261268623173, -7141927.440063172951341 ], [ -7520972.112393762916327, -7141963.484091118909419 ], [ -7521051.594510187394917, -7141891.58491060230881 ], [ -7520972.112393762916327, -7141792.701017426326871 ], [ -7520754.928067224100232, -7141774.77372660394758 ], [ -7520601.307169930078089, -7141694.007068317383528 ], [ -7520437.110921010375023, -7141613.241235863417387 ], [ -7520241.077297722920775, -7141487.376503054052591 ], [ -7520045.043674435466528, -7141316.792420024052262 ], [ -7519854.353386707603931, -7141209.047071138396859 ], [ -7519748.377231473103166, -7141164.137885057367384 ], [ -7519854.353386707603931, -7141101.303191888146102 ], [ -7520002.630948442965746, -7141119.228954298421741 ], [ -7520119.293774795718491, -7141092.245980031788349 ], [ -7520256.995984906330705, -7141110.360414126887918 ], [ -7520352.285469025373459, -7141119.228954298421741 ], [ -7520447.686272635124624, -7141110.360414126887918 ], [ -7520564.237779496237636, -7141191.121104901656508 ], [ -7520739.009380041621625, -7141209.047071138396859 ], [ -7520882.054925709962845, -7141173.195179344154894 ], [ -7521019.757135822437704, -7141164.137885057367384 ], [ -7521189.296720299869776, -7141146.212020735256374 ], [ -7521316.534898276440799, -7141155.269294466823339 ], [ -7521443.661756762303412, -7141226.973078055307269 ], [ -7521639.695380049757659, -7141343.776161334477365 ], [ -7521888.605761463753879, -7141514.360827099531889 ], [ -7521941.593839081004262, -7141559.272004371508956 ], [ -7522036.994642690755427, -7141702.876263794489205 ], [ -7522137.627462368458509, -7141801.759032473899424 ], [ -7522248.83563366997987, -7141945.367700492963195 ], [ -7522328.317750096321106, -7142134.082140776328743 ], [ -7522402.456530964933336, -7142313.742477329447865 ], [ -7522519.008037824183702, -7142556.063941994681954 ], [ -7522619.640857502818108, -7142834.629577297717333 ], [ -7522688.547622304409742, -7143077.155762714333832 ], [ -7522746.879035479389131, -7143409.343791076913476 ], [ -7522815.674480790272355, -7143723.802831693552434 ], [ -7522858.087206782773137, -7143930.491913480684161 ], [ -7522900.499932774342597, -7144316.703543775714934 ], [ -7522921.650636024773121, -7144667.066307089291513 ], [ -7522942.801339276134968, -7144990.448319639079273 ], [ -7522953.376690901815891, -7145358.776362885721028 ], [ -7522921.650636024773121, -7145619.316054726950824 ], [ -7522889.81326165702194, -7146104.546943509951234 ], [ -7522842.168519597500563, -7146338.299156922847033 ], [ -7522805.099129163660109, -7146580.744142473675311 ], [ -7522730.960348296910524, -7146976.149364380165935 ], [ -7522630.327528618276119, -7147335.694509375840425 ], [ -7522529.583389450795949, -7147731.137539392337203 ], [ -7522476.706631324253976, -7148045.579871697351336 ], [ -7522349.46845334675163, -7148495.074740440584719 ], [ -7522222.341594860889018, -7148989.35977447964251 ], [ -7522084.639384749345481, -7149402.830215372145176 ], [ -7521968.087877889163792, -7149780.431321809999645 ], [ -7521798.548293412663043, -7150230.024977068416774 ], [ -7521538.951240881346166, -7150886.326557848602533 ], [ -7521417.167717953212559, -7151174.066073301248252 ], [ -7521237.052781850099564, -7151515.664091762155294 ], [ -7521168.146017048507929, -7151632.619465192779899 ], [ -7521030.443806937895715, -7151875.416039641946554 ], [ -7520903.316948452033103, -7152207.97444044239819 ], [ -7520627.801208738237619, -7152693.610456146299839 ], [ -7520474.180311444215477, -7152909.416282365098596 ], [ -7520230.501946097239852, -7153314.209848989732563 ], [ -7520087.456400428898633, -7153602.03788486123085 ], [ -7519801.365309088490903, -7154042.588187652640045 ], [ -7519621.250372987240553, -7154330.442788270302117 ], [ -7519483.436843384057283, -7154528.33710328862071 ], [ -7519245.101813594810665, -7154870.269347377121449 ], [ -7519033.260822615586221, -7155104.092241313308477 ], [ -7518667.687614851631224, -7155553.800208280794322 ], [ -7518471.653991564176977, -7155841.709936410188675 ], [ -7518201.481587408110499, -7156120.744751973077655 ], [ -7517984.297260870225728, -7156363.49038096703589 ], [ -7517730.043543898500502, -7156606.432540466077626 ], [ -7517481.021842994727194, -7156858.457486280240119 ], [ -7517020.159151109866798, -7157254.377894622273743 ], [ -7516797.631489013321698, -7157488.271443339064717 ], [ -7516538.034436483867466, -7157704.20842513255775 ], [ -7516045.334370234049857, -7158082.206912945024669 ], [ -7515780.505301635712385, -7158253.153646355494857 ], [ -7515377.862703436054289, -7158505.231195408850908 ], [ -7514964.644753612577915, -7158721.196011318825185 ], [ -7514832.174559568986297, -7158766.20518493372947 ], [ -7514731.541739891283214, -7158811.214615313336253 ], [ -7514690.353528297506273, -7158828.045938855968416 ], [ -7514599.07154584582895, -7158865.112800451926887 ], [ -7514445.450648551806808, -7158910.122795084491372 ], [ -7514270.679048006422818, -7158964.210775369778275 ], [ -7514106.371479596011341, -7158964.210775369778275 ], [ -7513889.187153057195246, -7158973.099395017139614 ], [ -7513735.566255763173103, -7158982.177144565619528 ], [ -7513571.370006843470037, -7159072.198726302012801 ], [ -7513396.598406298086047, -7159081.087467610836029 ], [ -7513131.658018209040165, -7159153.143378492444754 ], [ -7512909.13035611435771, -7159333.19147072173655 ], [ -7512649.533303584903479, -7159531.211291464045644 ], [ -7512474.761703039519489, -7159747.204193938523531 ], [ -7512305.222118561156094, -7159936.155548893846571 ], [ -7512098.613143648952246, -7160233.304421647451818 ], [ -7511833.784075051546097, -7160548.245266169309616 ], [ -7511627.175100139342248, -7160809.476010565645993 ], [ -7511447.060164036229253, -7160998.452810316346586 ], [ -7511235.107853566296399, -7161205.405570202507079 ], [ -7511065.568269087001681, -7161394.581032797694206 ], [ -7510954.360097783617675, -7161520.57440778054297 ], [ -7510858.959294174797833, -7161745.702715749852359 ], [ -7510774.24516168050468, -7161943.783103547990322 ], [ -7510673.61234200373292, -7162159.842073045670986 ], [ -7510594.130225579254329, -7162411.855283354409039 ], [ -7510519.991444708779454, -7162682.040551233105361 ], [ -7510398.096602291800082, -7162925.177362586371601 ], [ -7510255.051056621596217, -7163141.263215898536146 ], [ -7510064.360768891870975, -7163402.390622697770596 ], [ -7509794.188364737667143, -7163690.586919642053545 ], [ -7509550.509999390691519, -7164050.894410472363234 ], [ -7509301.488298487849534, -7164465.154823946766555 ], [ -7508999.589839454740286, -7164915.396732877939939 ], [ -7508702.923396490514278, -7165293.740935134701431 ], [ -7508485.627750461921096, -7165599.987803398631513 ], [ -7508337.350188725627959, -7165825.232583333738148 ], [ -7508014.189706952311099, -7166203.62043874617666 ], [ -7507770.511341605335474, -7166464.849261857569218 ], [ -7507351.950056223198771, -7166897.220908207818866 ], [ -7507034.132910009473562, -7167194.442838530987501 ], [ -7506710.972428236156702, -7167437.7188068497926 ], [ -7506350.742556028068066, -7167698.98851671256125 ], [ -7505905.798551328480244, -7167969.35498293954879 ], [ -7505338.848384717479348, -7168257.718230346217752 ], [ -7504941.549122077412903, -7168446.873586517758667 ], [ -7504231.664729288779199, -7168654.211247030645609 ], [ -7503638.331843359395862, -7168807.398463723249733 ], [ -7503188.044503102079034, -7169023.645558868534863 ], [ -7502785.401904902420938, -7169185.929454921744764 ], [ -7502562.985562297515571, -7169266.977972243912518 ], [ -7502176.261651282198727, -7169357.117021476849914 ], [ -7501657.067546221427619, -7169591.36974788364023 ], [ -7501418.621196942403913, -7169663.521747129037976 ], [ -7501121.954753978177905, -7169816.728575574234128 ], [ -7500724.655491337180138, -7169997.020275887101889 ], [ -7500454.483087182976305, -7170150.233585330657661 ], [ -7500256.779671532101929, -7170239.814563433639705 ], [ -7500216.148057391867042, -7170258.37480881344527 ], [ -7500046.608472915366292, -7170339.434351788833737 ], [ -7499877.068888436071575, -7170492.654315927065909 ], [ -7499654.54122634138912, -7170582.807379805482924 ], [ -7499485.001641863957047, -7170690.954537154175341 ], [ -7499336.724080126732588, -7170772.018528069369495 ], [ -7499077.127027596347034, -7170952.332076431252062 ], [ -7498828.105326691642404, -7171186.632207544520497 ], [ -7498473.218790043145418, -7171448.026182164438069 ], [ -7498309.022541123442352, -7171592.364830370992422 ], [ -7497969.943372166715562, -7171925.944967648014426 ], [ -7497766.45134299620986, -7172095.676566133275628 ], [ -7497699.770968010649085, -7172151.181107264012098 ], [ -7497487.818657540716231, -7172376.613124174065888 ], [ -7497238.796956636942923, -7172502.782091991975904 ], [ -7497053.45000446587801, -7172674.231148247607052 ], [ -7496783.277600309811532, -7172845.49448106624186 ], [ -7496513.105196154676378, -7172980.764832091517746 ], [ -7496147.531988389790058, -7173052.758402408100665 ], [ -7495993.911091095767915, -7173079.850889944471419 ], [ -7495792.645451741293073, -7173224.02995995618403 ], [ -7495649.599906071089208, -7173350.401957526803017 ], [ -7495639.024554445408285, -7173449.492662177421153 ], [ -7495676.093944881111383, -7173548.774082128889859 ], [ -7495760.808077374473214, -7173602.773089405149221 ], [ -7495893.278271418064833, -7173575.67880442366004 ], [ -7495993.911091095767915, -7173467.492063445970416 ], [ -7496105.119262397289276, -7173422.398904087953269 ], [ -7496227.014104816131294, -7173377.495468137785792 ], [ -7496380.635002111084759, -7173449.492662177421153 ], [ -7496560.749938215129077, -7173575.67880442366004 ], [ -7496677.301445075310767, -7173756.056497521698475 ], [ -7496762.126897059381008, -7173972.439386379905045 ], [ -7496799.196287494152784, -7174161.921400506980717 ], [ -7496809.771639118902385, -7174495.610302010551095 ], [ -7496815.00365518592298, -7174811.121320459991693 ], [ -7496740.86487431731075, -7175009.530213388614357 ], [ -7496677.301445075310767, -7175243.950977543368936 ], [ -7496539.599234964698553, -7175532.580461257137358 ], [ -7496274.658846875652671, -7176164.07723275385797 ], [ -7496163.450675572268665, -7176362.520190736278892 ], [ -7496062.81785589735955, -7176560.968145919032395 ], [ -7495940.92301347758621, -7176849.456321155652404 ], [ -7495750.232725748792291, -7177156.152441514655948 ], [ -7495612.530515636317432, -7177390.826631693169475 ], [ -7495469.484969967976213, -7177562.192490899004042 ], [ -7495257.532659498043358, -7177832.897481280378997 ], [ -7495109.255097761750221, -7177995.173278383910656 ], [ -7494918.453490540385246, -7178139.63188139628619 ], [ -7494658.856438010931015, -7178383.245891992934048 ], [ -7494521.154227899387479, -7178563.54406803753227 ], [ -7494351.614643421955407, -7178708.013091740198433 ], [ -7494229.8311204938218, -7178816.271799747832119 ], [ -7494033.797497208230197, -7179014.781561247073114 ], [ -7493917.245990347117186, -7179141.056848772801459 ], [ -7493821.845186736434698, -7179267.334160099737346 ], [ -7493620.579547382891178, -7179384.701824199408293 ], [ -7493408.627236912027001, -7179547.19919827952981 ], [ -7493159.716855498962104, -7179700.598277688026428 ], [ -7492984.833935461938381, -7179799.768864176236093 ], [ -7492651.09810206387192, -7179926.056733429431915 ], [ -7492502.820540327578783, -7180088.565273306332529 ], [ -7492274.949542672373354, -7180187.740743381902575 ], [ -7491930.638357649557292, -7180359.357077782973647 ], [ -7491549.257782191969454, -7180485.65391725115478 ], [ -7491321.386784539557993, -7180621.055480455979705 ], [ -7491151.847200061194599, -7180629.968550144694746 ], [ -7491088.283770818263292, -7180566.818720574490726 ], [ -7490950.581560706719756, -7180566.818720574490726 ], [ -7490955.924896263517439, -7180684.205744771286845 ], [ -7490897.593483087606728, -7180738.253670296631753 ], [ -7490828.686718287877738, -7180855.643248944543302 ], [ -7490632.764414491131902, -7180954.828375800512731 ], [ -7490558.625633623450994, -7180936.811864151619375 ], [ -7490426.155439578928053, -7180864.746229575015604 ], [ -7490373.167361960746348, -7180909.692350624129176 ], [ -7490330.754635969176888, -7180991.051171283237636 ], [ -7490246.040503474883735, -7181108.254865469411016 ], [ -7490182.477074231952429, -7181126.46142103523016 ], [ -7490129.488996614702046, -7181126.46142103523016 ], [ -7490071.157583437860012, -7181153.392028292641044 ], [ -7490129.488996614702046, -7181306.822385120205581 ], [ -7490150.639699866063893, -7181379.081721711903811 ], [ -7490150.639699866063893, -7181487.377139088697731 ], [ -7490134.721012682653964, -7181586.759882869198918 ], [ -7490124.14566105697304, -7181649.917888777330518 ], [ -7490060.582231813110411, -7181731.094688068144023 ], [ -7490055.238896255381405, -7181830.480506563559175 ], [ -7490039.431528563611209, -7181893.640466492623091 ], [ -7490012.937489753589034, -7181992.838663027621806 ], [ -7489986.443450945429504, -7182101.142518150620162 ], [ -7489896.385982892476022, -7182200.533005408011377 ], [ -7489763.915788849815726, -7182317.754695543088019 ], [ -7489493.743384694680572, -7182642.873818631283939 ], [ -7489250.065019347704947, -7182796.33318885602057 ], [ -7489069.950083244591951, -7182949.795548771508038 ], [ -7488868.573124399408698, -7183139.303874053061008 ], [ -7488709.720211036503315, -7183229.601736913435161 ], [ -7488545.523962116800249, -7183383.072538224048913 ], [ -7488280.583574029617012, -7183644.871411767788231 ], [ -7488058.055911933071911, -7183843.502884246408939 ], [ -7487846.214920952916145, -7184024.115791792981327 ], [ -7487602.536555607803166, -7184276.829038220457733 ], [ -7487316.445464269258082, -7184556.872106481343508 ], [ -7487125.75517653953284, -7184719.286469433456659 ], [ -7486876.73347563482821, -7185017.371076214127243 ], [ -7486686.043187906965613, -7185170.876716231927276 ], [ -7486495.352900177240372, -7185414.708265318535268 ], [ -7486352.307354507036507, -7185523.059181656688452 ], [ -7486124.436356853693724, -7185676.574678330682218 ], [ -7485849.031936632469296, -7185811.875736612826586 ], [ -7485658.341648901812732, -7185938.449798735789955 ], [ -7485329.837831571698189, -7186118.92098253685981 ], [ -7485059.665427415631711, -7186272.63787052128464 ], [ -7484699.43555520940572, -7186444.197051402181387 ], [ -7484423.919815495610237, -7186597.730504986830056 ], [ -7484084.951966029591858, -7186814.466383781284094 ], [ -7483724.722093823365867, -7187058.348826330155134 ], [ -7483216.103340390138328, -7187374.363380764611065 ], [ -7482898.286194173619151, -7187537.025665731169283 ], [ -7482749.897312948480248, -7187618.2631641253829 ], [ -7482553.863689661026001, -7187717.723298626020551 ], [ -7482405.586127922870219, -7187762.898354739882052 ], [ -7482214.895840195007622, -7187907.346386794932187 ], [ -7482024.09423297457397, -7188042.875596258789301 ], [ -7481918.118077739141881, -7188078.941185011528432 ], [ -7481806.909906437620521, -7188223.584837513975799 ], [ -7481637.370321958325803, -7188386.074839135631919 ], [ -7481462.598721413873136, -7188467.510926058515906 ], [ -7481287.715801376849413, -7188603.049777285195887 ], [ -7480890.416538736782968, -7188855.910004877485335 ], [ -7480683.807563823647797, -7189000.567930704914033 ], [ -7480530.186666528694332, -7189063.785417811945081 ], [ -7480397.716472486034036, -7189181.109306516125798 ], [ -7480106.393365079537034, -7189289.512058490887284 ], [ -7479968.691154967993498, -7189370.957489755935967 ], [ -7479809.726922115311027, -7189452.213911064900458 ], [ -7479449.49704990722239, -7189678.141545683145523 ], [ -7479147.487271385267377, -7189822.624717308208346 ], [ -7478840.245476797223091, -7190012.29850366525352 ], [ -7478559.497721016407013, -7190166.091414652764797 ], [ -7478299.900668486952782, -7190301.46963594853878 ], [ -7478077.373006389476359, -7190455.07831902615726 ], [ -7477748.980508550070226, -7190644.957223748788238 ], [ -7477568.865572446025908, -7190753.380132342688739 ], [ -7477496.173944958485663, -7190815.282497567124665 ], [ -7477491.60984583478421, -7190819.270089926198125 ], [ -7477303.925184358842671, -7190979.345108267851174 ], [ -7477097.3162094457075, -7191078.657817346043885 ], [ -7476964.846015403047204, -7191268.361866078339517 ], [ -7476774.15572767239064, -7191395.023670773953199 ], [ -7476578.12210438773036, -7191476.300984645262361 ], [ -7476424.612526582553983, -7191440.219830526970327 ], [ -7476302.717684163711965, -7191376.793360447511077 ], [ -7476223.235567737370729, -7191358.752990742214024 ], [ -7476085.533357625827193, -7191322.672375351190567 ], [ -7476048.46396719198674, -7191395.023670773953199 ], [ -7476090.765373693779111, -7191467.185730098746717 ], [ -7476143.753451311029494, -7191548.653691971674562 ], [ -7476165.015474052168429, -7191657.089046968147159 ], [ -7476138.521435244008899, -7191720.327868204563856 ], [ -7476154.328802935779095, -7191792.682818313129246 ], [ -7476191.398193370550871, -7191892.005788197740912 ], [ -7476334.443739040754735, -7191964.362316214479506 ], [ -7476472.25726864207536, -7192045.645508316345513 ], [ -7476620.534830379299819, -7192118.003448495641351 ], [ -7476684.098259622231126, -7192199.288227001205087 ], [ -7476758.348359980620444, -7192316.848772230558097 ], [ -7476763.580376048572361, -7192425.294709111563861 ], [ -7476710.592298429459333, -7192461.380378391593695 ], [ -7476710.592298429459333, -7192524.625660938210785 ], [ -7476784.842398790642619, -7192606.104566701687872 ], [ -7476795.417750414460897, -7192651.117750415578485 ], [ -7476763.580376048572361, -7192777.80180512368679 ], [ -7476705.360282363370061, -7192877.137205108068883 ], [ -7476594.040791570208967, -7192904.297962914220989 ], [ -7476451.106565391644835, -7192976.663796068169177 ], [ -7476329.211722972802818, -7192868.210263218730688 ], [ -7476371.6244489653036, -7192750.641483772546053 ], [ -7476435.187878207303584, -7192642.191064830869436 ], [ -7476345.130410156212747, -7192551.785202487371862 ], [ -7476260.304958171211183, -7192479.423275063745677 ], [ -7476186.166177303530276, -7192425.294709111563861 ], [ -7476223.235567737370729, -7192343.81767476350069 ], [ -7476302.717684163711965, -7192271.647579412907362 ], [ -7476323.868387414142489, -7192163.203759118914604 ], [ -7476249.729606546461582, -7192126.929539692588151 ], [ -7476127.946083618327975, -7192099.961380171589553 ], [ -7476011.394576757214963, -7192090.845403480343521 ], [ -7475915.993773148395121, -7192090.845403480343521 ], [ -7475852.430343904532492, -7192099.961380171589553 ], [ -7475783.523579102940857, -7192118.003448495641351 ], [ -7475704.041462678462267, -7192172.129901565611362 ], [ -7475624.670665741898119, -7192253.605158956721425 ], [ -7475492.200471698306501, -7192343.81767476350069 ], [ -7475359.73027765378356, -7192461.380378391593695 ], [ -7475158.46463830024004, -7192660.234375929459929 ], [ -7474861.798195336014032, -7192922.341874800622463 ], [ -7474554.556400746107101, -7193193.575344523414969 ], [ -7474289.616012657061219, -7193428.537942574359477 ], [ -7474019.443608502857387, -7193636.534130173735321 ], [ -7473680.36443954706192, -7193871.50995097309351 ], [ -7473495.017487375997007, -7193943.884676587767899 ], [ -7473314.902551272884011, -7194061.281315974891186 ], [ -7473102.950240801088512, -7194323.625441903248429 ], [ -7472859.271875455975533, -7194486.241397025994956 ], [ -7472501.491032044403255, -7194754.679056469351053 ], [ -7472157.625124985352159, -7194884.056739331223071 ], [ -7471725.594181216321886, -7194938.392200614325702 ], [ -7471540.135909555479884, -7194947.321490629576147 ], [ -7471291.114208651706576, -7194874.937537834979594 ], [ -7470883.239594384096563, -7194829.911635312251747 ], [ -7470480.596996184438467, -7194793.625124935992062 ], [ -7470231.68661477137357, -7194902.105190111324191 ], [ -7470046.228343109600246, -7194956.440775991417468 ], [ -7469781.287955022417009, -7195064.923085229471326 ], [ -7469352.262637503445148, -7195155.357816788367927 ], [ -7469034.334171799011528, -7195236.673966840840876 ], [ -7468684.790970708243549, -7195227.554356783628464 ], [ -7468356.287153377197683, -7195064.923085229471326 ], [ -7468144.334842905402184, -7195073.852518791332841 ], [ -7467858.355071058496833, -7194974.489392751827836 ], [ -7467672.896799396723509, -7195073.852518791332841 ], [ -7467455.712472858838737, -7195191.456004003062844 ], [ -7467259.678849573247135, -7195426.47824970446527 ], [ -7467137.895326643250883, -7195679.747749971225858 ], [ -7466936.518367799930274, -7195860.632382061332464 ], [ -7466904.792312922887504, -7196014.349585926160216 ], [ -7466777.554134947247803, -7196122.846477875486016 ], [ -7466714.43598366715014, -7196331.673952678218484 ], [ -7466533.987089090049267, -7196647.300880029797554 ], [ -7466361.664517342112958, -7196843.030137751251459 ], [ -7465724.917030004784465, -7197113.828642128966749 ], [ -7465223.868001944385469, -7197334.275006708689034 ], [ -7465051.322791215032339, -7197410.292426354251802 ], [ -7464560.515156308189034, -7197624.095356079749763 ], [ -7464378.953066823072731, -7197676.359177976846695 ], [ -7463953.378653521649539, -7197935.782922402024269 ], [ -7463679.866664641536772, -7198102.464815228246152 ], [ -7463440.19580096565187, -7198338.904479867778718 ], [ -7463248.503637818619609, -7198386.231278926134109 ], [ -7462837.734716790728271, -7198767.897154353559017 ], [ -7462630.680463916622102, -7199001.505570600740612 ], [ -7462367.855146151967347, -7199103.580749932676554 ], [ -7461628.359768813475966, -7199134.564725551754236 ], [ -7461527.726949134841561, -7199179.805350800976157 ], [ -7461464.163519892841578, -7199324.463045160286129 ], [ -7461326.349990290589631, -7199568.733388552442193 ], [ -7461141.003038119524717, -7199605.041923526674509 ], [ -7460960.776782526634634, -7199722.523043429479003 ], [ -7460812.499220789410174, -7199785.826704205013812 ], [ -7460616.465597501955926, -7199794.951598208397627 ], [ -7460489.338739016093314, -7199858.25584171153605 ], [ -7460314.567138470709324, -7199948.74567474797368 ], [ -7460155.602905618026853, -7199984.865856695920229 ], [ -7460023.132711573503911, -7199984.865856695920229 ], [ -7459911.924540271982551, -7199984.865856695920229 ], [ -7459811.291720594279468, -7200093.417506728321314 ], [ -7459694.740213733166456, -7200247.217417380772531 ], [ -7459572.845371314324439, -7200355.962802652269602 ], [ -7459525.200629254803061, -7200482.580826878547668 ], [ -7459302.672967160120606, -7200663.575895173475146 ], [ -7459127.901366612873971, -7200708.635188682936132 ], [ -7458921.292391702532768, -7200735.822988498955965 ], [ -7458799.397549283690751, -7200753.884865490719676 ], [ -7458751.752807224169374, -7200790.198869979940355 ], [ -7458640.433316429145634, -7200916.82388268597424 ], [ -7458587.445238813757896, -7200989.263432491570711 ], [ -7458576.86988718714565, -7201034.514723314903677 ], [ -7458561.062519496306777, -7201143.080856267362833 ], [ -7458539.800496754236519, -7201269.711548594757915 ], [ -7458508.074441877193749, -7201351.090907146222889 ], [ -7458449.743028701283038, -7201450.724725940264761 ], [ -7458327.959505775012076, -7201595.424179148860276 ], [ -7458206.064663354307413, -7201703.998052663169801 ], [ -7458063.019117685966194, -7201812.573424599133432 ], [ -7457935.892259200103581, -7201866.956748559139669 ], [ -7457612.731777426786721, -7201993.599092848598957 ], [ -7457406.12280251365155, -7202138.498690132983029 ], [ -7457215.432514785788953, -7202247.080058889463544 ], [ -7457035.31757868360728, -7202319.341695272363722 ], [ -7456839.283955396153033, -7202391.794160242192447 ], [ -7456611.524277231656015, -7202563.705041040666401 ], [ -7456431.409341128543019, -7202735.80985176935792 ], [ -7456230.032382283359766, -7202907.728250519372523 ], [ -7456092.330172172747552, -7203034.387350588105619 ], [ -7455739.892664321698248, -7203245.680568128824234 ], [ -7455416.732182548381388, -7203363.216065572574735 ], [ -7454818.055961062200367, -7203643.939019959419966 ], [ -7454590.296282898634672, -7203797.80835850071162 ], [ -7454357.193269177339971, -7203951.680706925690174 ], [ -7454087.020865022204816, -7204150.825285282917321 ], [ -7453837.999164118431509, -7204395.245532128959894 ], [ -7453673.802915198728442, -7204503.858055794611573 ], [ -7453361.217785050161183, -7204684.755447895266116 ], [ -7453144.033458512276411, -7204893.049396296031773 ], [ -7452831.448328365571797, -7205182.767867885529995 ], [ -7452783.80358630605042, -7205481.43826443515718 ], [ -7452728.811757853254676, -7205934.982388349249959 ], [ -7452725.472173130139709, -7205962.568759776651859 ], [ -7452857.942367175593972, -7206160.432466551661491 ], [ -7452932.192467533051968, -7206350.690725171007216 ], [ -7452884.43640598282218, -7206658.538335971534252 ], [ -7452577.194611393846571, -7207075.046032932586968 ], [ -7452179.895348751917481, -7207446.287337366491556 ], [ -7451835.584163729101419, -7207718.021963069215417 ], [ -7451406.447526721283793, -7207980.631573397666216 ], [ -7451099.205732132308185, -7208143.720361492596567 ], [ -7450707.13848555739969, -7208288.542995727621019 ], [ -7450256.851145298220217, -7208596.466474927030504 ], [ -7449960.184702334925532, -7208949.698862592689693 ], [ -7449668.75027543772012, -7209248.512355033308268 ], [ -7449340.357777597382665, -7209647.074902968481183 ], [ -7448916.564476147294044, -7210036.71121022105217 ], [ -7448646.392071991227567, -7210281.314458021894097 ], [ -7448476.852487512864172, -7210380.87111044395715 ], [ -7448270.243512602522969, -7210516.787963679991663 ], [ -7447978.920405196025968, -7210906.277001693844795 ], [ -7447735.130720359273255, -7211006.031941009685397 ], [ -7447549.783768187277019, -7211259.613171679899096 ], [ -7447269.036012407392263, -7211458.94289820548147 ], [ -7446993.52027269359678, -7211622.103847283869982 ], [ -7446718.004532979801297, -7211776.129367076791823 ], [ -7446315.361934782005847, -7211884.843880533240736 ], [ -7445976.394085315987468, -7211875.704949374310672 ], [ -7445616.164213108830154, -7212120.365416929125786 ], [ -7445345.991808953694999, -7212238.224032576195896 ], [ -7444826.797703892923892, -7212328.856415348127484 ], [ -7444461.224496129900217, -7212428.438998593948781 ], [ -7444169.901388723403215, -7212455.667343248613179 ], [ -7443730.189400088973343, -7212582.480316680856049 ], [ -7443417.604269941337407, -7212627.798361863009632 ], [ -7443152.775201343931258, -7212618.848979298956692 ], [ -7443041.567030042409897, -7212627.798361863009632 ], [ -7442792.545329135842621, -7212781.843586320988834 ], [ -7442432.204137439839542, -7213017.391997165046632 ], [ -7442151.456381657160819, -7213243.997371643781662 ], [ -7442013.754171547479928, -7213180.585293541662395 ], [ -7441658.756315407343209, -7213243.997371643781662 ], [ -7441250.881701140664518, -7213452.51817190926522 ], [ -7440885.308493374846876, -7213597.438625155948102 ], [ -7440302.66227856464684, -7213923.662246425636113 ], [ -7439947.664422424510121, -7214096.015859926119447 ], [ -7439492.145066097378731, -7214331.603652279824018 ], [ -7438967.607625480741262, -7214512.917739489115775 ], [ -7438713.353908509016037, -7214675.951624158769846 ], [ -7438263.066568247973919, -7214848.321733395569026 ], [ -7437886.918008859269321, -7215002.410478331148624 ], [ -7437648.582979071885347, -7215210.787454511038959 ], [ -7437245.940380870364606, -7215401.264843099750578 ], [ -7436943.930602349340916, -7215573.4603749550879 ], [ -7436461.917207214981318, -7215664.131219832226634 ], [ -7436181.169451435096562, -7215845.285557053983212 ], [ -7436146.660409288480878, -7215858.810391156002879 ], [ -7435810.252908110618591, -7215990.440625823102891 ], [ -7435375.88425503578037, -7216235.229195860214531 ], [ -7434787.783385175280273, -7216488.979169671423733 ], [ -7434406.40280971582979, -7216751.881927561946213 ], [ -7434099.161015126854181, -7216788.269886154681444 ], [ -7433934.964766208082438, -7216733.78326743748039 ], [ -7433760.081846171058714, -7216652.244557622820139 ], [ -7433447.4967160243541, -7216860.665278610773385 ], [ -7433341.6318802786991, -7216951.350974223576486 ], [ -7433209.161686233244836, -7217196.169474589638412 ], [ -7433039.622101756744087, -7217259.613956658169627 ], [ -7432817.094439662061632, -7217214.269199540838599 ], [ -7432626.404151930473745, -7217187.214889234863222 ], [ -7432366.807099402882159, -7217431.850208193063736 ], [ -7432234.33690535929054, -7217667.728544311597943 ], [ -7432107.210046873427927, -7217849.119608473964036 ], [ -7431958.932485135272145, -7217912.569361937232316 ], [ -7431768.130877917632461, -7218003.267196320928633 ], [ -7431551.057870868593454, -7218148.271580816246569 ], [ -7431302.036169965751469, -7218238.972135495394468 ], [ -7431058.357804618775845, -7218084.819924336858094 ], [ -7430856.980845772661269, -7218102.921696027740836 ], [ -7430851.748829706571996, -7218102.921696027740836 ], [ -7430761.691361653618515, -7218266.220615857280791 ], [ -7430666.29055804386735, -7218347.776072705164552 ], [ -7430586.808441617526114, -7218420.376385373994708 ], [ -7430465.024918689392507, -7218483.830751247704029 ], [ -7430274.223311469890177, -7218565.388466471806169 ], [ -7430152.439788542687893, -7218646.947028134018183 ], [ -7430051.80696886498481, -7218783.006886388175189 ], [ -7429993.475555690005422, -7218928.216224529780447 ], [ -7429929.912126446142793, -7219091.341725876554847 ], [ -7429882.267384388484061, -7219236.556761764921248 ], [ -7429966.981516880914569, -7219272.765653260052204 ], [ -7430072.957672116346657, -7219290.870161573402584 ], [ -7430141.864436916075647, -7219408.836347622796893 ], [ -7430099.451710923574865, -7219553.866670501418412 ], [ -7430019.969594498164952, -7219689.942232582718134 ], [ -7429940.487478072755039, -7219726.343797844834626 ], [ -7429818.703955142758787, -7219816.87198187597096 ], [ -7429691.577096656896174, -7219717.195744637399912 ], [ -7429622.670331857167184, -7219581.119710612110794 ], [ -7429506.118824996054173, -7219499.551452885381877 ], [ -7429368.416614885441959, -7219472.298695670440793 ], [ -7429182.958343224599957, -7219463.150938210077584 ], [ -7428992.268055494874716, -7219526.80430462025106 ], [ -7428790.891096649691463, -7219617.330189849250019 ], [ -7428732.671002965420485, -7219735.301276927813888 ], [ -7428732.671002965420485, -7219844.125934164971113 ], [ -7428790.891096649691463, -7219962.100426233373582 ], [ -7428886.291900259442627, -7220061.779770153574646 ], [ -7429018.762094304896891, -7220043.67348559293896 ], [ -7429188.301678782328963, -7220007.461041637696326 ], [ -7429336.5792405186221, -7219980.206522830761969 ], [ -7429389.567318134941161, -7219971.058174072764814 ], [ -7429532.612863806076348, -7219962.100426233373582 ], [ -7429601.51962860673666, -7220052.821918893605471 ], [ -7429654.507706223987043, -7220234.268046560697258 ], [ -7429665.083057848736644, -7220515.403462796472013 ], [ -7429696.809112725779414, -7220687.711089622229338 ], [ -7429659.739722291938961, -7220959.903845159336925 ], [ -7429596.176293048076332, -7221177.588591020554304 ], [ -7429484.968121746554971, -7221340.760796506889164 ], [ -7429357.729943769983947, -7221422.538795724511147 ], [ -7429241.289756399579346, -7221631.086077954620123 ], [ -7429182.958343224599957, -7222021.316931735724211 ], [ -7429182.958343224599957, -7222157.244589512236416 ], [ -7429071.750171921215951, -7222347.890427987091243 ], [ -7428955.19866506010294, -7222529.389564749784768 ], [ -7428785.659080582670867, -7222692.589847697876394 ], [ -7428616.119496104307473, -7222837.871456476859748 ], [ -7428367.097795200534165, -7222973.813242638483644 ], [ -7428065.199336169287562, -7223155.32684038951993 ], [ -7427879.741064506582916, -7223237.123729467391968 ], [ -7427704.969463961198926, -7223354.958507386036217 ], [ -7427530.086543926037848, -7223418.452736994251609 ], [ -7427291.751514135859907, -7223463.833311652764678 ], [ -7426958.015680739656091, -7223572.709624824114144 ], [ -7426719.569331458769739, -7223627.243686865083873 ], [ -7426512.96035654656589, -7223736.122264811769128 ], [ -7426078.591703471727669, -7223872.270280617289245 ], [ -7425824.337986499071121, -7223953.88394786324352 ], [ -7425548.822246787138283, -7224099.188883952796459 ], [ -7425199.167726205661893, -7224080.882602296769619 ], [ -7424997.902086850255728, -7223990.114585911855102 ], [ -7424844.169870064593852, -7223917.653476909734309 ], [ -7424621.753527459688485, -7223826.88734650798142 ], [ -7424378.07516211271286, -7223881.232487682253122 ], [ -7424235.029616444371641, -7223899.538304092362523 ], [ -7424001.926602724008262, -7223917.653476909734309 ], [ -7423906.525799114257097, -7224171.651667477563024 ], [ -7423906.525799114257097, -7224353.192944329231977 ], [ -7424023.077305974438787, -7224562.008739828132093 ], [ -7424134.285477275960147, -7224707.134219644591212 ], [ -7424261.523655253462493, -7224852.262380673550069 ], [ -7424473.364646231755614, -7224952.194499744102359 ], [ -7424637.672214644029737, -7225070.24572111107409 ], [ -7424923.651986490935087, -7225179.144301353953779 ], [ -7425156.755000213161111, -7225133.753816466778517 ], [ -7425379.282662307843566, -7225133.753816466778517 ], [ -7425464.108114291913807, -7225233.498798524960876 ], [ -7425522.328207976184785, -7225442.337996874004602 ], [ -7425538.246895162388682, -7225642.027793012559414 ], [ -7425501.177504726685584, -7225896.081748209893703 ], [ -7425432.270739926956594, -7226104.938563890755177 ], [ -7425373.939326751045883, -7226259.24821693263948 ], [ -7425278.649842632003129, -7226413.560901595279574 ], [ -7425183.249039020389318, -7226585.997945584356785 ], [ -7425114.453593710437417, -7226776.560542615130544 ], [ -7425003.134102919138968, -7226940.039848386310041 ], [ -7424886.582596058025956, -7227067.086792785674334 ], [ -7424722.38634713832289, -7227121.645120383240283 ], [ -7424589.916153092868626, -7227121.645120383240283 ], [ -7424409.80121698975563, -7227112.488451523706317 ], [ -7424245.604968070983887, -7226985.440772716887295 ], [ -7424171.466187200509012, -7226976.284262648783624 ], [ -7424293.249710130505264, -7227176.013061603531241 ], [ -7424409.80121698975563, -7227248.695002470165491 ], [ -7424595.259488651528955, -7227284.940841125324368 ], [ -7424759.455737572163343, -7227321.377615948207676 ], [ -7424934.227338117547333, -7227312.220714226365089 ], [ -7425008.477438475005329, -7227475.711170048452914 ], [ -7425040.203493352048099, -7227702.733899702318013 ], [ -7424997.902086850255728, -7227847.917421671561897 ], [ -7424891.925931615754962, -7228165.766144245862961 ], [ -7424695.892308328300714, -7228429.059941529296339 ], [ -7424521.009388291276991, -7228728.615068386308849 ], [ -7424362.156474930234253, -7229019.213540091179311 ], [ -7424171.466187200509012, -7229282.53595273848623 ], [ -7424044.228009223937988, -7229391.492953890934587 ], [ -7423848.305705429054797, -7229391.492953890934587 ], [ -7423689.341472575441003, -7229200.866897579282522 ], [ -7423593.940668966621161, -7229019.213540091179311 ], [ -7423578.133301274850965, -7228855.690949672833085 ], [ -7423588.70865289773792, -7228819.437860991805792 ], [ -7423731.754198567941785, -7228737.773621702566743 ], [ -7423832.387018244713545, -7228746.741382173262537 ], [ -7423986.00791553966701, -7228783.184939669445157 ], [ -7424060.14669640827924, -7228719.456525751389563 ], [ -7423948.938525104895234, -7228492.595201603136957 ], [ -7423832.387018244713545, -7228356.367076251655817 ], [ -7423694.573488641530275, -7228310.958226254209876 ], [ -7423535.720575282350183, -7228301.800170675851405 ], [ -7423371.524326361715794, -7228238.266454132273793 ], [ -7423265.548171126283705, -7228338.241663464345038 ], [ -7423223.135445133782923, -7228674.236378053203225 ], [ -7423350.262303619645536, -7228928.388437041081488 ], [ -7423509.22653647325933, -7229110.039693593978882 ], [ -7423625.778043332509696, -7229309.822765599936247 ], [ -7423694.573488641530275, -7229663.987483798526227 ], [ -7423742.329550193622708, -7229863.784649379551411 ], [ -7423668.079449834302068, -7230109.005884070880711 ], [ -7423472.157146036624908, -7230417.785614896565676 ], [ -7423281.355538818985224, -7230772.000308859162033 ], [ -7423117.159289898350835, -7230998.927494476549327 ], [ -7423011.29445415455848, -7231216.890646446496248 ], [ -7422878.824260109104216, -7231380.462414885871112 ], [ -7422698.70932400599122, -7231752.853794324211776 ], [ -7422534.401755595579743, -7232070.860618920065463 ], [ -7422402.042881041765213, -7232352.420028320513666 ], [ -7422237.735312631353736, -7232742.993052065372467 ], [ -7422009.975634468719363, -7233070.203592063859105 ], [ -7421982.145761769264936, -7233112.585418027825654 ], [ -7421718.652527063153684, -7233515.415095499716699 ], [ -7421517.275568216107786, -7233942.322563932277262 ], [ -7421337.160632114857435, -7234251.25308997835964 ], [ -7421066.988227958790958, -7234696.531578413210809 ], [ -7420881.641275787726045, -7235087.412200383841991 ], [ -7420669.688965316861868, -7235468.954900520853698 ], [ -7420452.504638778977096, -7235714.351271283812821 ], [ -7420150.494860257953405, -7236041.494706096127629 ], [ -7419869.747104476206005, -7236314.220144405961037 ], [ -7419578.423997071571648, -7236586.95505890250206 ], [ -7419138.712008437141776, -7236923.111969358287752 ], [ -7418847.277581540867686, -7237077.825385196134448 ], [ -7418587.791848502121866, -7237486.780098205432296 ], [ -7418232.793992361053824, -7237768.533832055516541 ], [ -7417846.07008134573698, -7237986.685026184655726 ], [ -7417713.599887301214039, -7238023.17150079458952 ], [ -7417708.367871233262122, -7238214.011898810975254 ], [ -7417740.093926110304892, -7238323.092929244041443 ], [ -7417639.461106433533132, -7238450.324207689613104 ], [ -7417549.403638382442296, -7238668.685398625209928 ], [ -7417417.044763829559088, -7238950.481566513888538 ], [ -7417199.749117800034583, -7239186.816052421927452 ], [ -7416940.152065269649029, -7239523.275404150597751 ], [ -7416616.991583497263491, -7239932.548643571324646 ], [ -7416230.267672481015325, -7240332.67112784460187 ], [ -7415912.450526267290115, -7240678.161013476550579 ], [ -7415462.163186009041965, -7241151.132286437787116 ], [ -7415043.60190062597394, -7241523.98751400783658 ], [ -7414524.519115056842566, -7242005.992695202119648 ], [ -7414100.614494116045535, -7242369.714064905419946 ], [ -7413735.152605840004981, -7242688.151344922371209 ], [ -7413327.166672084480524, -7243152.068398415111005 ], [ -7413072.912955110892653, -7243324.873521585948765 ], [ -7412712.683082904666662, -7243652.525543472729623 ], [ -7412331.302507447078824, -7243961.838549527339637 ], [ -7411949.810612497851253, -7244243.824876642785966 ], [ -7411753.77698921225965, -7244352.989762591198087 ], [ -7411510.098623865284026, -7244489.495802824385464 ], [ -7411329.98368776217103, -7244571.324091645888984 ], [ -7410985.672502738423645, -7244753.337738667614758 ], [ -7410821.476253817789257, -7244926.178136031143367 ], [ -7410636.017982156015933, -7245080.858224929310381 ], [ -7410381.764265184290707, -7245353.898013052530587 ], [ -7410010.959041353315115, -7245745.118642487563193 ], [ -7409693.03057564701885, -7245981.657881370745599 ], [ -7409380.556764989160001, -7246309.420887372456491 ], [ -7408914.350737547501922, -7246627.826886569149792 ], [ -7408569.928233033977449, -7246800.708590695634484 ], [ -7408299.755828876979649, -7246846.224540243856609 ], [ -7408082.5715023400262, -7246764.372518034651875 ], [ -7407860.155159735120833, -7246728.036613694392145 ], [ -7407658.77820088993758, -7246737.024953308515251 ], [ -7407558.145381214097142, -7246873.572485693730414 ], [ -7407626.940826524049044, -7246973.785352389328182 ], [ -7407822.974449811503291, -7247028.290979654528201 ], [ -7407992.514034288935363, -7247055.639559891074896 ], [ -7408151.478267141617835, -7247073.808249828405678 ], [ -7408358.087242054753006, -7247055.639559891074896 ], [ -7408448.144710104912519, -7247101.156988768838346 ], [ -7408464.063397290185094, -7247301.398562817834318 ], [ -7408538.202178156934679, -7247456.125495980493724 ], [ -7408596.422271842136979, -7247619.844832737930119 ], [ -7408665.329036642797291, -7247874.802426900714636 ], [ -7408744.811153070069849, -7248020.359578435309231 ], [ -7408861.362659930251539, -7248029.540671988390386 ], [ -7408924.926089172251523, -7248002.188695796765387 ], [ -7409062.628299283795059, -7248156.929454090073705 ], [ -7409105.041025277227163, -7248511.945746464654803 ], [ -7409041.477596033364534, -7248885.150995661504567 ], [ -7408935.501440798863769, -7249331.260735045187175 ], [ -7408750.043169137090445, -7249813.745885892771184 ], [ -7408559.352881407365203, -7250205.380361372604966 ], [ -7408098.490189524367452, -7250733.4578100387007 ], [ -7407870.730511360801756, -7251052.234815268777311 ], [ -7407658.77820088993758, -7251225.214076099917293 ], [ -7407347.083626669831574, -7251543.628355686552823 ], [ -7407188.119393815286458, -7251707.624408297240734 ], [ -7407055.649199773557484, -7251844.258511192165315 ], [ -7406896.796286408789456, -7251989.889356816187501 ], [ -7406653.117921063676476, -7252208.436384120024741 ], [ -7406451.740962218493223, -7252399.813564522191882 ], [ -7406197.487245246767998, -7252654.735223540104926 ], [ -7405980.302918709814548, -7252900.66975374519825 ], [ -7405757.775256615132093, -7253055.507201054133475 ], [ -7405477.027500831522048, -7253283.271178679540753 ], [ -7405238.581151554360986, -7253456.299664676189423 ], [ -7405031.972176641225815, -7253583.776633755303919 ], [ -7404862.543911655433476, -7253720.443434253334999 ], [ -7404698.236343244090676, -7253829.740307013504207 ], [ -7404438.639290713705122, -7254021.157064982689917 ], [ -7404343.349806594662368, -7254057.526777325198054 ], [ -7404009.613973194733262, -7254285.319865832105279 ], [ -7403818.812365976162255, -7254421.807466991245747 ], [ -7403538.064610195346177, -7254613.238680964335799 ], [ -7403209.672112355940044, -7254841.04791655484587 ], [ -7402987.144450261257589, -7255050.485104555264115 ], [ -7402324.904799532145262, -7256080.139778341166675 ], [ -7402144.789863427169621, -7256681.568154426291585 ], [ -7401932.837552957236767, -7257264.658818576484919 ], [ -7401678.583835985511541, -7257756.824924112297595 ], [ -7401509.044251508079469, -7258221.6342848893255 ], [ -7401397.836080203764141, -7258458.741724005900323 ], [ -7401307.778612152673304, -7258631.884482147172093 ], [ -7401175.308418109081686, -7258841.422979477792978 ], [ -7400905.136013953015208, -7259288.0996083477512 ], [ -7400703.870374600403011, -7259589.026903678663075 ], [ -7400475.999376945197582, -7259807.785888522863388 ], [ -7400121.112840297631919, -7259926.171142919920385 ], [ -7399935.654568634927273, -7260008.352249718271196 ], [ -7400004.561333434656262, -7260108.54157124646008 ], [ -7399877.434474950656295, -7260154.134841421619058 ], [ -7399718.470242097042501, -7260227.122939553111792 ], [ -7399453.641173498705029, -7260236.126767788082361 ], [ -7399559.617328734137118, -7260363.905615453608334 ], [ -7399533.12328992690891, -7260473.295159729197621 ], [ -7399480.135212308727205, -7260682.882895090617239 ], [ -7399437.722486316226423, -7260892.667822758667171 ], [ -7399289.333605088293552, -7261047.663216777145863 ], [ -7398849.621616455726326, -7261348.466486755758524 ], [ -7398341.114182512275875, -7261558.269232953898609 ], [ -7398039.104403989389539, -7261603.870938260108232 ], [ -7397705.3685705922544, -7261612.87634841632098 ], [ -7397159.791746214032173, -7261594.67393431533128 ], [ -7396108.156516689807177, -7261612.493139262311161 ], [ -7395618.128118217922747, -7261589.692228350788355 ], [ -7395148.025908597745001, -7261612.493139262311161 ], [ -7394975.814656341448426, -7261680.896270050667226 ], [ -7394532.206485529430211, -7261612.493139262311161 ], [ -7394181.216131058521569, -7261646.598827317357063 ], [ -7393982.510839991271496, -7261874.6125777233392 ], [ -7393671.261543734930456, -7262136.740784270688891 ], [ -7393366.691416923888028, -7262399.069383450783789 ], [ -7392982.527854195795953, -7262626.913401098921895 ], [ -7392644.895838621072471, -7262809.346692429855466 ], [ -7392446.190547552891076, -7262775.235943270847201 ], [ -7392194.608498360961676, -7262832.151152495294809 ], [ -7391896.606221507303417, -7262798.040304065681994 ], [ -7391757.568177506327629, -7262695.325387605465949 ], [ -7391750.889008059166372, -7262558.502011865377426 ], [ -7391472.812920057214797, -7262649.717330235056579 ], [ -7390863.561346947215497, -7262786.542298731394112 ], [ -7390512.570992474444211, -7262854.955678929574788 ], [ -7389837.084322340786457, -7262934.67622565291822 ], [ -7389757.602205916307867, -7263151.420562298037112 ], [ -7389717.972467192448676, -7263561.737267404794693 ], [ -7389784.096244723536074, -7263789.806753889657557 ], [ -7389646.394034612923861, -7264000.633192298933864 ], [ -7389459.711248552426696, -7264325.70034471154213 ], [ -7389254.438107527792454, -7264496.672678949311376 ], [ -7388923.26262241974473, -7264770.389519777148962 ], [ -7388737.915670248679817, -7264975.683426038362086 ], [ -7388393.493165733292699, -7265226.413812938146293 ], [ -7387651.882718069478869, -7265625.528733297251165 ], [ -7387022.816275597549975, -7265887.782459282316267 ], [ -7386406.996852528303862, -7266058.980599710717797 ], [ -7385930.215473460964859, -7266150.236680201254785 ], [ -7385380.519827923737466, -7266184.362126239575446 ], [ -7384996.467584686353803, -7266218.679438173770905 ], [ -7384440.204089192673564, -7266401.004661124199629 ], [ -7383943.496521271765232, -7266515.079908163286746 ], [ -7383599.185336249880493, -7266617.844914297573268 ], [ -7383036.353990799747407, -7266720.41953900270164 ], [ -7382347.620301260612905, -7266834.499437449499965 ], [ -7382051.510455750860274, -7266864.984935299493372 ], [ -7381460.292640146799386, -7266925.764552363194525 ], [ -7381102.734435718506575, -7266994.214086327701807 ], [ -7380870.967255887575448, -7267131.114948595874012 ], [ -7380387.506707373075187, -7267370.601341975852847 ], [ -7380218.635039838962257, -7267447.299893352203071 ], [ -7380036.627672391943634, -7267530.135172337293625 ], [ -7379692.205167877487838, -7267724.187912879511714 ], [ -7379420.696929832920432, -7267861.101533255539834 ], [ -7379149.188691788353026, -7268066.284688450396061 ], [ -7378910.853661999106407, -7268214.710246182978153 ], [ -7378539.937118676491082, -7268442.723461664281785 ], [ -7378241.934841822832823, -7268705.263299089856446 ], [ -7377930.796865056268871, -7268956.113088336773217 ], [ -7377626.115418754518032, -7269229.985793171450496 ], [ -7377308.298272540792823, -7269435.396606407128274 ], [ -7377103.025131517089903, -7269572.34014143422246 ], [ -7376805.022854662500322, -7269697.777917422354221 ], [ -7376387.797403170727193, -7270005.818656051531434 ], [ -7376076.659426402300596, -7270131.263374741189182 ], [ -7375771.977980102412403, -7270336.697826894931495 ], [ -7375209.146634650416672, -7270679.100555674172938 ], [ -7374758.859294393099844, -7270850.211618540808558 ], [ -7374566.833172773011029, -7270998.498108194209635 ], [ -7374401.1897704731673, -7271112.640332784503698 ], [ -7374182.669610045850277, -7271261.123632210306823 ], [ -7373931.087560853920877, -7271466.395878658629954 ], [ -7373871.531633279286325, -7271523.566116437315941 ], [ -7373659.579322808422148, -7271854.509418209083378 ], [ -7373460.874031742103398, -7271945.833046485669911 ], [ -7373063.57476910110563, -7272025.646165134385228 ], [ -7372467.570215394720435, -7272219.618457210250199 ], [ -7371732.52761768642813, -7272562.10352258104831 ], [ -7371103.461175213567913, -7272790.435221301391721 ], [ -7370818.70591776445508, -7272950.271371897310019 ], [ -7370441.221524484455585, -7273041.607779921032488 ], [ -7370156.577586526982486, -7273121.432067734189332 ], [ -7369891.637198438867927, -7273132.753366750665009 ], [ -7369745.919984989799559, -7273132.753366750665009 ], [ -7369553.893863372504711, -7272995.93944273982197 ], [ -7369222.829697751440108, -7272995.93944273982197 ], [ -7369110.285692560486495, -7273212.770472230389714 ], [ -7369302.311814177781343, -7273361.10170582588762 ], [ -7369308.879664136096835, -7273532.27138205152005 ], [ -7369196.335658942349255, -7273703.636700650677085 ], [ -7369083.79165375046432, -7273760.631372300907969 ], [ -7368818.851265664212406, -7273988.998022639192641 ], [ -7368507.60196940600872, -7274080.346547706983984 ], [ -7368249.340750765986741, -7274183.01895612757653 ], [ -7368011.005720976740122, -7274342.883535678498447 ], [ -7367792.485560550354421, -7274468.397749783471227 ], [ -7367368.692259099334478, -7274662.622487096115947 ], [ -7367123.678059862926602, -7274776.626207274384797 ], [ -7366838.922802414745092, -7274765.302531188353896 ], [ -7366481.364597986452281, -7274753.78694518469274 ], [ -7366170.115301727317274, -7274845.144393281079829 ], [ -7366004.471899427473545, -7274822.304931322112679 ], [ -7365739.642830830067396, -7274867.983921862207353 ], [ -7365574.110748020000756, -7274970.8585907779634 ], [ -7365362.158437551930547, -7275130.739257086068392 ], [ -7365110.576388357207179, -7275347.629413099959493 ], [ -7364832.388980864547193, -7275553.200761907733977 ], [ -7364627.115839843638241, -7275655.892486245371401 ], [ -7364448.336737628094852, -7275701.576340426690876 ], [ -7364408.595679416321218, -7275712.901370720006526 ], [ -7364448.336737628094852, -7275781.427750932052732 ], [ -7364428.521868267096579, -7275941.324970657005906 ], [ -7364342.360582392662764, -7276066.864812195301056 ], [ -7364172.041761479340494, -7276259.977428040467203 ], [ -7364110.593402560800314, -7276329.660386378876865 ], [ -7363918.567280943505466, -7276478.050681156106293 ], [ -7363666.985231750644743, -7276580.754537343978882 ], [ -7363302.747857875190675, -7276694.978165513835847 ], [ -7362978.251542212441564, -7276797.876843999139965 ], [ -7362541.211221359670162, -7276969.121672905981541 ], [ -7362349.185099739581347, -7277037.659049778245389 ], [ -7361938.638817694969475, -7277129.043152336962521 ], [ -7361455.17826917860657, -7277277.448600128293037 ], [ -7360938.655831897631288, -7277414.529352831654251 ], [ -7360276.41618116851896, -7277643.002608356997371 ], [ -7359918.85797674022615, -7277711.545885324478149 ], [ -7359442.076597672887146, -7277814.265925423242152 ], [ -7359018.283296223729849, -7278054.07926569879055 ], [ -7358673.972111200913787, -7278248.200968716293573 ], [ -7358521.687047795392573, -7278259.721695888787508 ], [ -7358236.931790345348418, -7278430.998506335541606 ], [ -7357680.668294850736856, -7278625.129556820727885 ], [ -7357382.666017998941243, -7278830.786989638581872 ], [ -7356720.426367269828916, -7279002.076296020299196 ], [ -7356170.842041222378612, -7279219.265772384591401 ], [ -7355608.010695771314204, -7279401.893948512151837 ], [ -7355475.540501727722585, -7279539.011909732595086 ], [ -7355157.723355513997376, -7279607.571791112422943 ], [ -7354786.806812189519405, -7279744.693355478346348 ], [ -7354614.706879422999918, -7279870.294207216240466 ], [ -7354468.989665974862874, -7279961.711384983733296 ], [ -7354303.457583164796233, -7279950.380206239409745 ], [ -7354190.913577973842621, -7280053.129630480892956 ], [ -7354038.517195075750351, -7280190.259000792168081 ], [ -7353899.479151077568531, -7280315.867002813145518 ], [ -7353700.885179501958191, -7280361.578060395084321 ], [ -7353528.673927244730294, -7280373.101898557506502 ], [ -7353382.956713795661926, -7280361.578060395084321 ], [ -7353343.215655582025647, -7280315.867002813145518 ], [ -7353104.880625792779028, -7280338.722498233430088 ], [ -7352793.631329536437988, -7280373.101898557506502 ], [ -7352588.358188513666391, -7280555.949067812412977 ], [ -7352270.429722808301449, -7280670.230717820115387 ], [ -7351840.06857140082866, -7280738.608435720205307 ], [ -7351740.771585613489151, -7280795.846422949805856 ], [ -7351753.907285526394844, -7280910.131575914099813 ], [ -7351661.289469187147915, -7281058.608729220926762 ], [ -7351469.263347567990422, -7281184.230667981319129 ], [ -7351144.767031906172633, -7281332.905109063722193 ], [ -7351065.284915479831398, -7281447.198104687035084 ], [ -7351032.111707222647965, -7281629.878274534828961 ], [ -7350853.332605009898543, -7281812.754808056168258 ], [ -7350548.762478198856115, -7282075.551259007304907 ], [ -7350177.957254366017878, -7282224.242633687332273 ], [ -7349919.696035726927221, -7282304.160612150095403 ], [ -7349648.187797682359815, -7282384.079406746663153 ], [ -7349277.271254357881844, -7282452.66421533934772 ], [ -7348899.898180567659438, -7282589.835635775700212 ], [ -7348608.463753671385348, -7282715.674277522601187 ], [ -7348144.929394008591771, -7282887.048628679476678 ], [ -7347595.345067963004112, -7283081.290239064022899 ], [ -7347151.625577661208808, -7283275.536670968867838 ], [ -7346847.05545085016638, -7283298.400811481289566 ], [ -7346628.535290422849357, -7283424.250847949646413 ], [ -7346350.347882929258049, -7283504.181082359515131 ], [ -7346118.692022589966655, -7283561.439300265163183 ], [ -7345833.825445650145411, -7283709.966764762997627 ], [ -7345602.16958530806005, -7283778.56319485232234 ], [ -7345310.73515841178596, -7283824.294482319615781 ], [ -7345078.967978579923511, -7283892.89191463869065 ], [ -7344860.447818152606487, -7284029.896429474465549 ], [ -7344632.131542536430061, -7284247.801959889009595 ], [ -7344608.865768960677087, -7284270.09246208332479 ], [ -7344552.983384582214057, -7284314.481496097519994 ], [ -7344264.443264445289969, -7284544.309266354888678 ], [ -7343860.576151847839355, -7284830.258257539011538 ], [ -7343575.820894398726523, -7285035.886639113537967 ], [ -7343238.077559332363307, -7285161.764623362571001 ], [ -7342933.396113031543791, -7285264.582494764588773 ], [ -7342789.126052963547409, -7285310.322468038648367 ], [ -7342672.463226611725986, -7285365.287663591094315 ], [ -7342529.529000433161855, -7285447.54399221483618 ], [ -7342359.989415955729783, -7285593.800955262966454 ], [ -7342195.793167035095394, -7285685.285018474794924 ], [ -7341967.922169380821288, -7285886.515282997861505 ], [ -7341819.644607644528151, -7285978.002768876962364 ], [ -7341719.011787966825068, -7286115.236003561876714 ], [ -7341591.773609991185367, -7286224.985882881097496 ], [ -7341411.769993376918137, -7286288.991339335218072 ], [ -7341146.829605290666223, -7286435.456245744600892 ], [ -7340850.163162325508893, -7286508.497512410394847 ], [ -7340648.897522971965373, -7286545.210617114789784 ], [ -7340304.475018456578255, -7286636.513587825000286 ], [ -7340113.784730728715658, -7286645.740052564069629 ], [ -7339827.693639389239252, -7286673.227293256670237 ], [ -7339615.852648410014808, -7286673.227293256670237 ], [ -7339451.656399489380419, -7286682.261582262814045 ], [ -7339255.511456712149084, -7286682.261582262814045 ], [ -7339064.932488474063575, -7286718.975502374581993 ], [ -7338879.474216812290251, -7286737.236416848376393 ], [ -7338651.714538648724556, -7286737.236416848376393 ], [ -7338386.774150562472641, -7286792.211637731641531 ], [ -7338323.210721318610013, -7286892.744247075170279 ], [ -7338243.728604892268777, -7286892.744247075170279 ], [ -7338042.462965537793934, -7286938.493739830330014 ], [ -7337835.853990624658763, -7287002.505033761262894 ], [ -7337745.796522573567927, -7287048.255168370902538 ], [ -7337581.600273654796183, -7287158.018136855214834 ], [ -7337470.280782859772444, -7287194.542058032006025 ], [ -7337321.891901631839573, -7287277.009854581207037 ], [ -7337125.969597836025059, -7287350.058978504501283 ], [ -7337004.074755418114364, -7287395.811145610176027 ], [ -7337025.225458669476211, -7287432.528414418920875 ], [ -7336945.854661732912064, -7287505.578990499489009 ], [ -7336760.39639007113874, -7287606.313008988276124 ], [ -7336574.938118410296738, -7287688.59290252905339 ], [ -7336426.660556673072278, -7287734.347049512900412 ], [ -7336511.374689166434109, -7287780.101464091800153 ], [ -7336627.926196026615798, -7287835.084013764746487 ], [ -7336702.176296386867762, -7287953.893779952079058 ], [ -7336802.809116064570844, -7288127.689956776797771 ], [ -7336802.809116064570844, -7288310.718423341400921 ], [ -7336712.751648011617362, -7288667.559343370608985 ], [ -7336606.775492777116597, -7288905.590515997260809 ], [ -7336511.374689166434109, -7289042.682838636450469 ], [ -7336368.440462987869978, -7289106.903630999848247 ], [ -7336135.226129775866866, -7289280.725426342338324 ], [ -7335902.234435546211898, -7289363.022933361120522 ], [ -7335616.143344207666814, -7289500.315561368130147 ], [ -7335287.639526876620948, -7289692.413913168944418 ], [ -7334842.695522175170481, -7289939.514325723983347 ], [ -7334678.387953764759004, -7290049.317870107479393 ], [ -7334424.134236793033779, -7290278.160333150997758 ], [ -7334206.949910257011652, -7290433.738570153713226 ], [ -7333947.352857725694776, -7290580.088784574531019 ], [ -7333581.890969450585544, -7290827.217241696082056 ], [ -7333327.525932988151908, -7290992.037992756813765 ], [ -7332983.214747965335846, -7291266.682852500118315 ], [ -7332607.066188574768603, -7291504.600796314887702 ], [ -7332225.685613117180765, -7291733.485842559486628 ], [ -7331971.320576654747128, -7291907.36601866222918 ], [ -7331701.148172498680651, -7292017.197192760184407 ], [ -7331415.168400651775301, -7292163.57703959196806 ], [ -7330933.043686025775969, -7292191.083676646463573 ], [ -7330715.859359487891197, -7292191.083676646463573 ], [ -7330477.413010207004845, -7292172.810025858692825 ], [ -7330397.930893782526255, -7292246.097240985371172 ], [ -7330233.734644861891866, -7292218.590410444885492 ], [ -7330069.538395941257477, -7292191.083676646463573 ], [ -7329772.871952977962792, -7292200.316695388406515 ], [ -7329619.251055683940649, -7292273.411811800673604 ], [ -7329402.066729145124555, -7292474.811627403832972 ], [ -7329200.689770301803946, -7292657.941845227964222 ], [ -7329131.8943249899894, -7292703.72506972309202 ], [ -7329020.574834196828306, -7292786.058601608499885 ], [ -7328840.45989809371531, -7292740.467263069935143 ], [ -7328766.321117223240435, -7292731.233606617897749 ], [ -7328612.700219930149615, -7292813.567428108304739 ], [ -7328305.458425341174006, -7292813.567428108304739 ], [ -7328109.424802053719759, -7292886.860647985711694 ], [ -7327939.885217577219009, -7292969.19610792119056 ], [ -7327696.206852230243385, -7293033.256773302331567 ], [ -7327669.712813419289887, -7293170.613842670805752 ], [ -7327669.712813419289887, -7293262.186562564224005 ], [ -7327701.438868296332657, -7293353.760354742407799 ], [ -7327632.643422986380756, -7293500.165220679715276 ], [ -7327547.929290493018925, -7293619.25346030946821 ], [ -7327426.034448072314262, -7293665.042313002981246 ], [ -7327214.082137604244053, -7293820.687938725575805 ], [ -7326906.840343015268445, -7293958.05883960518986 ], [ -7326710.806719727814198, -7294077.154052527621388 ], [ -7326355.920183079317212, -7294122.753184502013028 ], [ -7326106.898482173681259, -7294205.294061684049666 ], [ -7325863.220116826705635, -7294278.407920652069151 ], [ -7325465.920854185707867, -7294507.374164596199989 ], [ -7325132.185020787641406, -7294598.96253939718008 ], [ -7324851.437265006825328, -7294626.477743893861771 ], [ -7324565.346173669211566, -7294580.683261265046895 ], [ -7324480.52072168327868, -7294653.993045208975673 ], [ -7324358.737198757007718, -7294681.316027632914484 ], [ -7324300.405785580165684, -7294525.653271365910769 ], [ -7324130.866201100870967, -7294406.743636667728424 ], [ -7323903.106522940099239, -7294406.743636667728424 ], [ -7323643.509470410645008, -7294443.301422473043203 ], [ -7323357.418379070237279, -7294461.580379465594888 ], [ -7323066.095271665602922, -7294305.921997238881886 ], [ -7322674.028025090694427, -7294241.85090572014451 ], [ -7322456.843698553740978, -7294196.058675494976342 ], [ -7322223.7406848333776, -7294223.572462339885533 ], [ -7321937.649593492969871, -7294122.753184502013028 ], [ -7321619.832447279244661, -7294104.475019502453506 ], [ -7321307.247317130677402, -7294040.405578480102122 ], [ -7320878.110680122859776, -7294040.405578480102122 ], [ -7320480.811417480930686, -7294058.683593722060323 ], [ -7319792.189047434367239, -7294131.988484116271138 ], [ -7319543.167346529662609, -7294177.780339150689542 ], [ -7319696.788243825547397, -7294333.436170634813607 ], [ -7319680.869556641206145, -7294470.816079248674214 ], [ -7319633.224814581684768, -7294580.683261265046895 ], [ -7319437.191191294230521, -7294736.347113009542227 ], [ -7319357.709074866957963, -7294818.702048149891198 ], [ -7319437.191191294230521, -7295020.167426514439285 ], [ -7319495.522604470141232, -7295102.525350914336741 ], [ -7319394.889784793369472, -7295276.672883824445307 ], [ -7319124.717380638234317, -7295359.033509935252368 ], [ -7318700.812759697437286, -7295404.832551182247698 ], [ -7318451.902378283441067, -7295313.234736938029528 ], [ -7318118.166544885374606, -7295294.953789009712636 ], [ -7317742.017985494807363, -7295313.234736938029528 ], [ -7317482.420932965353131, -7295313.234736938029528 ], [ -7317143.341764007695019, -7295368.270269768312573 ], [ -7316855.914838780649006, -7295424.075925858691335 ], [ -7316691.71858986094594, -7295405.794718789868057 ], [ -7316336.832053211517632, -7295625.556902445852757 ], [ -7315913.038751760497689, -7295872.844853445887566 ], [ -7315780.568557716906071, -7295927.691878891550004 ], [ -7315595.110286054201424, -7296065.099800350144506 ], [ -7315213.729710598476231, -7296230.030984427779913 ], [ -7314853.499838391318917, -7296330.684980082325637 ], [ -7314424.363201383501291, -7296211.74789291806519 ], [ -7314170.109484410844743, -7296101.665340308099985 ], [ -7314032.295954808592796, -7295955.211759413592517 ], [ -7314048.214641992934048, -7295872.844853445887566 ], [ -7313820.45496382843703, -7295900.364540928974748 ], [ -7313666.83406653534621, -7295836.087939427234232 ], [ -7313470.800443247891963, -7295955.211759413592517 ], [ -7313295.917523210868239, -7296065.099800350144506 ], [ -7313168.901984215714037, -7296101.665340308099985 ], [ -7313168.901984215714037, -7296156.706422880291939 ], [ -7313110.570571039803326, -7296303.163777993060648 ], [ -7313057.582493423484266, -7296348.968349709175527 ], [ -7312962.181689811870456, -7296559.71132824011147 ], [ -7312803.32877645175904, -7296614.563172086142004 ], [ -7312723.846660024486482, -7296678.846173568628728 ], [ -7312458.906271937303245, -7296788.74438526853919 ], [ -7312215.227906590327621, -7296788.74438526853919 ], [ -7311929.248134742490947, -7296816.074828374199569 ], [ -7311711.952488712966442, -7296751.983165287412703 ], [ -7311425.861397375352681, -7296724.652946216054261 ], [ -7311060.399509100243449, -7296651.323745959438384 ], [ -7310859.133869745768607, -7296587.233433366753161 ], [ -7310647.181559277698398, -7296523.143646123819053 ], [ -7310339.939764686860144, -7296523.143646123819053 ], [ -7310112.180086524225771, -7296513.905521912500262 ], [ -7309836.664346810430288, -7296513.905521912500262 ], [ -7309571.723958721384406, -7296477.338054028339684 ], [ -7309349.307616116479039, -7296468.099983938969672 ], [ -7308946.665017918683589, -7296440.578298159874976 ], [ -7308687.067965387366712, -7296422.294714312069118 ], [ -7308183.792547511868179, -7296312.401653207838535 ], [ -7307881.782768989913166, -7296312.401653207838535 ], [ -7307489.826841907575727, -7296092.620164504274726 ], [ -7307330.862609053961933, -7295891.127152513712645 ], [ -7307166.666360134258866, -7295744.677515006624162 ], [ -7307076.608892082236707, -7295671.357504815794528 ], [ -7306848.737894427962601, -7295808.760921616107225 ], [ -7306732.186387566849589, -7295909.409494329243898 ], [ -7306435.519944603554904, -7295982.731736795976758 ], [ -7306032.988665894605219, -7295991.776785477995872 ], [ -7305752.12959062308073, -7295982.731736795976758 ], [ -7305248.854172747582197, -7295918.646904343739152 ], [ -7304777.416129238903522, -7295836.087939427234232 ], [ -7304411.84292147308588, -7295744.677515006624162 ], [ -7304051.613049264997244, -7295680.402193307876587 ], [ -7303468.966834453865886, -7295653.075719598680735 ], [ -7302981.498784270137548, -7295579.756568349897861 ], [ -7302721.901731739751995, -7295634.601537956856191 ], [ -7302425.34660826716572, -7295598.038182141259313 ], [ -7302001.441987325437367, -7295533.956502524204552 ], [ -7301704.775544362142682, -7295460.638468218967319 ], [ -7301429.371124138124287, -7295396.557914630509913 ], [ -7300915.52035463694483, -7295259.161741034127772 ], [ -7300618.742592182010412, -7295140.240951662883162 ], [ -7300258.512719976715744, -7295002.849281762726605 ], [ -7299967.189612570218742, -7294719.029596829786897 ], [ -7299702.36054397188127, -7294526.61533079855144 ], [ -7299606.959740363061428, -7294288.605434249155223 ], [ -7299315.636632956564426, -7294425.984555261209607 ], [ -7298812.361215079203248, -7294471.778131935745478 ], [ -7298346.155187637545168, -7294416.748908428475261 ], [ -7297736.903614526614547, -7294013.854432438500226 ], [ -7297509.143936363980174, -7293940.550649430602789 ], [ -7297302.534961451776326, -7293794.137538675218821 ], [ -7297122.420025346800685, -7293720.83581521641463 ], [ -7297355.523039068095386, -7294041.367578215897083 ], [ -7297509.143936363980174, -7294343.441348600201309 ], [ -7297625.58412373252213, -7294554.13028072565794 ], [ -7297503.800600804388523, -7295066.926608929410577 ], [ -7297095.925986538641155, -7295396.557914630509913 ], [ -7296454.837039059959352, -7295753.722288309596479 ], [ -7296195.351306022144854, -7295808.760921616107225 ], [ -7295660.23851377889514, -7296056.054666850715876 ], [ -7295003.342198605649173, -7296275.835127715952694 ], [ -7294404.777296612039208, -7296550.473160821013153 ], [ -7293949.14662079513073, -7296880.359486675821245 ], [ -7294113.342869713902473, -7297008.545442988164723 ], [ -7294431.160015929490328, -7296962.737007066607475 ], [ -7294563.630209974944592, -7296962.737007066607475 ], [ -7294680.181716834194958, -7297173.304053001105785 ], [ -7294685.525052391923964, -7297576.361363437958062 ], [ -7294521.217483981512487, -7298245.08967165555805 ], [ -7294240.469728201627731, -7298859.007208771072328 ], [ -7294018.053385596722364, -7299344.554060244932771 ], [ -7293641.904826206155121, -7299536.89439981430769 ], [ -7293371.621102558448911, -7299317.022246675565839 ], [ -7293154.436776022426784, -7298913.875186924822628 ], [ -7293133.286072771064937, -7298345.962118822149932 ], [ -7293207.424853637814522, -7298043.541180317290127 ], [ -7293398.115141367539763, -7298006.966557428240776 ], [ -7293525.353319343179464, -7297887.811472774483263 ], [ -7293218.111524755135179, -7297723.037804983556271 ], [ -7293191.617485946975648, -7297594.840133706107736 ], [ -7293244.494244072586298, -7297283.209215175360441 ], [ -7293313.40100887324661, -7297145.972361131571233 ], [ -7293387.539789742790163, -7297100.16312001645565 ], [ -7293308.057673316448927, -7296852.83634970523417 ], [ -7293191.617485946975648, -7296642.085470297373831 ], [ -7293207.424853637814522, -7296275.835127715952694 ], [ -7293488.172609419561923, -7296129.185833161696792 ], [ -7293610.067451839335263, -7296129.185833161696792 ], [ -7293594.148764654994011, -7295964.449223540723324 ], [ -7293546.504022595472634, -7295808.760921616107225 ], [ -7293233.918892446905375, -7295616.319838678464293 ], [ -7292984.897191543132067, -7295533.956502524204552 ], [ -7292672.423380886204541, -7295359.995671907439828 ], [ -7292529.377835217863321, -7295405.794718789868057 ], [ -7292163.804627452045679, -7295588.993588922545314 ], [ -7291792.999403620138764, -7295579.756568349897861 ], [ -7291363.862766612321138, -7295653.075719598680735 ], [ -7290950.644816786050797, -7295735.440310515463352 ], [ -7290341.393243675120175, -7295662.12038694228977 ], [ -7290097.714878329075873, -7295598.038182141259313 ], [ -7289901.681255041621625, -7295588.993588922545314 ], [ -7289785.241067672148347, -7295515.675038554705679 ], [ -7289679.264912436716259, -7295552.238009233027697 ], [ -7289541.451382833532989, -7295552.238009233027697 ], [ -7289308.459688603878021, -7295369.04000024497509 ], [ -7289223.63423661980778, -7295286.679268735460937 ], [ -7289107.082729758694768, -7295341.714614655822515 ], [ -7288942.886480839923024, -7295424.075925858691335 ], [ -7288794.497599611990154, -7295295.915943100117147 ], [ -7288625.06933462433517, -7295112.723939294926822 ], [ -7288593.231960257515311, -7294938.772479678504169 ], [ -7288513.749843831174076, -7294874.696202664636075 ], [ -7288450.186414589174092, -7294810.428031830117106 ], [ -7288519.093179389834404, -7294709.793603882193565 ], [ -7288423.692375779151917, -7294691.514066667295992 ], [ -7288328.402891660109162, -7294590.688755580224097 ], [ -7288301.90885285101831, -7294389.234441892243922 ], [ -7288243.577439676038921, -7294407.513272504322231 ], [ -7288174.670674875378609, -7294316.119546716101468 ], [ -7288121.793916748836637, -7294325.162667755968869 ], [ -7288079.381190756335855, -7294224.534484609030187 ], [ -7287978.748371077701449, -7294297.648523470386863 ], [ -7287777.371412234380841, -7294123.715194368734956 ], [ -7287676.738592556677759, -7294187.785317962989211 ], [ -7287607.831827755086124, -7294114.672306287102401 ], [ -7287586.6811245046556, -7294023.089603445492685 ], [ -7287422.484875584021211, -7293949.785733867436647 ], [ -7287173.463174680247903, -7293830.692460676655173 ], [ -7286956.278848142363131, -7293757.582787547260523 ], [ -7286675.531092361547053, -7293574.426818011328578 ], [ -7286378.864649399183691, -7293492.084985788911581 ], [ -7286246.394455353729427, -7293400.509573855437338 ], [ -7285997.372754449024796, -7293317.977190664038062 ], [ -7285711.281663110479712, -7293199.085918023250997 ], [ -7285615.992178991436958, -7293354.722270015627146 ], [ -7285520.591375382617116, -7293455.339261006563902 ], [ -7285245.186955158598721, -7293317.977190664038062 ], [ -7285128.635448297485709, -7293217.361966961063445 ], [ -7284985.58990262914449, -7293189.851720064878464 ], [ -7284831.969005334191024, -7293107.513936999253929 ], [ -7284747.143553350120783, -7293107.513936999253929 ], [ -7284720.64951454102993, -7293153.299793479032815 ], [ -7284641.167398113757372, -7293089.238144770264626 ], [ -7284503.465188005007803, -7293015.943028209730983 ], [ -7284413.407719952054322, -7292997.667449974454939 ], [ -7284423.983071576803923, -7292887.822505830787122 ], [ -7284280.937525908462703, -7292832.804427207447588 ], [ -7284037.259160561487079, -7292732.195445321500301 ], [ -7283952.545028067193925, -7292823.570661735720932 ], [ -7283841.225537274032831, -7292713.728162853978574 ], [ -7283724.785349904559553, -7292722.96179863717407 ], [ -7283719.442014345899224, -7292915.139318033121526 ], [ -7283650.53524954430759, -7293125.789771936833858 ], [ -7283597.547171928919852, -7293189.851720064878464 ], [ -7283677.029288355261087, -7293253.9141929699108 ], [ -7283724.785349904559553, -7293409.551636142656207 ], [ -7283767.086756405420601, -7293455.339261006563902 ], [ -7283814.731498466804624, -7293473.61590881831944 ], [ -7283883.638263265602291, -7293519.403908782638609 ], [ -7283963.120379692874849, -7293610.980712994933128 ], [ -7284122.08461254555732, -7293702.558589615859091 ], [ -7284243.868135473690927, -7293830.692460676655173 ], [ -7284286.280861466191709, -7293903.99521389324218 ], [ -7284349.844290710054338, -7294050.410381532274187 ], [ -7284434.669742693193257, -7294325.162667755968869 ], [ -7284529.959226812236011, -7294334.398206422105432 ], [ -7284598.865991613827646, -7294325.162667755968869 ], [ -7284651.854069232009351, -7294316.119546716101468 ], [ -7284725.992850099690259, -7294306.88402963988483 ], [ -7284969.671215446665883, -7294389.234441892243922 ], [ -7285165.704838734120131, -7294453.306741007603705 ], [ -7285276.913010035641491, -7294590.688755580224097 ], [ -7285388.121181339025497, -7294636.4832968050614 ], [ -7285568.347436931915581, -7294627.439815734513104 ], [ -7285674.212272675707936, -7294847.180124739184976 ], [ -7285663.636921050958335, -7295240.880919525399804 ], [ -7285504.784007689915597, -7295625.556902445852757 ], [ -7285462.371281696483493, -7295698.87648316193372 ], [ -7285313.982400468550622, -7295945.974306200630963 ], [ -7285128.635448297485709, -7296129.185833161696792 ], [ -7285006.740605879575014, -7296220.793206533417106 ], [ -7284895.532434576191008, -7296422.294714312069118 ], [ -7284752.486888907849789, -7296633.039669287391007 ], [ -7284492.889836378395557, -7296770.267520112916827 ], [ -7284370.99499395955354, -7296761.221570802852511 ], [ -7284069.096534926444292, -7296807.028826064430177 ], [ -7283984.271082944236696, -7296761.221570802852511 ], [ -7283894.213614891283214, -7296807.028826064430177 ], [ -7283793.580795216374099, -7296807.028826064430177 ], [ -7283470.420313441194594, -7296770.267520112916827 ], [ -7283210.823260913603008, -7296642.085470297373831 ], [ -7283073.121050801128149, -7296404.011173217557371 ], [ -7282993.638934374786913, -7296248.314118689857423 ], [ -7282956.569543940015137, -7296147.468731614761055 ], [ -7282945.994192315265536, -7295973.494251071475446 ], [ -7283004.214285999536514, -7295872.844853445887566 ], [ -7282850.593388705514371, -7295662.12038694228977 ], [ -7282734.041881845332682, -7295433.120328315533698 ], [ -7282633.409062166698277, -7295167.565633193589747 ], [ -7282612.258358916267753, -7294929.536227180622518 ], [ -7282596.339671733789146, -7294526.61533079855144 ], [ -7282691.6291558528319, -7294261.09141858946532 ], [ -7282781.797943394631147, -7294206.25608170684427 ], [ -7282808.291982203722, -7294151.228726678527892 ], [ -7282702.315826968289912, -7294096.201758864335716 ], [ -7282686.397139785811305, -7293849.162380983121693 ], [ -7282760.53592065256089, -7293711.793393001891673 ], [ -7282808.291982203722, -7293666.004266566596925 ], [ -7282744.617233470082283, -7293656.769517252221704 ], [ -7282739.385217402130365, -7293565.192176840268075 ], [ -7282654.559765418060124, -7293574.426818011328578 ], [ -7282606.915023358538747, -7293281.424665223807096 ], [ -7282421.568071188405156, -7293153.299793479032815 ], [ -7282045.419511797837913, -7293070.770019168034196 ], [ -7281928.868004937656224, -7293107.513936999253929 ], [ -7281568.638132729567587, -7293162.341569942422211 ], [ -7281176.570886156521738, -7293098.279847168363631 ], [ -7281007.03130167722702, -7293024.984645864926279 ], [ -7280853.410404383204877, -7292896.863975361920893 ], [ -7280795.190310697071254, -7292686.412054158747196 ], [ -7280858.753739940933883, -7292567.338018722832203 ], [ -7280736.858897522091866, -7292485.006789416074753 ], [ -7280657.37678109575063, -7292448.26579621899873 ], [ -7280578.005984161049128, -7292439.224845299497247 ], [ -7280503.755883800797164, -7292375.169045573100448 ], [ -7280493.180532175116241, -7292475.773434574715793 ], [ -7280424.273767374455929, -7292494.047793261706829 ], [ -7280291.914892820641398, -7292457.499118587002158 ], [ -7280260.07751845382154, -7292329.387744425795972 ], [ -7280191.282073144800961, -7292338.428568374365568 ], [ -7280079.962582350708544, -7292512.322194650769234 ], [ -7279989.905114299617708, -7292594.846075889654458 ], [ -7279931.685020614415407, -7292713.728162853978574 ], [ -7279862.778255812823772, -7292787.0204470558092 ], [ -7279709.157358519732952, -7292851.079620184376836 ], [ -7279597.837867724709213, -7292869.35485586617142 ], [ -7279433.641618804074824, -7292960.924048244021833 ], [ -7279311.858095877803862, -7292997.667449974454939 ], [ -7279152.893863024190068, -7293070.770019168034196 ], [ -7278988.697614104487002, -7293006.709046499803662 ], [ -7278882.721458869986236, -7292988.433489843271673 ], [ -7278686.687835582531989, -7292970.157975894398987 ], [ -7278443.009470235556364, -7292842.038203584961593 ], [ -7278321.225947309285402, -7292777.979104515165091 ], [ -7278167.493730522692204, -7292695.453290838748217 ], [ -7278056.28555922023952, -7292722.96179863717407 ], [ -7277902.664661925286055, -7292594.846075889654458 ], [ -7277844.444568241015077, -7292622.354229811578989 ], [ -7277754.275780697353184, -7292558.104566677473485 ], [ -7277658.98629657831043, -7292530.789001535624266 ], [ -7277510.597415352240205, -7292485.006789416074753 ], [ -7277399.389244049787521, -7292475.773434574715793 ], [ -7277319.907127622514963, -7292585.612591367214918 ], [ -7277229.849659570492804, -7292695.453290838748217 ], [ -7277171.629565886221826, -7292887.822505830787122 ], [ -7277012.665333034470677, -7292960.924048244021833 ], [ -7276859.044435738585889, -7292951.882504651322961 ], [ -7276673.586164075881243, -7292906.097827374003828 ], [ -7276588.872031583450735, -7292851.079620184376836 ], [ -7276530.540618407540023, -7292878.588675396516919 ], [ -7276355.769017862156034, -7292787.0204470558092 ], [ -7276244.449527068063617, -7292704.686905046924949 ], [ -7276059.102574898861349, -7292658.903674920089543 ], [ -7275863.068951612338424, -7292576.571481669321656 ], [ -7275608.815234638750553, -7292494.047793261706829 ], [ -7275423.356962977908552, -7292448.26579621899873 ], [ -7275222.091323623433709, -7292375.169045573100448 ], [ -7275079.04577795509249, -7292338.428568374365568 ], [ -7274925.424880659207702, -7292320.154573308303952 ], [ -7274724.047921814955771, -7292292.647482298314571 ], [ -7274633.990453762933612, -7292256.099748806096613 ], [ -7274528.125618017278612, -7292301.880620940588415 ], [ -7274310.829971989616752, -7292311.113770485855639 ], [ -7274167.89574581105262, -7292201.086114107631147 ], [ -7273987.780809707008302, -7292173.771795887500048 ], [ -7273849.967280105687678, -7292091.252357612363994 ], [ -7273807.554554113186896, -7292008.926139956340194 ], [ -7273696.346382810734212, -7291889.86241886857897 ], [ -7273574.562859883531928, -7291798.498110790736973 ], [ -7273341.459846161305904, -7291761.760342515073717 ], [ -7273214.221668185666203, -7291679.437593082897365 ], [ -7273097.670161324553192, -7291624.428014505654573 ], [ -7272991.805325580760837, -7291615.388015882112086 ], [ -7272875.253818719647825, -7291597.115710142068565 ], [ -7272658.069492182694376, -7291651.932755431160331 ], [ -7272589.162727381102741, -7291780.033032914623618 ], [ -7272520.255962580442429, -7291743.487694806419313 ], [ -7272403.704455719329417, -7291615.388015882112086 ], [ -7272250.083558425307274, -7291651.932755431160331 ], [ -7272149.450738748535514, -7291743.487694806419313 ], [ -7272054.049935137853026, -7291697.710091149434447 ], [ -7271911.004389467649162, -7291697.710091149434447 ], [ -7271757.49481166433543, -7291715.98263190779835 ], [ -7271635.599969246424735, -7291661.165137704461813 ], [ -7271540.19916563667357, -7291569.61116199195385 ], [ -7271455.485033142380416, -7291459.78627307806164 ], [ -7271397.264939456246793, -7291459.78627307806164 ], [ -7271360.084229531697929, -7291349.962926284410059 ], [ -7271270.583358934149146, -7291317.26625579316169 ], [ -7271259.451409855857491, -7291313.227264801971614 ], [ -7271121.749199744313955, -7291322.459247266873717 ], [ -7270984.046989631839097, -7291322.459247266873717 ], [ -7270846.233460030518472, -7291240.141121562570333 ], [ -7270777.326695230789483, -7291084.546843886375427 ], [ -7270607.898430243134499, -7290965.497193795628846 ], [ -7270433.015510206110775, -7290910.492636306211352 ], [ -7270279.394612910225987, -7291038.773096800781786 ], [ -7270189.337144860997796, -7291038.773096800781786 ], [ -7270099.279676808044314, -7290910.492636306211352 ], [ -7270014.454224823974073, -7290855.680787233635783 ], [ -7269845.025959835387766, -7290626.821427220478654 ], [ -7269754.96849178429693, -7290626.821427220478654 ], [ -7269490.028103697113693, -7290572.011565996333957 ], [ -7269352.325893584638834, -7290452.969716696068645 ], [ -7269151.060254231095314, -7290333.929679101333022 ], [ -7269005.343040782958269, -7290291.044939824379981 ], [ -7268859.625827332958579, -7290291.044939824379981 ], [ -7268740.402652693912387, -7290199.507000400684774 ], [ -7268621.290797545574605, -7290130.854248836636543 ], [ -7268482.252753544598818, -7290027.780100654810667 ], [ -7268369.59742886107415, -7289982.012537471950054 ], [ -7268190.818326648324728, -7289959.128856301307678 ], [ -7268111.336210221983492, -7289970.666838438250124 ], [ -7268045.101113198325038, -7289913.55399323720485 ], [ -7267873.001180432736874, -7289959.128856301307678 ], [ -7267793.519064006395638, -7289913.55399323720485 ], [ -7267720.604797537438571, -7289924.899609429761767 ], [ -7267667.728039409965277, -7289924.899609429761767 ], [ -7267594.81377294100821, -7289993.550553363747895 ], [ -7267502.084637110121548, -7289993.550553363747895 ], [ -7267376.293612513691187, -7289902.016095345839858 ], [ -7267336.55255430098623, -7289844.903751397505403 ], [ -7267270.317457278259099, -7290004.896285587921739 ], [ -7267263.749607321806252, -7290210.853031371720135 ], [ -7267263.749607321806252, -7290313.929592064581811 ], [ -7267131.279413277283311, -7290451.046599913388491 ], [ -7267025.303258042782545, -7290554.126325975172222 ], [ -7266932.574122211895883, -7290645.668415608815849 ], [ -7266853.203325275331736, -7290508.355682917870581 ], [ -7266727.300981189124286, -7290428.161546500399709 ], [ -7266667.745053614489734, -7290371.045360747724771 ], [ -7266608.189126039855182, -7290336.814311258494854 ], [ -7266528.707009613513947, -7290313.929592064581811 ], [ -7266455.79274314455688, -7290176.622682929039001 ], [ -7266508.780820762738585, -7290130.854248836636543 ], [ -7266561.768898379057646, -7290085.086082547903061 ], [ -7266495.64512084890157, -7290039.318184056319296 ], [ -7266349.927907400764525, -7290050.663982669822872 ], [ -7266243.951752165332437, -7290039.318184056319296 ], [ -7266171.148805186152458, -7290004.896285587921739 ], [ -7266111.481558119878173, -7289856.249268013052642 ], [ -7266051.925630545243621, -7289741.83337121270597 ], [ -7265892.961397694423795, -7289616.073963253758848 ], [ -7265786.985242458991706, -7289718.950392679311335 ], [ -7265608.206140243448317, -7289593.191352616995573 ], [ -7265502.341304499655962, -7289673.184636443853378 ], [ -7265399.036817043088377, -7289664.146892712451518 ], [ -7265314.211365059018135, -7289654.916867338120937 ], [ -7265250.647935817018151, -7289618.381457119248807 ], [ -7265150.015116139315069, -7289609.151485747657716 ], [ -7265086.451686894521117, -7289481.086756871081889 ], [ -7265028.120273719541728, -7289407.8254448575899 ], [ -7264948.638157294131815, -7289353.02412461861968 ], [ -7264874.499376425519586, -7289279.764011983759701 ], [ -7264821.511298808269203, -7289243.230353938415647 ], [ -7264715.535143573768437, -7289215.734081734903157 ], [ -7264583.176269019022584, -7289243.230353938415647 ], [ -7264429.555371725000441, -7289234.000825217925012 ], [ -7264350.073255298659205, -7289334.757103188894689 ], [ -7264328.811232556588948, -7289215.734081734903157 ], [ -7264228.17841288074851, -7289114.979336821474135 ], [ -7264122.202257646247745, -7289087.675793559290469 ], [ -7264010.994086342863739, -7289041.913730543106794 ], [ -7263899.785915041342378, -7289041.913730543106794 ], [ -7263783.234408180229366, -7289060.180068131536245 ], [ -7263634.845526952296495, -7288996.151935240253806 ], [ -7263507.718668466433883, -7288950.390407639555633 ], [ -7263433.579887597821653, -7288867.904968928545713 ], [ -7263348.754435611888766, -7288822.336463173851371 ], [ -7263242.889599868096411, -7288758.118006971664727 ], [ -7263115.762741382233799, -7288749.08132041618228 ], [ -7262977.949211779981852, -7288776.575952372513711 ], [ -7262919.729118095710874, -7288739.852374711073935 ], [ -7262887.891743729822338, -7288666.790272161364555 ], [ -7262797.834275677800179, -7288556.813867605291307 ], [ -7262691.969439932145178, -7288483.753474565222859 ], [ -7262591.225300763733685, -7288483.753474565222859 ], [ -7262442.947739029303193, -7288483.753474565222859 ], [ -7262336.971583792939782, -7288502.018508856184781 ], [ -7262236.338764117099345, -7288401.272956094704568 ], [ -7262125.019273322075605, -7288355.514908317476511 ], [ -7262019.15443757828325, -7288291.492542794905603 ], [ -7261913.178282343782485, -7288236.699042469263077 ], [ -7261907.834946784190834, -7288309.949387212283909 ], [ -7261923.753633968532085, -7288373.971903786994517 ], [ -7261992.66039877012372, -7288419.730059524998069 ], [ -7262029.729789203032851, -7288492.789854621514678 ], [ -7262087.949882889166474, -7288593.536585998721421 ], [ -7262125.019273322075605, -7288639.296026073396206 ], [ -7262204.501389748416841, -7288657.561423539184034 ], [ -7262236.338764117099345, -7288739.852374711073935 ], [ -7262278.751490106806159, -7288822.336463173851371 ], [ -7262278.751490106806159, -7288904.629147745668888 ], [ -7262278.751490106806159, -7288977.885747163556516 ], [ -7262283.983506176620722, -7289087.675793559290469 ], [ -7262342.314919351600111, -7289179.200722733512521 ], [ -7262421.685716287232935, -7289270.534440160728991 ], [ -7262543.580558704212308, -7289398.788007713854313 ], [ -7262766.108220800757408, -7289618.381457119248807 ], [ -7262845.479017737321556, -7289718.950392679311335 ], [ -7262999.211234521120787, -7289847.211312764324248 ], [ -7263073.350015391595662, -7290048.548663034103811 ], [ -7263083.925367017276585, -7290204.122333048842847 ], [ -7263083.925367017276585, -7290368.737644837237895 ], [ -7263089.268702574074268, -7290487.778212179429829 ], [ -7263078.693350947462022, -7290625.090583626180887 ], [ -7263020.361937772482634, -7290881.259602334350348 ], [ -7262962.030524596571922, -7290972.805520754307508 ], [ -7262871.973056544549763, -7291036.849835979752243 ], [ -7262665.475401124916971, -7291183.40366545598954 ], [ -7262601.800652390345931, -7291219.946386619471014 ], [ -7262458.755106722004712, -7291265.721194010227919 ], [ -7262379.384309785440564, -7291265.721194010227919 ], [ -7262273.408154550008476, -7291320.535916689783335 ], [ -7262199.269373682327569, -7291338.999909769743681 ], [ -7262135.594624948687851, -7291375.543357915244997 ], [ -7262024.386453645303845, -7291457.862908727489412 ], [ -7261992.66039877012372, -7291476.134889143519104 ], [ -7261892.027579091489315, -7291540.375664410181344 ], [ -7261812.545462665148079, -7291677.514174715615809 ], [ -7261860.190204724669456, -7291741.564260687679052 ], [ -7261960.823024403303862, -7291814.84743488393724 ], [ -7262082.606547329574823, -7291860.625724161975086 ], [ -7262183.350686497986317, -7291906.404281393624842 ], [ -7262294.558857801370323, -7291942.950380768626928 ], [ -7262411.110364662483335, -7291979.689000159502029 ], [ -7262464.098442277871072, -7292007.194990477524698 ], [ -7262570.074597513303161, -7292144.341686545871198 ], [ -7262723.695494809187949, -7292217.62863490357995 ], [ -7262887.891743729822338, -7292162.807624562643468 ], [ -7263046.855976580642164, -7292107.794646092690527 ], [ -7263301.109693552367389, -7292135.301086956635118 ], [ -7263534.212707274593413, -7292263.409281839616597 ], [ -7263624.270175325684249, -7292510.59093374107033 ], [ -7263693.176940127275884, -7292748.546721409074962 ], [ -7263656.107549694366753, -7292986.70212353207171 ], [ -7263640.188862510025501, -7293142.334248819388449 ], [ -7263603.119472075253725, -7293242.948507229797542 ], [ -7263534.212707274593413, -7293334.522074134089053 ], [ -7263449.49857478030026, -7293407.820176596753299 ], [ -7263364.673122798092663, -7293398.585732162930071 ], [ -7263189.901522250846028, -7293426.096713354811072 ], [ -7263062.774663764983416, -7293572.502933534793556 ], [ -7263041.512641024775803, -7293682.357495227828622 ], [ -7263226.970912685617805, -7293792.213600144721568 ], [ -7263475.992613589391112, -7293810.683429569937289 ], [ -7263618.926839767955244, -7293929.584000826813281 ], [ -7263756.740369369275868, -7294002.887681034393609 ], [ -7263905.01793110743165, -7294103.51301200222224 ], [ -7264042.831460709683597, -7294240.888881317339838 ], [ -7264297.085177681408823, -7294350.752832900732756 ], [ -7264440.130723350681365, -7294424.060461270622909 ], [ -7264572.60091739334166, -7294561.441962024196982 ], [ -7264874.499376425519586, -7294799.460163221694529 ], [ -7264900.993415234610438, -7294991.881143257953227 ], [ -7264900.993415234610438, -7295138.316681914962828 ], [ -7264900.993415234610438, -7295303.22831804305315 ], [ -7264630.821011079475284, -7295788.554385360330343 ], [ -7264556.682230210863054, -7296099.933284555561841 ], [ -7264482.543449342250824, -7296246.3895762283355 ], [ -7264424.212036167271435, -7296393.041069084778428 ], [ -7264334.154568116180599, -7296484.651533923111856 ], [ -7264275.934474430046976, -7296576.26307215820998 ], [ -7264154.039632011204958, -7296722.728286501020193 ], [ -7264101.051554393954575, -7296796.058156456798315 ], [ -7264048.06347677577287, -7296814.342614355497062 ], [ -7264032.144789593294263, -7296768.535316242836416 ], [ -7264016.337421900592744, -7296612.831002712249756 ], [ -7264042.831460709683597, -7296383.803098591044545 ], [ -7263968.581360350362957, -7296347.236239174380898 ], [ -7263867.948540672659874, -7296283.148419133387506 ], [ -7263708.984307819977403, -7296283.148419133387506 ], [ -7263571.282097708433867, -7296255.627384366467595 ], [ -7263497.143316839821637, -7296273.910578481853008 ], [ -7263454.730590847320855, -7296328.952873597852886 ], [ -7263354.097771171480417, -7296319.714978826232255 ], [ -7263195.133538317866623, -7296319.714978826232255 ], [ -7263041.512641024775803, -7296310.669550773687661 ], [ -7262977.949211779981852, -7296237.344233004376292 ], [ -7262866.741040477529168, -7296081.65049725305289 ], [ -7262729.038830366916955, -7295990.044754069298506 ], [ -7262644.213378382846713, -7295870.920403399504721 ], [ -7262601.800652390345931, -7295870.920403399504721 ], [ -7262485.249145529232919, -7295971.762223713099957 ], [ -7262374.040974227711558, -7295944.242284938693047 ], [ -7262326.396232166327536, -7295852.638151579536498 ], [ -7262209.844725307077169, -7295605.350839626044035 ], [ -7262109.100586139596999, -7295312.272580718621612 ], [ -7262178.007350941188633, -7295147.553181025199592 ], [ -7262246.914115741848946, -7295000.925045822747052 ], [ -7262321.052896609529853, -7294891.051959201693535 ], [ -7262379.384309785440564, -7294836.212204584851861 ], [ -7262437.604403469711542, -7294707.86944005638361 ], [ -7262559.499245890416205, -7294680.546364849433303 ], [ -7262670.707417191937566, -7294680.546364849433303 ], [ -7262755.532869174145162, -7294671.310417356900871 ], [ -7262723.695494809187949, -7294552.206155204214156 ], [ -7262713.120143184438348, -7294433.29611673951149 ], [ -7262845.479017737321556, -7294304.959964956156909 ], [ -7262962.030524596571922, -7294085.234891974367201 ], [ -7262962.030524596571922, -7293966.331954093649983 ], [ -7262856.165688852779567, -7293792.213600144721568 ], [ -7262702.544791558757424, -7293737.381551020778716 ], [ -7262533.005207079462707, -7293728.146717417985201 ], [ -7262453.523090654052794, -7293636.568541149608791 ], [ -7262374.040974227711558, -7293490.161121567711234 ], [ -7262331.628248234279454, -7293343.756442920304835 ], [ -7262305.245528916828334, -7293114.824265849776566 ], [ -7262236.338764117099345, -7293004.977676143869758 ], [ -7262220.420076930895448, -7292821.839331922121346 ], [ -7262146.281296064145863, -7292739.505423348397017 ], [ -7262050.880492454394698, -7292675.44716412294656 ], [ -7261854.846869167871773, -7292574.647842654958367 ], [ -7261823.120814290829003, -7292647.938823451288044 ], [ -7261770.13273667357862, -7292702.763234519399703 ], [ -7261701.22597187384963, -7292739.505423348397017 ], [ -7261584.674465012736619, -7292721.230491097085178 ], [ -7261494.616996959783137, -7292831.073095351457596 ], [ -7261436.396903275512159, -7292913.407967949286103 ], [ -7261356.914786848239601, -7292949.958773323334754 ], [ -7261266.857318797148764, -7293050.762932314537466 ], [ -7261182.143186302855611, -7293123.865997826680541 ], [ -7261102.661069876514375, -7293160.610165131278336 ], [ -7260975.422891899012029, -7293114.824265849776566 ], [ -7260954.27218865044415, -7293032.487272707745433 ], [ -7260864.214720597490668, -7292949.958773323334754 ], [ -7260795.419275287538767, -7292904.174107305705547 ], [ -7260678.756448936648667, -7292885.898790258914232 ], [ -7260556.972926010377705, -7292840.114499275572598 ], [ -7260440.421419149264693, -7292803.564207276329398 ], [ -7260334.44526391196996, -7292730.271768030710518 ], [ -7260217.893757050856948, -7292656.980015655048192 ], [ -7260122.604272931814194, -7292647.938823451288044 ], [ -7259995.477414445951581, -7292666.213584437035024 ], [ -7259820.594494410790503, -7292656.980015655048192 ], [ -7259698.810971483588219, -7292592.922432381659746 ], [ -7259566.340777438133955, -7292602.155925534665585 ], [ -7259523.928051446564496, -7292602.155925534665585 ], [ -7259476.283309387043118, -7292611.197064810432494 ], [ -7259417.95189621206373, -7292757.780398301780224 ], [ -7259423.295231769792736, -7292858.389709331095219 ], [ -7259375.539170218631625, -7292995.743707382120192 ], [ -7259253.755647292360663, -7293169.65195004362613 ], [ -7259025.884649638086557, -7293389.543682554736733 ], [ -7258946.51385270152241, -7293545.183825046755373 ], [ -7258829.962345840409398, -7293673.315117506310344 ], [ -7258692.148816239088774, -7293709.869474731385708 ], [ -7258580.940644937567413, -7293719.104286748915911 ], [ -7258464.389138077385724, -7293764.893724102526903 ], [ -7258337.262279590591788, -7293682.357495227828622 ], [ -7258141.228656304068863, -7293664.0803595604375 ], [ -7257992.951094565913081, -7293691.592274758964777 ], [ -7257892.206955399364233, -7293764.893724102526903 ], [ -7257796.917471280321479, -7293828.96090788487345 ], [ -7257590.30849636811763, -7293957.096850114874542 ], [ -7257272.491350154392421, -7293975.37467063870281 ], [ -7257071.114391307346523, -7293993.652533885091543 ], [ -7256949.330868380144238, -7293929.584000826813281 ], [ -7256657.896441483870149, -7293856.473403157666326 ], [ -7256530.769582998007536, -7293847.238428917713463 ], [ -7256451.2874665716663, -7293828.96090788487345 ], [ -7256297.666569276712835, -7293838.00346558354795 ], [ -7256101.632945989258587, -7293902.263644868507981 ], [ -7256016.918813496828079, -7293865.515992669388652 ], [ -7255884.448619451373816, -7293893.028616553172469 ], [ -7255736.171057716012001, -7293847.238428917713463 ], [ -7255561.2881376799196, -7293911.306287329643965 ], [ -7255428.929263125173748, -7293957.096850114874542 ], [ -7255317.609772332943976, -7294030.4007882270962 ], [ -7255222.208968722261488, -7294057.913992219604552 ], [ -7255137.494836228899658, -7293975.37467063870281 ], [ -7255026.286664927378297, -7293966.331954093649983 ], [ -7254925.653845248743892, -7293957.096850114874542 ], [ -7254861.979096514172852, -7294002.887681034393609 ], [ -7254814.334354455582798, -7294057.913992219604552 ], [ -7254729.620221961289644, -7294085.234891974367201 ], [ -7254586.574676292948425, -7294039.443578861653805 ], [ -7254358.814998128451407, -7294057.913992219604552 ], [ -7254226.344804086722434, -7294094.470147280022502 ], [ -7254077.955922858789563, -7294039.443578861653805 ], [ -7253924.335025563836098, -7294048.678780087269843 ], [ -7253770.714128269813955, -7294158.540031265467405 ], [ -7253679.766104291193187, -7294165.466536650434136 ], [ -7253527.03576292283833, -7294176.818322635255754 ], [ -7253378.758201185613871, -7294158.540031265467405 ], [ -7253156.230539090000093, -7294213.567437740974128 ], [ -7253013.184993421658874, -7294314.195479759015143 ], [ -7252796.000666882842779, -7294240.888881317339838 ], [ -7252700.599863273091614, -7294341.709682265296578 ], [ -7252626.46108240634203, -7294424.060461270622909 ], [ -7252504.566239986568689, -7294405.781591980718076 ], [ -7252393.358068685047328, -7294286.681374061852694 ], [ -7252335.137974999845028, -7294323.431005470454693 ], [ -7252260.887874639593065, -7294369.223981583490968 ], [ -7252154.911719405092299, -7294405.781591980718076 ], [ -7252027.784860919229686, -7294396.545969007536769 ], [ -7251916.576689617708325, -7294405.781591980718076 ], [ -7251842.43790874723345, -7294415.017225860618055 ], [ -7251678.130340336821973, -7294415.017225860618055 ], [ -7251508.702075350098312, -7294442.339373288676143 ], [ -7251386.807232930324972, -7294433.29611673951149 ], [ -7251254.337038888595998, -7294442.339373288676143 ], [ -7251159.047554769553244, -7294460.618328033015132 ], [ -7251047.728063974529505, -7294488.133045739494264 ], [ -7250947.095244297757745, -7294543.162771597504616 ], [ -7250713.992230575531721, -7294561.441962024196982 ], [ -7250618.591426966711879, -7294662.074480772018433 ], [ -7250396.175084361806512, -7294625.515672172419727 ], [ -7250253.129538693465292, -7294579.721195179969072 ], [ -7250104.85197695530951, -7294524.883623900823295 ], [ -7249802.84219843428582, -7294689.589907341636717 ], [ -7249680.947356014512479, -7294753.66466754116118 ], [ -7249479.681716660968959, -7294955.128370242193341 ], [ -7249421.350303484126925, -7295074.238769733346999 ], [ -7249352.554858173243701, -7295156.59726364351809 ], [ -7249246.578702938742936, -7295229.912447134032845 ], [ -7249082.382454019039869, -7295229.912447134032845 ], [ -7249002.900337592698634, -7295303.22831804305315 ], [ -7248833.360753116197884, -7295349.02703242842108 ], [ -7248764.453988314606249, -7295385.589223863556981 ], [ -7248764.453988314606249, -7295687.714927824214101 ], [ -7248764.453988314606249, -7295816.073776178061962 ], [ -7248817.442065929993987, -7295852.638151579536498 ], [ -7248859.854791923426092, -7296035.847491506487131 ], [ -7248928.761556725017726, -7296154.974354934878647 ], [ -7249029.394376401789486, -7296246.3895762283355 ], [ -7249087.61447008792311, -7296283.148419133387506 ], [ -7249140.602547703310847, -7296347.236239174380898 ], [ -7249172.439922071993351, -7296484.651533923111856 ], [ -7249257.154054564423859, -7296576.26307215820998 ], [ -7249442.612326226197183, -7296731.966657451353967 ], [ -7249633.302613956853747, -7296850.911658435128629 ], [ -7249845.143604936078191, -7296951.766118968836963 ], [ -7250035.945212154649198, -7297024.905663718469441 ], [ -7250247.786203133873641, -7297052.429406426846981 ], [ -7250470.313865229487419, -7297070.714463891461492 ], [ -7250602.784059274941683, -7297107.477182525210083 ], [ -7250735.254253317601979, -7297162.332869435660541 ], [ -7250798.817682561464608, -7297409.669430684298277 ], [ -7250804.04969862755388, -7297556.342744936235249 ], [ -7250713.992230575531721, -7297821.978586128912866 ], [ -7250592.097388157621026, -7297867.79205677472055 ], [ -7250470.313865229487419, -7297931.892867565155029 ], [ -7250634.510114149190485, -7297950.179982013069093 ], [ -7250772.323643752373755, -7298014.281468317843974 ], [ -7250894.107166680507362, -7298041.808694319799542 ], [ -7251005.315337982028723, -7298060.096065876074135 ], [ -7251106.059477150440216, -7298023.521365541033447 ], [ -7251270.255726071074605, -7298069.336017247289419 ], [ -7251540.428130225278437, -7298243.357140992768109 ], [ -7251667.55498871114105, -7298316.701274941675365 ], [ -7251826.519221564754844, -7298426.622512102127075 ], [ -7251884.739315249025822, -7298563.881848550401628 ], [ -7252075.540922468528152, -7298710.576818930916488 ], [ -7252260.887874639593065, -7298802.214443997479975 ], [ -7252382.782717059366405, -7298829.744444548152387 ], [ -7252478.072201178409159, -7298848.033659351989627 ], [ -7252716.518550456501544, -7298902.901560486294329 ], [ -7252875.371463819406927, -7299022.072117891162634 ], [ -7253029.10368060413748, -7299067.892621875740588 ], [ -7253251.520023209042847, -7299159.534435560926795 ], [ -7253468.815669238567352, -7299278.516376351006329 ], [ -7253595.942527724429965, -7299406.934192387387156 ], [ -7253738.988073392771184, -7299535.161582835949957 ], [ -7253945.597048305906355, -7299699.973450035788119 ], [ -7254231.576820152811706, -7299910.80678038764745 ], [ -7254507.092559866607189, -7299984.166560349985957 ], [ -7254840.82839326467365, -7300112.403419848531485 ], [ -7255058.0127198016271, -7300194.815004518255591 ], [ -7255312.377756264060736, -7300240.642383116297424 ], [ -7255418.353911499492824, -7300240.642383116297424 ], [ -7255465.998653559014201, -7300359.833335962146521 ], [ -7255540.137434428557754, -7300442.247529303655028 ], [ -7255577.206824862398207, -7300552.198658842593431 ], [ -7255614.276215297169983, -7300753.811840812675655 ], [ -7255714.909034973941743, -7301001.26206127461046 ], [ -7255820.885190209373832, -7301102.170080677606165 ], [ -7255990.424774685874581, -7301276.258733770810068 ], [ -7256165.30769472476095, -7301413.760698228143156 ], [ -7256297.666569276712835, -7301450.351264330558479 ], [ -7256371.805350145325065, -7301624.447672572918236 ], [ -7256504.275544187054038, -7301917.762670285999775 ], [ -7256620.827051050029695, -7302064.520595754496753 ], [ -7256732.035222351551056, -7302256.927877397276461 ], [ -7256806.285322709940374, -7302412.744652615860105 ], [ -7256917.49349401332438, -7302559.319263029843569 ], [ -7257060.539039681665599, -7302751.931340547278523 ], [ -7257187.665898168459535, -7302898.51231228094548 ], [ -7257304.217405028641224, -7302944.355545841157436 ], [ -7257362.548818203620613, -7303091.132749408483505 ], [ -7257362.548818203620613, -7303219.420594319701195 ], [ -7257373.124169830232859, -7303402.802671802230179 ], [ -7257320.136092212982476, -7303494.302691439166665 ], [ -7257320.136092212982476, -7303595.24290322791785 ], [ -7257336.054779396392405, -7303870.330861644819379 ], [ -7257399.618208638392389, -7304081.084069767966866 ], [ -7257463.181637882255018, -7304273.733656324446201 ], [ -7257600.883847994729877, -7304447.892969831824303 ], [ -7257733.35404203645885, -7304594.50575489923358 ], [ -7257807.49282290507108, -7304667.909509772434831 ], [ -7257855.137564964592457, -7304796.223241282626987 ], [ -7257770.423432471230626, -7304943.035230170935392 ], [ -7257648.528590052388608, -7305043.801485436037183 ], [ -7257569.157793117687106, -7305135.513394081033766 ], [ -7257447.262950698845088, -7305254.779019729234278 ], [ -7257447.262950698845088, -7305483.874318259768188 ], [ -7257351.973466578871012, -7305548.037620141170919 ], [ -7257267.14801459480077, -7305676.558491036295891 ], [ -7257214.159936975687742, -7305841.499917293898761 ], [ -7257224.735288602299988, -7306080.054540995508432 ], [ -7257288.298717846162617, -7306217.448352364823222 ], [ -7257383.69952145498246, -7306336.730492746457458 ], [ -7257410.19356026314199, -7306400.900798136368394 ], [ -7257457.838302322663367, -7306685.144974474795163 ], [ -7257531.977083193138242, -7306786.126411793753505 ], [ -7257457.838302322663367, -7306896.166830374859273 ], [ -7257378.467505387961864, -7307042.825559149496257 ], [ -7257277.723366221413016, -7307107.194385565817356 ], [ -7257277.723366221413016, -7307244.606259386986494 ], [ -7257235.421959717758, -7307391.464257488027215 ], [ -7257171.747210985980928, -7307574.944270249456167 ], [ -7257108.183781741186976, -7307675.744472382590175 ], [ -7257140.021156108938158, -7307813.35908504575491 ], [ -7257272.491350154392421, -7307868.48270504642278 ], [ -7257378.467505387961864, -7307895.851919600740075 ], [ -7257447.262950698845088, -7307950.976121621206403 ], [ -7257468.413653949275613, -7308051.781175287440419 ], [ -7257510.826379941776395, -7308189.402411521412432 ], [ -7257516.169715498574078, -7308327.026071953587234 ], [ -7257542.663754308596253, -7308455.399906920269132 ], [ -7257579.733144742436707, -7308611.340330639854074 ], [ -7257579.733144742436707, -7308721.406458966434002 ], [ -7257579.733144742436707, -7308859.039491266943514 ], [ -7257637.953238427639008, -7309024.240884493105114 ], [ -7257701.516667669638991, -7309143.373111904598773 ], [ -7257786.342119655571878, -7309207.759246708825231 ], [ -7257849.905548897571862, -7309262.69993101991713 ], [ -7257892.206955399364233, -7309418.656469779089093 ], [ -7257955.88170413300395, -7309547.048243690282106 ], [ -7258008.869781750254333, -7309648.06667816452682 ], [ -7258061.746539876796305, -7309748.893631915561855 ], [ -7258104.159265869297087, -7309785.716036942787468 ], [ -7258157.147343487478793, -7309904.85987710673362 ], [ -7258194.216733922250569, -7309978.313538393005729 ], [ -7258104.159265869297087, -7310097.6531116142869 ], [ -7258093.583914244547486, -7310207.740182622335851 ], [ -7258056.51452380977571, -7310354.461089952848852 ], [ -7258067.089875436387956, -7310510.439426039345562 ], [ -7258088.240578685887158, -7310611.470319295302033 ], [ -7258125.421288611367345, -7310813.343212628737092 ], [ -7258151.915327420458198, -7311033.539079333655536 ], [ -7258369.099653958342969, -7311235.422880656085908 ], [ -7258496.226512444205582, -7311262.996717914938927 ], [ -7258612.778019304387271, -7311363.844518136233091 ], [ -7258761.055581040680408, -7311382.163091941736639 ], [ -7258829.962345840409398, -7311437.311899797059596 ], [ -7258946.51385270152241, -7311519.843010918237269 ], [ -7259068.297375631518662, -7311666.588565414771438 ], [ -7259169.04151479806751, -7311795.210129336453974 ], [ -7259306.743724908679724, -7311896.064801100641489 ], [ -7259433.870583395473659, -7311868.488728992640972 ], [ -7259481.515325454063714, -7311969.537188747897744 ], [ -7259529.271387004293501, -7311987.857183075509965 ], [ -7259714.618339176289737, -7311978.600759518332779 ], [ -7259857.663884844630957, -7312125.547778672538698 ], [ -7259953.064688455313444, -7312253.984051616862416 ], [ -7260011.284782140515745, -7312419.257257928140461 ], [ -7260064.272859756834805, -7312657.819966682232916 ], [ -7260052.139035262167454, -7312761.000113300979137 ], [ -7260038.892015857622027, -7312850.488297455944121 ], [ -7260013.733810937963426, -7312951.549462325870991 ], [ -7259983.232270460575819, -7313029.467741734348238 ], [ -7259952.8420494729653, -7313105.26522970944643 ], [ -7259872.692016101442277, -7313217.709168668836355 ], [ -7259782.634548050351441, -7313373.744692038744688 ], [ -7259687.233744440600276, -7313410.391311493702233 ], [ -7259634.245666822418571, -7313447.230981205590069 ], [ -7259650.1643540058285, -7313557.365270895883441 ], [ -7259581.257589205168188, -7313649.17717922013253 ], [ -7259496.543456712737679, -7313695.083538120612502 ], [ -7259438.212043535895646, -7313740.990166852250695 ], [ -7259369.416598225012422, -7313786.897065418772399 ], [ -7259358.72992710955441, -7313897.036145044490695 ], [ -7259289.934481798671186, -7313997.917960878461599 ], [ -7259189.190342632122338, -7314108.060016456060112 ], [ -7258972.006016094237566, -7314291.697860707528889 ], [ -7258897.867235226556659, -7314365.192787659354508 ], [ -7258823.728454357013106, -7314585.48881200607866 ], [ -7258643.613518253900111, -7314613.074478759430349 ], [ -7258505.911308142356575, -7314631.400674875825644 ], [ -7258373.441114099696279, -7314622.141117778606713 ], [ -7258352.290410847403109, -7314695.639154522679746 ], [ -7258378.673130166716874, -7314796.531286803074181 ], [ -7258452.923230526037514, -7314833.377495602704585 ], [ -7258606.544127820059657, -7314842.44439039286226 ], [ -7258691.258260313421488, -7314879.290815819054842 ], [ -7258807.8097671745345, -7314888.357763911597431 ], [ -7258892.635219157673419, -7314943.531334553845227 ], [ -7258956.19864840246737, -7314980.185320756398141 ], [ -7259046.256116451695561, -7315044.426669456064701 ], [ -7259130.97024894785136, -7315117.928680598735809 ], [ -7259183.95832656417042, -7315264.741855115629733 ], [ -7259104.476210137829185, -7315393.422689131461084 ], [ -7258934.936625660397112, -7315512.652101001702249 ], [ -7258760.165025115013123, -7315466.735056949779391 ], [ -7258664.764221504330635, -7315393.422689131461084 ], [ -7258505.911308142356575, -7315310.657711495645344 ], [ -7258452.923230526037514, -7315384.162228470668197 ], [ -7258421.085856159217656, -7315475.995615527033806 ], [ -7258352.290410847403109, -7315494.323836756870151 ], [ -7258278.040310488082469, -7315659.665629483759403 ], [ -7258225.052232871763408, -7315760.570217277854681 ], [ -7258166.832139185629785, -7315742.241371153853834 ], [ -7258140.338100377470255, -7315889.259221971966326 ], [ -7258066.199319508858025, -7315934.985810752026737 ], [ -7258018.443257958628237, -7316026.825675643049181 ], [ -7257923.153773839585483, -7315990.166776522062719 ], [ -7257780.108228170312941, -7315962.576244895346463 ], [ -7257875.509031779132783, -7316045.348132223822176 ], [ -7257933.729125465266407, -7316146.257703796029091 ], [ -7258013.211241891607642, -7316210.508645844645798 ], [ -7258087.350022760219872, -7316054.416434277780354 ], [ -7258177.407490812242031, -7316155.51906823925674 ], [ -7258230.395568428561091, -7316219.770086489617825 ], [ -7258320.453036480583251, -7316311.613300791941583 ], [ -7258368.097778540104628, -7316384.934289292432368 ], [ -7258431.661207783967257, -7316467.710653657093644 ], [ -7258495.22463702596724, -7316541.033107873052359 ], [ -7258569.474737385287881, -7316541.033107873052359 ], [ -7258590.625440636649728, -7316541.033107873052359 ], [ -7258728.327650747261941, -7316559.556784191168845 ], [ -7258866.141180350445211, -7316596.218356450088322 ], [ -7258977.349351651966572, -7316623.811126992106438 ], [ -7259130.97024894785136, -7316706.397064815275371 ], [ -7259178.614991007372737, -7316798.246002865955234 ], [ -7259210.452365374192595, -7317027.873074789531529 ], [ -7259157.464287755079567, -7317238.981567585840821 ], [ -7259030.337429269216955, -7317330.836770553141832 ], [ -7259035.680764828808606, -7317477.691556193865836 ], [ -7259104.476210137829185, -7317532.883424920029938 ], [ -7259115.051561762578785, -7317643.075350785627961 ], [ -7259109.81954569555819, -7317679.742010690271854 ], [ -7259168.039639380760491, -7317835.866716357879341 ], [ -7259252.865091365762055, -7317955.326417588628829 ], [ -7259390.567301477305591, -7318056.453667473047972 ], [ -7259470.049417903646827, -7318148.125493354164064 ], [ -7259422.40467584412545, -7318230.920551643706858 ], [ -7259475.39275346044451, -7318285.924747074954212 ], [ -7259501.775472778826952, -7318405.391334380954504 ], [ -7259475.39275346044451, -7318524.859749676659703 ], [ -7259401.142653102055192, -7318543.195128691382706 ], [ -7259268.672459056600928, -7318524.859749676659703 ], [ -7259305.853168983012438, -7318690.072718793526292 ], [ -7259146.888936130329967, -7318818.617003134451807 ], [ -7259051.488132519647479, -7318772.680514364503324 ], [ -7258924.361274034716189, -7318781.944994543679059 ], [ -7258881.948548041284084, -7318791.209485717117786 ], [ -7258776.083712297491729, -7318726.937304618768394 ], [ -7258654.188869879581034, -7318754.344596421346068 ], [ -7258648.956853811629117, -7318855.482195907272398 ], [ -7258553.556050201877952, -7318791.209485717117786 ], [ -7258463.49858214892447, -7318772.680514364503324 ], [ -7258458.155246592126787, -7318965.692789320833981 ], [ -7258511.143324208445847, -7319103.506473392248154 ], [ -7258442.236559408716857, -7319259.65965180657804 ], [ -7258458.155246592126787, -7319305.599005905911326 ], [ -7258532.294027460739017, -7319360.610772985033691 ], [ -7258606.544127820059657, -7319406.550721099600196 ], [ -7258670.107557062990963, -7319452.490939541719854 ], [ -7258802.466431614942849, -7319498.43142830953002 ], [ -7258887.291883600875735, -7319599.385636982508004 ], [ -7258934.936625660397112, -7319636.254516629502177 ], [ -7258993.268038835376501, -7319682.196086750365794 ], [ -7259019.762077644467354, -7319718.872324185445905 ], [ -7259120.394897321239114, -7319774.080038042739034 ], [ -7259146.888936130329967, -7319746.476132315583527 ], [ -7259236.946404182352126, -7319718.872324185445905 ], [ -7259342.922559417784214, -7319764.814380482770503 ], [ -7259374.648614292964339, -7319838.360840146429837 ], [ -7259448.898714653216302, -7319939.319444593973458 ], [ -7259528.269511587917805, -7319939.319444593973458 ], [ -7259570.682237579487264, -7319939.319444593973458 ], [ -7259671.315057258121669, -7319939.319444593973458 ], [ -7259734.878486500121653, -7319976.189929619431496 ], [ -7259819.703938485123217, -7320058.811334632337093 ], [ -7259883.267367728054523, -7320132.360563988797367 ], [ -7260111.027045890688896, -7320095.489341400563717 ], [ -7260238.153904376551509, -7320095.489341400563717 ], [ -7260338.786724053323269, -7320159.772789977490902 ], [ -7260360.048746795393527, -7320205.717440940439701 ], [ -7260487.175605281256139, -7320196.644316174089909 ], [ -7260492.518940838985145, -7320214.98362180031836 ], [ -7260497.75095690600574, -7320260.928597692400217 ], [ -7260503.094292465597391, -7320315.947096857242286 ], [ -7260508.326308532617986, -7320417.104928214102983 ], [ -7260519.012979648075998, -7320499.730999680235982 ], [ -7260667.290541384369135, -7320518.071017316542566 ], [ -7260810.336087054572999, -7320573.284383153542876 ], [ -7260820.9114386793226, -7320692.785977206192911 ], [ -7260826.254774237051606, -7320729.466962663456798 ], [ -7260905.736890663392842, -7320775.414966558106244 ], [ -7260995.794358716346323, -7320775.414966558106244 ], [ -7261027.520413592457771, -7320793.755631869658828 ], [ -7261101.659194459207356, -7320848.970947561785579 ], [ -7261207.635349694639444, -7320830.630152530968189 ], [ -7261297.692817746661603, -7320867.311785685829818 ], [ -7261318.954840488731861, -7320903.993591205216944 ], [ -7261419.587660164572299, -7320922.334558599628508 ], [ -7261541.371183093637228, -7320876.38568995334208 ], [ -7261594.359260709956288, -7320894.919654846191406 ], [ -7261652.690673886798322, -7320894.919654846191406 ], [ -7261774.474196814931929, -7320894.919654846191406 ], [ -7261975.739836169406772, -7320977.550783738493919 ], [ -7262087.059326963499188, -7320995.891923953779042 ], [ -7262193.035482197999954, -7321097.058566459454596 ], [ -7262261.830927507020533, -7321188.95917203463614 ], [ -7262325.394356750883162, -7321271.593413416296244 ], [ -7262473.783237978816032, -7321326.619035955518484 ], [ -7262590.334744838066399, -7321436.864520418457687 ], [ -7262632.63615133985877, -7321464.474403926171362 ], [ -7262743.955642133019865, -7321464.474403926171362 ], [ -7262839.356445743702352, -7321574.721835315227509 ], [ -7262977.058655854314566, -7321712.58158481772989 ], [ -7263072.34813997335732, -7321795.221369323320687 ], [ -7263167.748943583108485, -7321859.711902376264334 ], [ -7263279.068434376269579, -7321859.711902376264334 ], [ -7263474.990738173946738, -7321951.42839849088341 ], [ -7263586.310228965245187, -7322034.263802180998027 ], [ -7263840.563945936970413, -7322116.906992325559258 ], [ -7263973.034139982424676, -7322135.250809731893241 ], [ -7264163.724427710287273, -7322107.638553608208895 ], [ -7264359.75805099774152, -7322107.638553608208895 ], [ -7264566.255706418305635, -7322080.219486834481359 ], [ -7264661.656510029919446, -7322034.263802180998027 ], [ -7264841.771446132101119, -7322024.995461590588093 ], [ -7264905.334875374101102, -7322058.013975174166262 ], [ -7264981.700046058744192, -7322146.257120865397155 ], [ -7265096.136482595466077, -7322278.720258154906332 ], [ -7265140.552959421649575, -7322355.766178079880774 ], [ -7265172.390333789400756, -7322532.260199330747128 ], [ -7265223.26334108132869, -7322686.744018277153373 ], [ -7265274.025028883479536, -7322896.267583131790161 ], [ -7265293.171981298364699, -7323171.843083638697863 ], [ -7265274.025028883479536, -7323359.36358050070703 ], [ -7265261.334606932476163, -7323701.199352699331939 ], [ -7265166.045122813433409, -7323844.697587391361594 ], [ -7265147.009489887394011, -7323988.005321508273482 ], [ -7265102.48169356957078, -7324054.252238864079118 ], [ -7265013.426100935786963, -7324065.261256290599704 ], [ -7264848.116657107137144, -7324054.252238864079118 ], [ -7264651.081158404238522, -7324021.032140049152076 ], [ -7264403.172652407549322, -7324109.297481290064752 ], [ -7264161.609357384964824, -7324131.508829387836158 ], [ -7264008.990335507318377, -7324076.270289247855544 ], [ -7263869.173055072315037, -7324076.270289247855544 ], [ -7263850.137422145344317, -7324197.563820726238191 ], [ -7263850.137422145344317, -7324274.821829836815596 ], [ -7263837.335680705495179, -7324352.080603715032339 ], [ -7263824.645258754491806, -7324451.359250937588513 ], [ -7263672.02623687684536, -7324726.989663938060403 ], [ -7263754.736618535593152, -7324804.252913979813457 ], [ -7263811.954836803488433, -7324837.283186761662364 ], [ -7263824.645258754491806, -7324914.547528695315123 ], [ -7263818.300047779455781, -7325046.864490854553878 ], [ -7263748.39140756148845, -7325146.151976552791893 ], [ -7263640.300181999802589, -7325245.440725398249924 ], [ -7263481.447268638759851, -7325344.730737435631454 ], [ -7263341.518668712116778, -7325399.978256106376648 ], [ -7263252.574395567178726, -7325399.978256106376648 ], [ -7263118.991006615571678, -7325399.978256106376648 ], [ -7262960.13809325452894, -7325433.011050252243876 ], [ -7262794.828649425879121, -7325377.95647101663053 ], [ -7262629.519205597229302, -7325333.719915071502328 ], [ -7262515.082769063301384, -7325455.032990692183375 ], [ -7262432.48370689433068, -7325631.597110453061759 ], [ -7262419.681965451687574, -7325786.14228801894933 ], [ -7262279.864685016684234, -7325951.509017410688102 ], [ -7262089.174397286958992, -7326050.808013022877276 ], [ -7261930.210164434276521, -7326139.096313419751823 ], [ -7261739.519876706413925, -7326117.072442575357854 ], [ -7261593.357385294511914, -7326150.108272151090205 ], [ -7261415.357519514858723, -7326106.060530458576977 ], [ -7261243.702864713035524, -7326039.79619441088289 ], [ -7261103.774264784529805, -7325984.737334427423775 ], [ -7261027.520413592457771, -7325918.474028536118567 ], [ -7260970.302195323631167, -7325962.52071144618094 ], [ -7260919.429188031703234, -7326194.349455952644348 ], [ -7260906.738766081631184, -7326304.663718419149518 ], [ -7260804.992751494981349, -7326260.421909231692553 ], [ -7260747.77453322801739, -7326326.688118690624833 ], [ -7260652.485049108974636, -7326381.74939130526036 ], [ -7260569.774667449295521, -7326492.066302903927863 ], [ -7260582.465089400298893, -7326689.71328610740602 ], [ -7260582.576408890075982, -7326690.679314936511219 ], [ -7260760.576274668797851, -7326690.679314936511219 ], [ -7260894.048344129696488, -7326635.615862546488643 ], [ -7261033.865624567493796, -7326657.641196876764297 ], [ -7261091.083842835389078, -7326845.245467875152826 ], [ -7261173.79422449413687, -7327021.841044688597322 ], [ -7261250.048075687140226, -7327275.535120401531458 ], [ -7261288.119341537356377, -7327275.535120401531458 ], [ -7261383.520145149901509, -7327374.850965378805995 ], [ -7261447.083574391901493, -7327485.181917279958725 ], [ -7261459.773996341042221, -7327661.791977083310485 ], [ -7261459.773996341042221, -7327716.862671035341918 ], [ -7261637.77386211976409, -7327860.434763756580651 ], [ -7261548.829588976688683, -7327959.758053446188569 ], [ -7261555.174799951724708, -7328103.141374686732888 ], [ -7261606.047807244583964, -7328290.780401803553104 ], [ -7261656.80949504673481, -7328500.454477761872113 ], [ -7261675.956447461619973, -7328577.755097767338157 ], [ -7261650.575603562407196, -7328666.071993409655988 ], [ -7261625.083440169692039, -7328798.452582252211869 ], [ -7261771.357251073233783, -7328776.421204376034439 ], [ -7261834.920680315233767, -7328875.756154590286314 ], [ -7261879.448476633056998, -7328997.124308316037059 ], [ -7261955.702327826060355, -7329129.510514074936509 ], [ -7262038.301389995962381, -7329228.8499596696347 ], [ -7262133.702193604782224, -7329405.499491053633392 ], [ -7262305.356848408468068, -7329559.926154275424778 ], [ -7262508.737558087334037, -7329758.617270994000137 ], [ -7262549.14653324522078, -7329768.281364852562547 ], [ -7262648.554838524200022, -7329791.668521529063582 ], [ -7262743.955642133019865, -7329769.634338947013021 ], [ -7262807.519071375019848, -7329659.271080146543682 ], [ -7262896.4633445199579, -7329637.237271468155086 ], [ -7263011.011100545525551, -7329681.30495104752481 ], [ -7263131.792748056352139, -7329714.549154739826918 ], [ -7263258.808287052437663, -7329758.617270994000137 ], [ -7263366.899512612260878, -7329769.634338947013021 ], [ -7263513.173323515802622, -7329659.271080146543682 ], [ -7263595.772385681979358, -7329692.515189954079688 ], [ -7263729.355774635449052, -7329736.583181752823293 ], [ -7263843.680891680531204, -7329813.896049462258816 ], [ -7263964.462539191357791, -7329879.999158897437155 ], [ -7264091.700717166997492, -7329902.226938479579985 ], [ -7264142.46240497007966, -7329990.36554004624486 ], [ -7264161.609357384964824, -7330167.032314074225724 ], [ -7264288.736215870827436, -7330409.810687123797834 ], [ -7264307.771848796866834, -7330564.450532102957368 ], [ -7264301.426637821830809, -7330730.111866636201739 ], [ -7264345.95443413965404, -7330741.130306532606483 ], [ -7264339.609223165549338, -7330906.602082604542375 ], [ -7264358.64485608972609, -7331016.982987483032048 ], [ -7264371.335278038866818, -7331028.001832546666265 ], [ -7264581.172518185339868, -7331005.964157982729375 ], [ -7264619.243784037418664, -7331072.270682733505964 ], [ -7264797.354969305917621, -7331138.384455099701881 ], [ -7264943.517460717819631, -7331116.346468724310398 ], [ -7265045.263475302606821, -7331050.232883117161691 ], [ -7265178.735544764436781, -7331028.001832546666265 ], [ -7265229.608552055433393, -7331050.232883117161691 ], [ -7265242.298974006436765, -7331116.346468724310398 ], [ -7265331.354566641151905, -7331215.71121553145349 ], [ -7265305.862403250299394, -7331271.000319167040288 ], [ -7265369.425832492299378, -7331370.367035807110369 ], [ -7265439.334472711198032, -7331436.483334492892027 ], [ -7265490.207480003125966, -7331569.104266133159399 ], [ -7265490.207480003125966, -7331679.494545189663768 ], [ -7265560.116120220161974, -7331800.90632314607501 ], [ -7265617.334338488988578, -7331900.279789661988616 ], [ -7265630.136079930700362, -7332143.112107844091952 ], [ -7265579.263072637841105, -7332198.407784674316645 ], [ -7265636.481290904805064, -7332264.531101630069315 ], [ -7265712.735142098739743, -7332308.806969265453517 ], [ -7265871.699374952353537, -7332330.84832457266748 ], [ -7265960.643648096360266, -7332408.186906000599265 ], [ -7265998.82623343821615, -7332518.589059500955045 ], [ -7265903.425429827533662, -7332584.908442324027419 ], [ -7265909.77064080350101, -7332684.291896621696651 ], [ -7266017.861866364255548, -7332794.697957893833518 ], [ -7266132.29830290004611, -7332849.804895343258977 ], [ -7266278.460794310085475, -7332816.740686157718301 ], [ -7266431.079816189594567, -7332794.697957893833518 ], [ -7266539.171041748486459, -7332827.762073646299541 ], [ -7266602.734470990486443, -7332949.19172462169081 ], [ -7266545.516252722591162, -7333136.947342226281762 ], [ -7266418.389394236728549, -7333236.337830112315714 ], [ -7266513.678878355771303, -7333280.425844995304942 ], [ -7266640.917056333273649, -7333379.818161080591381 ], [ -7266761.698703844100237, -7333390.840344181284308 ], [ -7266907.861195254139602, -7333435.122605198994279 ], [ -7266971.424624498002231, -7333490.234067198820412 ], [ -7266958.734202548861504, -7333633.912446309812367 ], [ -7266952.388991573825479, -7333700.047932892106473 ], [ -7266996.805468399077654, -7333832.707353760488331 ], [ -7266926.896828182041645, -7333887.82162494212389 ], [ -7266869.789929403923452, -7333976.198655136860907 ], [ -7266907.861195254139602, -7334031.507327876985073 ], [ -7266977.769835473969579, -7334130.90921503584832 ], [ -7267047.678475692868233, -7334318.499885088764131 ], [ -7267085.861061034724116, -7334517.312241360545158 ], [ -7267111.353224424645305, -7334649.985562943853438 ], [ -7267066.825428108684719, -7334826.564490065909922 ], [ -7266958.734202548861504, -7334992.316364702768624 ], [ -7266850.642976987175643, -7335146.853665889240801 ], [ -7266946.043780597858131, -7335213.19539915304631 ], [ -7267060.480217133648694, -7335312.612347419373691 ], [ -7267181.261864644475281, -7335434.080689072608948 ], [ -7267295.698301179334521, -7335500.42486556340009 ], [ -7267441.860792591236532, -7335588.820170021615922 ], [ -7267562.642440100200474, -7335643.94685179553926 ], [ -7267778.824891221709549, -7335743.369291015900671 ], [ -7267982.205600900575519, -7335898.114908583462238 ], [ -7268147.51504473015666, -7335986.514720592647791 ], [ -7268280.987114190123975, -7336074.722096278332174 ], [ -7268420.915714116767049, -7336096.967534951865673 ], [ -7268503.514776286669075, -7336119.019597654230893 ], [ -7268598.80426040571183, -7336196.395749491639435 ], [ -7268694.205064014531672, -7336251.526726024225354 ], [ -7268808.641500550322235, -7336251.526726024225354 ], [ -7268885.006671234965324, -7336273.579225759021938 ], [ -7268929.423148062080145, -7336328.904192538931966 ], [ -7269012.022210231050849, -7336406.28242677077651 ], [ -7269107.423013839870691, -7336406.28242677077651 ], [ -7269215.514239399693906, -7336361.983293725177646 ], [ -7269279.077668643556535, -7336373.009691965766251 ], [ -7269342.641097885556519, -7336384.036105796694756 ], [ -7269463.422745397314429, -7336439.361856163479388 ], [ -7269495.260119763202965, -7336560.847748093307018 ], [ -7269673.259985541924834, -7336604.954559285193682 ], [ -7269825.76768792886287, -7336527.767803399823606 ], [ -7270022.914506124332547, -7336560.847748093307018 ], [ -7270054.640561001375318, -7336748.690328541211784 ], [ -7270035.604928073473275, -7336925.510238553397357 ], [ -7270283.513434070162475, -7337035.976352678611875 ], [ -7270493.239354725927114, -7337124.389063489623368 ], [ -7270639.513165627606213, -7337278.968618218787014 ], [ -7270747.604391188360751, -7337499.9124253122136 ], [ -7270817.51303140539676, -7337698.805899743922055 ], [ -7270753.949602163396776, -7338008.184333747252822 ], [ -7270677.584431478753686, -7338582.85977803170681 ], [ -7270747.604391188360751, -7338759.527777559123933 ], [ -7270887.421671624295413, -7338980.707049133256078 ], [ -7271014.548530111089349, -7339334.258599177934229 ], [ -7271071.76674837898463, -7339599.5779266981408 ], [ -7271078.111959353089333, -7339831.61878717225045 ], [ -7270919.147726499475539, -7340008.31508285459131 ], [ -7270881.076460649259388, -7340196.240728936158121 ], [ -7270817.51303140539676, -7340340.042711825110018 ], [ -7270722.112227796576917, -7340362.106776996515691 ], [ -7270626.822743677534163, -7340439.525043426081538 ], [ -7270512.3863071417436, -7340461.589390121400356 ], [ -7270442.477666924707592, -7340539.008644374087453 ], [ -7270404.295081581920385, -7340594.170332027599216 ], [ -7270397.94987060688436, -7340726.75352846365422 ], [ -7270582.294947359710932, -7340649.525961788371205 ], [ -7270715.767016821540892, -7340594.170332027599216 ], [ -7270830.20345335546881, -7340594.170332027599216 ], [ -7270887.421671624295413, -7340649.525961788371205 ], [ -7270950.98510086722672, -7340793.142749866470695 ], [ -7270868.386038698256016, -7340903.663669699802995 ], [ -7270760.294813138432801, -7340914.696492007933557 ], [ -7270722.112227796576917, -7340947.988611857406795 ], [ -7270779.330446064472198, -7341058.511726753786206 ], [ -7270823.858242380432785, -7341113.677090065553784 ], [ -7270855.695616748183966, -7341379.056977375410497 ], [ -7270887.421671624295413, -7341412.157509405165911 ], [ -7270970.132053284905851, -7341467.518947235308588 ], [ -7270950.98510086722672, -7341555.981920850463212 ], [ -7270900.112093575298786, -7341622.184627803042531 ], [ -7270900.112093575298786, -7341699.61540768481791 ], [ -7270900.112093575298786, -7341766.012913894839585 ], [ -7270868.386038698256016, -7341810.149178429506719 ], [ -7270823.858242380432785, -7341876.547626035287976 ], [ -7270798.366078989580274, -7342097.621751980856061 ], [ -7270709.42180584743619, -7342197.126513004302979 ], [ -7270709.42180584743619, -7342274.369411275722086 ], [ -7270772.985235089436173, -7342340.771812772378325 ], [ -7270817.51303140539676, -7342495.648416597396135 ], [ -7270753.949602163396776, -7342595.158258102834225 ], [ -7270677.584431478753686, -7342495.648416597396135 ], [ -7270614.021002234891057, -7342495.648416597396135 ], [ -7270671.350539995357394, -7342583.929457546211779 ], [ -7270715.767016821540892, -7342694.475767216645181 ], [ -7270703.076594870537519, -7342805.217249862849712 ], [ -7270664.894009529612958, -7342937.838053495623171 ], [ -7270582.294947359710932, -7343092.532907275483012 ], [ -7270410.640292557887733, -7343081.497002502903342 ], [ -7270226.295215803198516, -7343059.425239828415215 ], [ -7270162.731786559335887, -7343059.425239828415215 ], [ -7270302.549066996201873, -7343181.014322592876852 ], [ -7270531.421940068714321, -7343225.352214763872325 ], [ -7270614.021002234891057, -7343181.014322592876852 ], [ -7270722.112227796576917, -7343214.316121960990131 ], [ -7270760.294813138432801, -7343357.980166179127991 ], [ -7270830.20345335546881, -7343490.610374122858047 ], [ -7270938.294678916223347, -7343800.218721962533891 ], [ -7270982.822475234046578, -7343855.597121281549335 ], [ -7271059.076326427981257, -7343910.782281193882227 ], [ -7271198.893606864847243, -7343933.05008792784065 ], [ -7271294.294410473667085, -7343988.235796171240509 ], [ -7271345.167417765595019, -7344098.802022243849933 ], [ -7271345.167417765595019, -7344198.332330612465739 ], [ -7271319.675254375673831, -7344330.976837610825896 ], [ -7271364.203050691634417, -7344463.817248400300741 ], [ -7271408.730847009457648, -7344552.120581638999283 ], [ -7271472.294276251457632, -7344729.117555513978004 ], [ -7271472.294276251457632, -7344961.311146422289312 ], [ -7271567.695079860277474, -7345204.744214650243521 ], [ -7271624.80197863932699, -7345348.444948426447809 ], [ -7271758.385367591865361, -7345492.34200369566679 ], [ -7271847.32964073587209, -7345636.048039916902781 ], [ -7271955.420866294763982, -7345735.597979643382132 ], [ -7272044.4764589285478, -7345835.149190866388381 ], [ -7272190.638950341381133, -7345945.741618721745908 ], [ -7272305.075386876240373, -7345967.821555812843144 ], [ -7272374.984027095139027, -7346177.971456262283027 ], [ -7272406.821401462890208, -7346321.883827356621623 ], [ -7272444.892667312175035, -7346498.727297795005143 ], [ -7272540.293470923788846, -7346498.727297795005143 ], [ -7272622.892533091828227, -7346399.1676105260849 ], [ -7272845.420195187442005, -7346321.883827356621623 ], [ -7272953.51142074726522, -7346343.964830063283443 ], [ -7273042.455693890340626, -7346443.52381216455251 ], [ -7273233.257301111705601, -7346554.124872935004532 ], [ -7273271.328566961921751, -7346532.043274807743728 ], [ -7273373.074581548571587, -7346620.563742840662599 ], [ -7273449.328432741574943, -7346775.331703184172511 ], [ -7273570.110080250538886, -7346985.503378441557288 ], [ -7273633.673509494401515, -7347051.945925843901932 ], [ -7273729.074313105084002, -7347228.805962793529034 ], [ -7273849.85596061591059, -7347262.12506087590009 ], [ -7274015.165404443629086, -7347184.639005830511451 ], [ -7274116.911419028416276, -7347217.764200087636709 ], [ -7274231.236536071635783, -7347350.653821676969528 ], [ -7274371.165136000141501, -7347405.863733060657978 ], [ -7274428.38335426710546, -7347527.520637552253902 ], [ -7274394.876187539659441, -7347565.490378765389323 ], [ -7274301.256495781242847, -7347671.457931030541658 ], [ -7274129.601840978488326, -7347704.585194550454617 ], [ -7273932.455022783949971, -7347771.033872792497277 ], [ -7274034.201037368737161, -7347936.867447895929217 ], [ -7274250.383488489314914, -7347947.910229498520494 ], [ -7274428.38335426710546, -7347892.6964779663831 ], [ -7274536.363260336220264, -7347771.033872792497277 ], [ -7274587.236267630010843, -7347771.033872792497277 ], [ -7274676.291860263794661, -7347826.246762360446155 ], [ -7274847.946515067480505, -7347903.739196976646781 ], [ -7275076.81938813906163, -7347970.189573342911899 ], [ -7275197.601035649888217, -7348025.403873912058771 ], [ -7275432.819119695574045, -7348058.532642030157149 ], [ -7275578.98161110561341, -7348202.479743576608598 ], [ -7275839.691858543083072, -7348335.192414971068501 ], [ -7276055.762990173883736, -7348523.318921039812267 ], [ -7276157.509004760533571, -7348622.905748201534152 ], [ -7276341.854081513360143, -7348733.537742950953543 ], [ -7276500.818314366042614, -7348844.171308345161378 ], [ -7276723.234656971879303, -7348899.585558457300067 ], [ -7276805.945038631558418, -7348976.894908403977752 ], [ -7276977.599693433381617, -7349054.398785993456841 ], [ -7277079.34570801910013, -7349198.170520154759288 ], [ -7277289.071628673933446, -7349297.765972085297108 ], [ -7277371.670690841041505, -7349375.273041122592986 ], [ -7277428.888909109868109, -7349364.228236683644354 ], [ -7277498.797549326904118, -7349397.362696963362396 ], [ -7277575.162720010615885, -7349519.244467847980559 ], [ -7277638.726149254478514, -7349552.379587290808558 ], [ -7277714.980000447481871, -7349552.379587290808558 ], [ -7277816.726015033200383, -7349607.605099477805197 ], [ -7277892.97986622620374, -7349740.535481065511703 ], [ -7277962.888506445102394, -7349851.183344374410808 ], [ -7278064.634521028026938, -7349994.969780425541103 ], [ -7278121.852739298716187, -7350149.998560022562742 ], [ -7278217.25354290753603, -7350282.744403806515038 ], [ -7278306.197816051542759, -7350437.585114045999944 ], [ -7278471.507259879261255, -7350470.917934758588672 ], [ -7278560.451533023267984, -7350382.353719191625714 ], [ -7278579.48716594837606, -7350349.21507019456476 ], [ -7278725.760976851917803, -7350227.320316663943231 ], [ -7278808.360039019025862, -7350138.952657420188189 ], [ -7278910.106053605675697, -7350050.392214897088706 ], [ -7279011.852068189531565, -7350072.483784671872854 ], [ -7279126.288504725322127, -7350105.621256770566106 ], [ -7279183.506722993217409, -7350227.320316663943231 ], [ -7279240.724941260181367, -7350371.307487199082971 ], [ -7279336.125744870863855, -7350470.917934758588672 ], [ -7279469.597814332693815, -7350470.917934758588672 ], [ -7279634.795938668772578, -7350504.057101359590888 ], [ -7279717.50632032752037, -7350504.057101359590888 ], [ -7279857.323600764386356, -7350404.446230153553188 ], [ -7279984.450459250248969, -7350293.790510247461498 ], [ -7280067.160840909928083, -7350360.261270868591964 ], [ -7280156.10511405300349, -7350448.825235328637064 ], [ -7280334.104979830794036, -7350459.871577214449644 ], [ -7280391.32319809962064, -7350293.790510247461498 ], [ -7280454.886627342551947, -7350238.560134636238217 ], [ -7280632.886493120342493, -7350293.790510247461498 ], [ -7280944.358428360894322, -7350360.261270868591964 ], [ -7281116.013083162717521, -7350393.399966843426228 ], [ -7281287.667737966403365, -7350349.21507019456476 ], [ -7281440.286759845912457, -7350282.744403806515038 ], [ -7281535.687563454732299, -7350127.712983130477369 ], [ -7281688.195265842601657, -7350083.529593047685921 ], [ -7281783.484749961644411, -7350105.621256770566106 ], [ -7281885.230764545500278, -7350149.998560022562742 ], [ -7281923.413349888287485, -7350072.483784671872854 ], [ -7281929.75856086332351, -7349950.787143029272556 ], [ -7281942.448982812464237, -7349806.807742887176573 ], [ -7281974.286357179284096, -7349729.49015889223665 ], [ -7282114.103637616150081, -7349707.205784624442458 ], [ -7282234.885285127907991, -7349762.626172376796603 ], [ -7282342.976510688662529, -7349751.580818893387914 ], [ -7282196.702699784189463, -7349596.55996572971344 ], [ -7282075.921052273362875, -7349508.005687404423952 ], [ -7281955.139404764398932, -7349386.317861216142774 ], [ -7281872.540342596359551, -7349242.54265571385622 ], [ -7281770.794328009709716, -7349142.94790958520025 ], [ -7281764.449117034673691, -7348987.93916386552155 ], [ -7281777.696136439219117, -7348969.338321583345532 ], [ -7281834.357757252641022, -7348888.347671685740352 ], [ -7281910.722927937284112, -7348711.449968775734305 ], [ -7282088.722793716005981, -7348534.362533684819937 ], [ -7282190.468808300793171, -7348401.646470419131219 ], [ -7282336.631299710832536, -7348136.027386481873691 ], [ -7282419.230361880734563, -7348124.984338315203786 ], [ -7282546.357220366597176, -7347947.910229498520494 ], [ -7282629.067602025344968, -7347826.246762360446155 ], [ -7282654.448445928283036, -7347693.542757730931044 ], [ -7282679.940609318204224, -7347527.520637552253902 ], [ -7282654.448445928283036, -7347317.334345108829439 ], [ -7282775.230093437246978, -7347107.153721172362566 ], [ -7282857.940475096926093, -7346963.420558073557913 ], [ -7282946.884748240932822, -7346797.413990619592369 ], [ -7282896.011740948073566, -7346697.850487801246345 ], [ -7282851.483944631181657, -7346609.329141959547997 ], [ -7282864.285686072893441, -7346454.564478010870516 ], [ -7282908.813482390716672, -7346299.609195026569068 ], [ -7282908.813482390716672, -7346222.326399058103561 ], [ -7282851.483944631181657, -7346089.456014876253903 ], [ -7282730.702297119423747, -7345956.781579449772835 ], [ -7282698.976242246106267, -7345547.538752728141844 ], [ -7282673.595398343168199, -7345403.834348351694643 ], [ -7282705.321453220210969, -7345105.201054741628468 ], [ -7282851.483944631181657, -7344817.61754964850843 ], [ -7282991.412544558756053, -7344640.618566187098622 ], [ -7283137.686355460435152, -7344441.547925379127264 ], [ -7283207.594995680265129, -7344120.87672804389149 ], [ -7283156.72198838647455, -7343944.087198319844902 ], [ -7283067.66639575175941, -7343800.218721962533891 ], [ -7282985.067333582788706, -7343557.023136341013014 ], [ -7283016.793388459831476, -7343335.907620667479932 ], [ -7283054.975973800756037, -7343192.050368249416351 ], [ -7283074.011606726795435, -7343015.281901954673231 ], [ -7283105.848981093615294, -7342771.917198073118925 ], [ -7283188.44804326351732, -7342595.158258102834225 ], [ -7283283.848846872337162, -7342484.61335676908493 ], [ -7283398.285283408127725, -7342230.23051854968071 ], [ -7283480.884345578029752, -7342053.290273249149323 ], [ -7283442.813079725950956, -7341832.217404395341873 ], [ -7283322.031432215124369, -7341677.547557063400745 ], [ -7283271.158424922265112, -7341567.015666303224862 ], [ -7283372.793120016343892, -7341356.990034095942974 ], [ -7283480.884345578029752, -7341235.235829717479646 ], [ -7283722.447640597820282, -7341069.544768188148737 ], [ -7283944.975302692502737, -7340892.63086299970746 ], [ -7284205.685550130903721, -7340715.720972103998065 ], [ -7284396.375837861560285, -7340660.558424480259418 ], [ -7284707.847773100249469, -7340539.008644374087453 ], [ -7284968.44670104701072, -7340494.686027242802083 ], [ -7284974.791912022046745, -7340494.686027242802083 ], [ -7285171.938730217516422, -7340494.686027242802083 ], [ -7285451.573291089385748, -7340450.557208971120417 ], [ -7285820.374764087609947, -7340450.557208971120417 ], [ -7286163.572754203341901, -7340351.074736606329679 ], [ -7286258.973557813093066, -7340310.430511963553727 ], [ -7286327.880322613753378, -7340365.78412726148963 ], [ -7286502.651923159137368, -7340393.461082280613482 ], [ -7286629.778781644999981, -7340393.461082280613482 ], [ -7286778.167662872932851, -7340375.074283027090132 ], [ -7286979.433302226476371, -7340319.72060177475214 ], [ -7287095.984809087589383, -7340329.01070265378803 ], [ -7287265.5243935668841, -7340292.0439085168764 ], [ -7287397.994587610475719, -7340301.333976417779922 ], [ -7287530.464781654067338, -7340301.333976417779922 ], [ -7287768.799811443313956, -7340329.01070265378803 ], [ -7287895.926669929176569, -7340273.657348426058888 ], [ -7288134.261699716560543, -7340365.78412726148963 ], [ -7288309.144619754515588, -7340347.397393276914954 ], [ -7288441.614813797175884, -7340384.170904605649412 ], [ -7288568.74167228396982, -7340467.008712898008525 ], [ -7288754.199943945743144, -7340476.298989275470376 ], [ -7288875.983466872014105, -7340540.750586435198784 ], [ -7289193.800613086670637, -7340632.88052130676806 ], [ -7289479.891704427078366, -7340752.689775080420077 ], [ -7289554.030485293827951, -7340853.919384049251676 ], [ -7289633.512601720169187, -7340973.732034554705024 ], [ -7289728.913405329920352, -7341084.255514391697943 ], [ -7289803.052186200395226, -7341231.558069344609976 ], [ -7289887.877638182602823, -7341360.667853637598455 ], [ -7289924.947028617374599, -7341572.435757507570088 ], [ -7289967.24843511916697, -7341729.039305680431426 ], [ -7290110.29398078750819, -7341867.255680966190994 ], [ -7290189.77609721571207, -7341922.620350586250424 ], [ -7290369.891033316962421, -7341987.083905377425253 ], [ -7290481.21052411198616, -7342106.720383597537875 ], [ -7290608.337382597848773, -7342125.304855641908944 ], [ -7290820.178373576141894, -7342180.477768019773066 ], [ -7291042.706035672686994, -7342373.876428290270269 ], [ -7291164.489558601751924, -7342521.396950270980597 ], [ -7291360.634501378983259, -7342825.352233908139169 ], [ -7291402.935907878912985, -7343101.826312886551023 ], [ -7291318.221775386482477, -7343240.067029472440481 ], [ -7291371.209853004664183, -7343387.410324082709849 ], [ -7291424.197930620983243, -7343488.867772821336985 ], [ -7291408.279243438504636, -7343627.115353312343359 ], [ -7291408.279243438504636, -7343783.760182619094849 ], [ -7291492.993375931866467, -7343903.424237299710512 ], [ -7291545.98145354911685, -7344050.973707459867001 ], [ -7291519.487414740025997, -7344189.037617669440806 ], [ -7291434.773282247595489, -7344272.109507748857141 ], [ -7291328.797127012163401, -7344382.679760474711657 ], [ -7291238.739658960141242, -7344465.560067667625844 ], [ -7291111.612800474278629, -7344437.868652048520744 ], [ -7290989.717958056367934, -7344539.339774121530354 ], [ -7290936.729880437254906, -7344806.57920231577009 ], [ -7290841.440396318212152, -7345000.043027365580201 ], [ -7290772.533631518483162, -7345055.429951507598162 ], [ -7290661.325460216030478, -7345101.521468138322234 ], [ -7290608.337382597848773, -7345092.225678137503564 ], [ -7290608.337382597848773, -7345166.011316514573991 ], [ -7290661.325460216030478, -7345212.103487053886056 ], [ -7290708.970202274620533, -7345248.899953307583928 ], [ -7290708.970202274620533, -7345377.882622457109392 ], [ -7290661.325460216030478, -7345497.764824880287051 ], [ -7290650.750108590349555, -7345580.656989772804081 ], [ -7290671.900811839848757, -7345718.94167547672987 ], [ -7290687.819499024190009, -7345875.628548940643668 ], [ -7290740.696257149800658, -7345931.021695410832763 ], [ -7290777.765647584572434, -7346189.011745938099921 ], [ -7290719.545553899370134, -7346281.208459811285138 ], [ -7290682.47616346552968, -7346474.90258761588484 ], [ -7290724.888889458961785, -7346613.009440464898944 ], [ -7290767.190295959822834, -7346668.407827920280397 ], [ -7290799.02767032571137, -7346760.610212989151478 ], [ -7290841.440396318212152, -7346908.020073600113392 ], [ -7290777.765647584572434, -7347064.730854175053537 ], [ -7290809.603021951392293, -7347147.833399561233819 ], [ -7290836.097060760483146, -7347285.95217767637223 ], [ -7290804.259686393663287, -7347341.355348771438003 ], [ -7290777.765647584572434, -7347451.969151726923883 ], [ -7290825.521709135733545, -7347507.373503050766885 ], [ -7290905.003825560212135, -7347590.28704431001097 ], [ -7291010.979980796575546, -7347728.60739185102284 ], [ -7290968.567254804074764, -7347940.548373357392848 ], [ -7290989.717958056367934, -7348014.36098250374198 ], [ -7291042.706035672686994, -7348106.579292813315988 ], [ -7291116.844816542230546, -7348097.279917929321527 ], [ -7291159.257542533800006, -7348060.470001252368093 ], [ -7291212.245620151050389, -7348023.660258440300822 ], [ -7291318.221775386482477, -7348051.170681391842663 ], [ -7291312.878439826890826, -7348235.609264467842877 ], [ -7291392.360556254163384, -7348318.530554060824215 ], [ -7291445.34863387234509, -7348392.346743425354362 ], [ -7291551.324789106845856, -7348493.8693638285622 ], [ -7291683.683663659729064, -7348539.981219809502363 ], [ -7291810.921841636300087, -7348484.5695267803967 ], [ -7291916.786677381955087, -7348438.457998680882156 ], [ -7291943.280716190114617, -7348447.757780702784657 ], [ -7291938.0487001221627, -7348586.093348646536469 ], [ -7291964.542738931253552, -7348659.718321656808257 ], [ -7292086.326261860318482, -7348687.424741636961699 ], [ -7292213.453120346181095, -7348678.124673595651984 ], [ -7292324.772611137479544, -7348751.944269252941012 ], [ -7292409.486743633635342, -7348871.878384144976735 ], [ -7292552.532289301976562, -7349010.221481300890446 ], [ -7292600.177031361497939, -7349102.451577216386795 ], [ -7292653.165108980610967, -7349249.905741950497031 ], [ -7292812.129341831430793, -7349296.022071900777519 ], [ -7292907.530145440250635, -7349296.022071900777519 ], [ -7293039.889019995927811, -7349249.905741950497031 ], [ -7293161.783862413838506, -7349203.78968492243439 ], [ -7293278.335369273088872, -7349259.206492406316102 ], [ -7293368.392837326042354, -7349369.847521196119487 ], [ -7293320.748095266520977, -7349203.78968492243439 ], [ -7293357.817485701292753, -7349148.567034529522061 ], [ -7293421.269595451653004, -7349111.558389597572386 ], [ -7293585.577163863927126, -7349111.558389597572386 ], [ -7293627.989889855496585, -7349139.266416126862168 ], [ -7293712.704022349789739, -7349120.858974929898977 ], [ -7293786.842803218401968, -7349102.451577216386795 ], [ -7293802.761490400880575, -7349203.78968492243439 ], [ -7293845.174216393381357, -7349249.905741950497031 ], [ -7293898.16229401063174, -7349222.197322017513216 ], [ -7293977.644410436972976, -7349222.197322017513216 ], [ -7294051.783191307447851, -7349176.081428966484964 ], [ -7294131.265307732857764, -7349213.0903803370893 ], [ -7294189.485401416197419, -7349305.322877398692071 ], [ -7294173.566714233718812, -7349388.255550565198064 ], [ -7294189.485401416197419, -7349489.597375147044659 ], [ -7294237.130143475718796, -7349517.306745924986899 ], [ -7294295.46155665256083, -7349591.134291727095842 ], [ -7294274.199533912353218, -7349692.478754866868258 ], [ -7294226.554791852831841, -7349747.899037878960371 ], [ -7294189.485401416197419, -7349849.245539905503392 ], [ -7294205.404088600538671, -7349913.774687869474292 ], [ -7294253.048830660060048, -7349996.907621134072542 ], [ -7294327.187611527740955, -7350089.149396299384534 ], [ -7294380.175689146853983, -7350079.847655182704329 ], [ -7294465.001141129992902, -7350061.437991955317557 ], [ -7294517.98921874910593, -7349987.605990129522979 ], [ -7294576.209312433376908, -7349941.485567077063024 ], [ -7294682.185467667877674, -7349932.377784717828035 ], [ -7294788.161622903309762, -7349876.956189630553126 ], [ -7294862.30040377099067, -7349876.956189630553126 ], [ -7294925.863833014853299, -7349895.365417003631592 ], [ -7294968.276559006422758, -7349867.654701812192798 ], [ -7295079.484730309806764, -7349858.54700574837625 ], [ -7295190.804221103899181, -7349886.25768855214119 ], [ -7295259.59966641291976, -7349904.666937900707126 ], [ -7295344.313798907212913, -7349932.377784717828035 ], [ -7295402.645212083123624, -7349932.377784717828035 ], [ -7295445.057938073761761, -7349904.666937900707126 ], [ -7295556.266109377145767, -7349830.836421489715576 ], [ -7295683.39296786300838, -7349738.597704112529755 ], [ -7295736.381045480258763, -7349701.780033580958843 ], [ -7295831.78184909094125, -7349646.360078576952219 ], [ -7295921.839317142032087, -7349609.542843854986131 ], [ -7295965.365238042548299, -7349597.528836484067142 ], [ -7296022.472136818803847, -7349581.833145083859563 ], [ -7296101.954253247007728, -7349581.833145083859563 ], [ -7296186.668385739438236, -7349655.661302240565419 ], [ -7296260.80716660618782, -7349738.597704112529755 ], [ -7296292.644540974870324, -7349876.956189630553126 ], [ -7296250.23181498143822, -7349969.196544832549989 ], [ -7296149.598995306529105, -7349996.907621134072542 ], [ -7296033.047488445416093, -7350006.015478919260204 ], [ -7296006.553449634462595, -7350098.257361902855337 ], [ -7296055.979303547181189, -7350125.387535299174488 ], [ -7296107.186269313097, -7350153.680531034246087 ], [ -7296154.942330862395465, -7350190.500336854718626 ], [ -7296170.749698556959629, -7350328.866846792399883 ], [ -7296186.668385739438236, -7350467.235813836567104 ], [ -7296202.587072921916842, -7350596.304880432784557 ], [ -7296276.725853792391717, -7350624.018187059089541 ], [ -7296356.207970216870308, -7350642.429179519414902 ], [ -7296456.840789893642068, -7350780.803715035319328 ], [ -7296552.241593504324555, -7350836.037934347055852 ], [ -7296631.723709930665791, -7350965.30691846460104 ], [ -7296716.437842423096299, -7351029.845309887081385 ], [ -7296832.989349284209311, -7351122.099314142018557 ], [ -7296875.402075277641416, -7351232.766798150725663 ], [ -7296954.884191703982651, -7351232.766798150725663 ], [ -7297060.749027447775006, -7351260.288553120568395 ], [ -7297145.574479431845248, -7351352.545285951346159 ], [ -7297209.137908675707877, -7351435.693571434356272 ], [ -7297251.439315176568925, -7351592.495433364994824 ], [ -7297389.252844778820872, -7351592.495433364994824 ], [ -7297532.298390449024737, -7351739.996727800928056 ], [ -7297579.943132508546114, -7351776.824030638672411 ], [ -7297738.907365360297263, -7351832.259141034446657 ], [ -7297866.034223846159875, -7351878.390757362358272 ], [ -7297903.103614280000329, -7351841.562974439002573 ], [ -7297924.365637022070587, -7351739.996727800928056 ], [ -7297924.365637022070587, -7351610.908714429475367 ], [ -7297844.883520595729351, -7351527.758559067733586 ], [ -7297786.55210741981864, -7351454.106481933034956 ], [ -7297765.401404171250761, -7351398.674062017351389 ], [ -7297797.127459044568241, -7351306.416782987304032 ], [ -7297828.964833413250744, -7351232.766798150725663 ], [ -7297813.046146228909492, -7351186.639004313386977 ], [ -7297728.332013734616339, -7351057.366348094306886 ], [ -7297701.837974925525486, -7350974.41590827703476 ], [ -7297627.587874568067491, -7350817.626484404318035 ], [ -7297495.229000013321638, -7350688.553751646541059 ], [ -7297447.584257953800261, -7350559.48315698094666 ], [ -7297458.159609580412507, -7350457.93362136464566 ], [ -7297511.14768719766289, -7350338.168885184451938 ], [ -7297577.048825747333467, -7350266.2721689036116 ], [ -7297595.861819691024721, -7350245.92416209820658 ], [ -7297664.657265002839267, -7350098.257361902855337 ], [ -7297797.127459044568241, -7349932.377784717828035 ], [ -7297855.458872220478952, -7349858.54700574837625 ], [ -7297972.010379081591964, -7349729.49015889223665 ], [ -7298072.643198758363724, -7349701.780033580958843 ], [ -7298236.839447678998113, -7349618.844023573212326 ], [ -7298374.541657791472971, -7349609.542843854986131 ], [ -7298491.093164650723338, -7349591.134291727095842 ], [ -7298612.988007068634033, -7349535.715123643167317 ], [ -7298681.894771870225668, -7349554.123544851318002 ], [ -7298734.882849489338696, -7349591.134291727095842 ], [ -7298814.253646423108876, -7349618.844023573212326 ], [ -7298930.80515328515321, -7349581.833145083859563 ], [ -7299026.205956893973053, -7349563.424658418633044 ], [ -7299132.182112129405141, -7349591.134291727095842 ], [ -7299169.251502564176917, -7349664.962537008337677 ], [ -7299238.158267363905907, -7349757.006604613736272 ], [ -7299338.791087042540312, -7349766.307960352860391 ], [ -7299460.574609968811274, -7349840.137865358032286 ], [ -7299587.701468454673886, -7349904.666937900707126 ], [ -7299693.677623690105975, -7349969.196544832549989 ], [ -7299720.171662498265505, -7350107.559124999679625 ], [ -7299794.421762858517468, -7350236.622233828529716 ], [ -7299826.147817733697593, -7350347.277141868136823 ], [ -7299921.437301854602993, -7350402.702082274481654 ], [ -7300043.332144271582365, -7350439.523064834065735 ], [ -7300202.296377126127481, -7350457.93362136464566 ], [ -7300382.411313227377832, -7350476.344221394509077 ], [ -7300530.688874965533614, -7350476.344221394509077 ], [ -7300673.734420633874834, -7350430.220905445516109 ], [ -7300859.192692295648158, -7350448.825235328637064 ], [ -7300970.400863599032164, -7350494.948661406524479 ], [ -7301097.527722085826099, -7350522.467810370959342 ], [ -7301198.271861251443624, -7350614.715807410888374 ], [ -7301277.753977678716183, -7350725.376085055060685 ], [ -7301357.124774614349008, -7350716.26738638151437 ], [ -7301447.182242666371167, -7350706.964896599762142 ], [ -7301669.709904762916267, -7350753.089850758202374 ], [ -7301860.400192490778863, -7350873.054770631715655 ], [ -7301892.237566857598722, -7350974.41590827703476 ], [ -7301892.237566857598722, -7351085.081294666044414 ], [ -7301886.894231298938394, -7351195.74825288541615 ], [ -7301839.249489239417017, -7351223.463691693730652 ], [ -7301770.342724437825382, -7351214.160596346482635 ], [ -7301802.18009880464524, -7351343.435854062438011 ], [ -7301865.743528050370514, -7351389.564576195552945 ], [ -7301998.213722092099488, -7351426.390222678892314 ], [ -7302088.271190145052969, -7351444.803111189976335 ], [ -7302188.904009821824729, -7351426.390222678892314 ], [ -7302284.193493939936161, -7351444.803111189976335 ], [ -7302379.594297551549971, -7351444.803111189976335 ], [ -7302485.570452786050737, -7351389.564576195552945 ], [ -7302490.91378834284842, -7351260.288553120568395 ], [ -7302506.721156037412584, -7351177.335952932946384 ], [ -7302543.790546470321715, -7351038.954375150613487 ], [ -7302644.423366148024797, -7350928.289643904194236 ], [ -7302702.754779323004186, -7350928.289643904194236 ], [ -7302813.962950626388192, -7350919.180708015337586 ], [ -7302962.351831854321063, -7350974.41590827703476 ], [ -7303025.915261096321046, -7351029.845309887081385 ], [ -7303174.192822832614183, -7351131.208487258292735 ], [ -7303227.180900450795889, -7351158.923696491867304 ], [ -7303375.569781677797437, -7351241.876100650988519 ], [ -7303386.145133302547038, -7351343.435854062438011 ], [ -7303497.353304605931044, -7351435.693571434356272 ], [ -7303608.672795399092138, -7351500.235859293490648 ], [ -7303698.730263451114297, -7351638.625630082562566 ], [ -7303804.595099194906652, -7351721.583141658455133 ], [ -7303847.007825188338757, -7351795.431576162576675 ], [ -7303958.327315979637206, -7351841.562974439002573 ], [ -7304005.972058039158583, -7351952.240678185597062 ], [ -7304069.535487283952534, -7352062.919954197481275 ], [ -7304080.110838908702135, -7352173.600802530534565 ], [ -7304159.592955335043371, -7352330.417516124434769 ], [ -7304276.144462196156383, -7352413.382394076324999 ], [ -7304429.765359491109848, -7352505.652781999669969 ], [ -7304583.386256785131991, -7352524.068221328780055 ], [ -7304705.281099203042686, -7352514.957419589161873 ], [ -7304779.419880072586238, -7352505.652781999669969 ], [ -7304959.534816174767911, -7352477.932781717739999 ], [ -7305097.237026286311448, -7352487.237386200577021 ], [ -7305287.927314015105367, -7352496.348155523650348 ], [ -7305441.659530801698565, -7352616.33992016967386 ], [ -7305483.960937301628292, -7352745.444593549706042 ], [ -7305468.153569610789418, -7352874.551406427286565 ], [ -7305494.647608418017626, -7352994.548996278084815 ], [ -7305542.292350477539003, -7353188.410073878243566 ], [ -7305462.810234051197767, -7353252.966883409768343 ], [ -7305393.903469251468778, -7353299.106912921182811 ], [ -7305468.153569610789418, -7353354.358988481573761 ], [ -7305616.431131347082555, -7353474.363969094119966 ], [ -7305732.982638208195567, -7353502.087515033781528 ], [ -7305876.028183876536787, -7353529.617287648841739 ], [ -7305966.085651929490268, -7353668.043111698701978 ], [ -7305982.004339111968875, -7353852.614703371189535 ], [ -7305982.004339111968875, -7354092.447978801093996 ], [ -7306040.224432796239853, -7354203.157664705067873 ], [ -7306130.281900848262012, -7354240.190502758137882 ], [ -7306072.061807163991034, -7354350.902288375422359 ], [ -7305923.672925936058164, -7354415.4687321158126 ], [ -7305916.548478526063263, -7354445.328469653613865 ], [ -7305897.178887127898633, -7354526.183008858002722 ], [ -7305844.190809509716928, -7354618.478424679487944 ], [ -7305796.546067450195551, -7354784.65170956030488 ], [ -7305706.488599398173392, -7354849.221748569980264 ], [ -7305621.774466903880239, -7354849.221748569980264 ], [ -7305499.879624485969543, -7354886.063752387650311 ], [ -7305574.018405354581773, -7355024.513682393357158 ], [ -7305664.075873406603932, -7355172.079972365871072 ], [ -7305685.33789614867419, -7355301.420924915932119 ], [ -7305785.970715824514627, -7355495.145499311387539 ], [ -7305897.178887127898633, -7355596.566792534664273 ], [ -7305987.23635517898947, -7355698.183332292363048 ], [ -7306156.775939657352865, -7355753.452426725998521 ], [ -7306199.188665649853647, -7355633.606255589053035 ], [ -7306236.2580560836941, -7355735.029351674951613 ], [ -7306358.152898501604795, -7355864.185722190886736 ], [ -7306411.02965662907809, -7355855.071013197302818 ], [ -7306437.52369543723762, -7355762.760944374836981 ], [ -7306474.593085871078074, -7355735.029351674951613 ], [ -7306575.337225039489567, -7355818.224425969645381 ], [ -7306601.831263847649097, -7355919.649925995618105 ], [ -7306660.051357533782721, -7356048.809357851743698 ], [ -7306903.7297228788957, -7356076.542067716829479 ], [ -7306946.142448872327805, -7356122.698824742808938 ], [ -7307020.281229740008712, -7356094.965950538404286 ], [ -7307046.775268549099565, -7355975.114524740725756 ], [ -7307036.199916924349964, -7355762.760944374836981 ], [ -7306967.293152124620974, -7355624.297892284579575 ], [ -7306967.293152124620974, -7355485.837301465682685 ], [ -7306962.061136054806411, -7355430.570105847902596 ], [ -7306903.7297228788957, -7355310.534986079670489 ], [ -7306856.084980819374323, -7355162.966073197312653 ], [ -7306850.741645263507962, -7355015.206046919338405 ], [ -7306882.579019628465176, -7354959.942190346308053 ], [ -7306940.799113314598799, -7354876.75628234166652 ], [ -7306967.293152124620974, -7354849.221748569980264 ], [ -7307052.11860410682857, -7354784.65170956030488 ], [ -7307200.396165844984353, -7354876.75628234166652 ], [ -7307258.727579020895064, -7354941.520991949364543 ], [ -7307316.947672705166042, -7355006.092331293970346 ], [ -7307433.499179566279054, -7354959.942190346308053 ], [ -7307454.761202308349311, -7355015.206046919338405 ], [ -7307502.405944367870688, -7355107.50725707039237 ], [ -7307560.626038052141666, -7355172.079972365871072 ], [ -7307629.532802853733301, -7355301.420924915932119 ], [ -7307645.451490036211908, -7355393.531608242541552 ], [ -7307714.246935346163809, -7355495.145499311387539 ], [ -7307793.729051772505045, -7355642.720705435611308 ], [ -7307873.211168197914958, -7355762.760944374836981 ], [ -7307942.117932999506593, -7355845.762385233305395 ], [ -7308032.175401051528752, -7355928.958642261102796 ], [ -7308069.244791485369205, -7355938.073437717743218 ], [ -7308196.371649970300496, -7355947.382175999693573 ], [ -7308228.209024338982999, -7355993.538167652674019 ], [ -7308349.992547265253961, -7356048.809357851743698 ], [ -7308482.462741310708225, -7356067.23317507468164 ], [ -7308546.026170552708209, -7356067.23317507468164 ], [ -7308757.867161532863975, -7355993.538167652674019 ], [ -7308853.267965143546462, -7355993.538167652674019 ], [ -7309028.150885179638863, -7356002.653038679622114 ], [ -7309139.359056481160223, -7356085.850971485488117 ], [ -7309208.154501792043447, -7356178.164869379252195 ], [ -7309367.118734644725919, -7356335.062218398787081 ], [ -7309430.682163886725903, -7356270.285921160131693 ], [ -7309457.176202695816755, -7356168.855855285190046 ], [ -7309478.32690594624728, -7356058.118228477425873 ], [ -7309584.303061181679368, -7355864.185722190886736 ], [ -7309632.059122733771801, -7355928.958642261102796 ], [ -7309759.185981217771769, -7355956.496993014588952 ], [ -7309833.324762087315321, -7356030.385584210045636 ], [ -7309928.725565696135163, -7356002.653038679622114 ], [ -7310129.991205050610006, -7355919.649925995618105 ], [ -7310251.774727979674935, -7356159.54685231577605 ], [ -7310299.530789528973401, -7356233.437369707040489 ], [ -7310405.506944764405489, -7356279.595056478865445 ], [ -7310453.151686823926866, -7356418.069758009165525 ], [ -7310548.552490432746708, -7356445.803782654926181 ], [ -7310643.841974551789463, -7356547.237455109134316 ], [ -7310733.899442603811622, -7356584.087491148151457 ], [ -7310792.230855779722333, -7356510.387593410909176 ], [ -7310808.038223472423851, -7356418.069758009165525 ], [ -7310892.863675456494093, -7356196.588992574252188 ], [ -7310988.153159575536847, -7356159.54685231577605 ], [ -7311035.909221126697958, -7356094.965950538404286 ], [ -7311163.03607961256057, -7355975.114524740725756 ], [ -7311184.186782862991095, -7355965.805753315798938 ], [ -7311311.424960840493441, -7355975.114524740725756 ], [ -7311348.494351273402572, -7355975.114524740725756 ], [ -7311374.877070590853691, -7355873.494372173212469 ], [ -7311449.127170952036977, -7355762.760944374836981 ], [ -7311565.678677812218666, -7355661.337487204931676 ], [ -7311687.46220073942095, -7355688.874891815707088 ], [ -7311801.898637276142836, -7355810.66120068076998 ], [ -7311916.335073811002076, -7355899.287147947587073 ], [ -7312005.390666444785893, -7355899.287147947587073 ], [ -7312087.989728612825274, -7355855.071013197302818 ], [ -7312189.73574319947511, -7355877.179049196653068 ], [ -7312272.334805365651846, -7355998.968302299268544 ], [ -7312374.080819952301681, -7356021.076746728271246 ], [ -7312450.334671144373715, -7356043.379188461229205 ], [ -7312532.933733314275742, -7355921.589240964502096 ], [ -7312590.151951583102345, -7355987.914103618822992 ], [ -7312698.24317714292556, -7356143.062186853028834 ], [ -7312812.679613678716123, -7356364.54143023584038 ], [ -7312990.679479455575347, -7356397.705676916055381 ], [ -7313098.770705015398562, -7356430.870064805261791 ], [ -7313175.024556210264564, -7356430.870064805261791 ], [ -7313213.207141552120447, -7356408.760457189753652 ], [ -7313213.207141552120447, -7356165.171040280722082 ], [ -7313162.334134259261191, -7356021.076746728271246 ], [ -7313187.714978160336614, -7355943.697465765289962 ], [ -7313225.897563501261175, -7355832.963039944879711 ], [ -7313289.460992745123804, -7355755.391700319945812 ], [ -7313416.587851232849061, -7355644.65995146241039 ], [ -7313454.770436573773623, -7355744.337847308255732 ], [ -7313505.643443866632879, -7355766.445569018833339 ], [ -7313531.024287765845656, -7355655.713663021102548 ], [ -7313524.679076790809631, -7355611.304987102746964 ], [ -7313537.369498741813004, -7355522.876237987540662 ], [ -7313728.171105961315334, -7355423.20117606036365 ], [ -7313804.424957156181335, -7355456.361415004357696 ], [ -7313861.643175423145294, -7355445.307986339554191 ], [ -7313931.551815640181303, -7355400.900509961880744 ], [ -7313976.079611959867179, -7355478.468319393694401 ], [ -7314071.369096078909934, -7355600.251338565722108 ], [ -7314154.079477737657726, -7355677.82113319914788 ], [ -7314414.678405684418976, -7355777.499453402124345 ], [ -7314624.515645828098059, -7355832.963039944879711 ], [ -7314668.932122654281557, -7355899.287147947587073 ], [ -7314732.495551900006831, -7355832.963039944879711 ], [ -7314808.860722582787275, -7355766.445569018833339 ], [ -7314942.332792044617236, -7355666.767390265129507 ], [ -7314980.515377386473119, -7355578.144088542088866 ], [ -7315126.67786879837513, -7355655.713663021102548 ], [ -7315183.896087065339088, -7355710.982456112280488 ], [ -7315253.804727284237742, -7355877.179049196653068 ], [ -7315342.86031991802156, -7355976.859920620918274 ], [ -7315546.241029596887529, -7356198.334438084624708 ], [ -7315806.951277036219835, -7356309.074058389291167 ], [ -7315781.459113644436002, -7356165.171040280722082 ], [ -7315654.332255158573389, -7356032.324926750734448 ], [ -7315616.149669815786183, -7355987.914103618822992 ], [ -7315482.677600354887545, -7355821.909076850861311 ], [ -7315520.860185696743429, -7355644.65995146241039 ], [ -7315597.114036890678108, -7355644.65995146241039 ], [ -7315705.20526244957, -7355655.713663021102548 ], [ -7315787.804324618540704, -7355467.414859356358647 ], [ -7315819.641698985360563, -7355445.307986339554191 ], [ -7315806.951277036219835, -7355334.580645436421037 ], [ -7315800.494746568612754, -7355013.46086650621146 ], [ -7315711.550473425537348, -7354991.161373421549797 ], [ -7315558.931451547890902, -7354858.335280663333833 ], [ -7315406.423749160021544, -7354725.511452749371529 ], [ -7315298.332523601129651, -7354581.63768639229238 ], [ -7315177.550876090303063, -7354271.600691864266992 ], [ -7315147.60593306645751, -7354077.324886406771839 ], [ -7315133.023079772479832, -7353983.67869880516082 ], [ -7315120.332657823339105, -7353895.07454326748848 ], [ -7314974.058846919797361, -7353762.267138375900686 ], [ -7314904.261526193469763, -7353618.217286651954055 ], [ -7314885.114573775790632, -7353407.866635154001415 ], [ -7314726.15034092310816, -7353219.622158236801624 ], [ -7314688.079075071960688, -7353086.826267599128187 ], [ -7314688.079075071960688, -7352954.032640524208546 ], [ -7314656.241700705140829, -7352787.898399523459375 ], [ -7314605.368693412281573, -7352688.258325626142323 ], [ -7314548.150475145317614, -7352500.031235508620739 ], [ -7314548.150475145317614, -7352345.149532744660974 ], [ -7314567.2974275611341, -7352245.515121123753488 ], [ -7314586.333060486242175, -7352167.979495623148978 ], [ -7314637.206067780964077, -7352068.347349679097533 ], [ -7314707.114707998000085, -7352024.152953566983342 ], [ -7314783.479878681711853, -7351858.038540017791092 ], [ -7314783.479878681711853, -7351747.362174441106617 ], [ -7314904.261526193469763, -7351647.735407107509673 ], [ -7314955.023213994689286, -7351393.247133011929691 ], [ -7314935.987581069581211, -7351304.672433193773031 ], [ -7314910.495417677797377, -7351171.90917809214443 ], [ -7314840.586777457967401, -7351016.86006505228579 ], [ -7314878.769362800754607, -7350884.101713961921632 ], [ -7314948.678003019653261, -7350873.054770631715655 ], [ -7315037.733595653437078, -7350884.101713961921632 ], [ -7315044.078806628473103, -7350706.964896599762142 ], [ -7315050.424017603509128, -7350596.304880432784557 ], [ -7315190.241298040375113, -7350286.426437547430396 ], [ -7315234.769094358198345, -7350186.818348444066942 ], [ -7315196.697828507982194, -7349865.910674083977938 ], [ -7315133.023079772479832, -7349600.241675239056349 ], [ -7315044.078806628473103, -7349323.730754340998828 ], [ -7315005.896221286617219, -7349124.540459690615535 ], [ -7315069.459650530479848, -7348880.984927069395781 ], [ -7315158.515243164263666, -7348704.087391298264265 ], [ -7315279.296890674158931, -7348582.218369334936142 ], [ -7315381.042905260808766, -7348538.043741379864514 ], [ -7315469.987178404815495, -7348460.544999100267887 ], [ -7315698.860051474533975, -7348515.956521302461624 ], [ -7315832.332120936363935, -7348604.499526686035097 ], [ -7315902.240761155262589, -7348670.762127603404224 ], [ -7316067.550204981118441, -7348792.632534300908446 ], [ -7316207.367485418915749, -7348482.825808567926288 ], [ -7316118.423212274909019, -7348449.501491065137088 ], [ -7316213.712696393951774, -7348217.203957694582641 ], [ -7316359.986507295630872, -7348217.203957694582641 ], [ -7316417.204725564457476, -7348250.33354118373245 ], [ -7316512.49420968350023, -7348228.247136542573571 ], [ -7316715.986238852143288, -7348006.999063591472805 ], [ -7316747.712293729186058, -7347951.591160175390542 ], [ -7316804.930511997081339, -7347807.842422374524176 ], [ -7316944.859111924655735, -7347608.690870528109372 ], [ -7317002.077330192551017, -7347354.334470268338919 ], [ -7317021.112963116727769, -7347166.23618096858263 ], [ -7317002.077330192551017, -7346889.617901903577149 ], [ -7316957.549533874727786, -7346646.325906002894044 ], [ -7317040.14859604369849, -7346480.326092472299933 ], [ -7317180.077195970341563, -7346303.289347281679511 ], [ -7317345.38663979806006, -7346026.895379259251058 ], [ -7317427.985701967030764, -7345672.846507636830211 ], [ -7317536.076927527785301, -7345352.12465160060674 ], [ -7317580.493404353968799, -7344964.990666839294136 ], [ -7317618.675989695824683, -7344655.529704067856073 ], [ -7317663.203786013647914, -7344611.183676440268755 ], [ -7317949.294877353124321, -7344445.227200448513031 ], [ -7318044.58436147030443, -7344390.038256774656475 ], [ -7318298.8380784438923, -7344356.92507812846452 ], [ -7318527.710951514542103, -7344312.580749273300171 ], [ -7318642.14738804847002, -7344312.580749273300171 ], [ -7318769.385566026903689, -7344445.227200448513031 ], [ -7318947.385431804694235, -7344544.761932328343391 ], [ -7319099.893134191632271, -7344777.143685849383473 ], [ -7319296.928632894530892, -7344953.952110801823437 ], [ -7319621.202309575863183, -7344976.22289780061692 ], [ -7319703.801371744833887, -7345064.532036135904491 ], [ -7320091.638477668166161, -7345031.415992013178766 ], [ -7320295.019187347963452, -7345263.618588447570801 ], [ -7320790.947518832050264, -7344998.300088587217033 ], [ -7320987.983017534948885, -7344998.300088587217033 ], [ -7321045.201235803775489, -7345009.338707430288196 ], [ -7321165.982883313670754, -7344898.759565104730427 ], [ -7321267.72889790032059, -7344788.181991497986019 ], [ -7321382.054014943540096, -7344633.259833330288529 ], [ -7321502.835662454366684, -7344268.430314392782748 ], [ -7321699.982480649836361, -7343958.803369821980596 ], [ -7321846.144972061738372, -7343682.298895730637014 ], [ -7321884.327557403594255, -7343627.115353312343359 ], [ -7321947.890986645594239, -7343273.175464121624827 ], [ -7321992.41878296341747, -7343085.175635692663491 ], [ -7322068.672634156420827, -7342908.409592805430293 ], [ -7322202.144703617319465, -7342797.860249433666468 ], [ -7322310.235929179005325, -7342764.560229071415961 ], [ -7322418.32715473882854, -7342930.480927908793092 ], [ -7322450.05320961587131, -7343041.032152003608644 ], [ -7322558.14443517383188, -7343129.512982769869268 ], [ -7322704.418246078304946, -7343217.994817825034261 ], [ -7322806.164260662160814, -7343317.513880481943488 ], [ -7322869.727689906023443, -7343417.034213653765619 ], [ -7322945.981541099026799, -7343505.32568955142051 ], [ -7323079.453610559925437, -7343505.32568955142051 ], [ -7323123.981406875886023, -7343417.034213653765619 ], [ -7323162.163992218673229, -7343262.139303614385426 ], [ -7323206.58046904578805, -7343251.103158731013536 ], [ -7323378.235123848542571, -7343173.65696750022471 ], [ -7323556.23498962726444, -7343173.65696750022471 ], [ -7323708.854011504910886, -7343295.24783200956881 ], [ -7323855.016502916812897, -7343328.550119386054575 ], [ -7323956.762517501600087, -7343461.179826603271067 ], [ -7324077.544165011495352, -7343582.775175965391099 ], [ -7324109.381539379246533, -7343748.713291093707085 ], [ -7324179.290179598145187, -7343925.498389819636941 ], [ -7324312.762249059043825, -7344013.989260387606919 ], [ -7324528.833380688913167, -7344135.593233307823539 ], [ -7324725.980198882520199, -7344268.430314392782748 ], [ -7324846.761846394278109, -7344379.00051493011415 ], [ -7324948.507860979065299, -7344489.572283927351236 ], [ -7325075.634719464927912, -7344633.259833330288529 ], [ -7325151.888570657931268, -7344799.220312776975334 ], [ -7325113.705985316075385, -7344964.990666839294136 ], [ -7325132.852937733754516, -7345042.454657753929496 ], [ -7325221.797210874967277, -7345108.880643084645271 ], [ -7325380.761443728581071, -7345263.618588447570801 ], [ -7325520.578724164515734, -7345130.958209615200758 ], [ -7325622.324738751165569, -7345130.958209615200758 ], [ -7325666.8525350689888, -7345009.338707430288196 ], [ -7325698.578589943237603, -7345086.803139089606702 ], [ -7325787.634182579815388, -7345031.415992013178766 ], [ -7325825.705448430031538, -7344998.300088587217033 ], [ -7325959.177517890930176, -7345031.415992013178766 ], [ -7326149.979125111363828, -7345042.454657753929496 ], [ -7326207.197343378327787, -7344876.682656249031425 ], [ -7326232.57818727940321, -7344799.220312776975334 ], [ -7326289.796405546367168, -7344743.835209170356393 ], [ -7326372.395467716269195, -7344688.644151247106493 ], [ -7326480.486693275161088, -7344677.605986557900906 ], [ -7326556.851863958872855, -7344688.644151247106493 ], [ -7326569.542285909876227, -7344810.258649689145386 ], [ -7326690.323933421634138, -7344865.450568728148937 ], [ -7326817.45079190749675, -7344810.258649689145386 ], [ -7326938.232439418323338, -7344810.258649689145386 ], [ -7327167.105312488973141, -7344898.759565104730427 ], [ -7327256.049585632048547, -7344942.913570397533476 ], [ -7327313.379123391583562, -7345208.423849985003471 ], [ -7327383.287763608619571, -7345341.085547288879752 ], [ -7327554.942418412305415, -7345496.021774803288281 ], [ -7327643.886691557243466, -7345363.163771545514464 ], [ -7327713.795331775210798, -7345164.074676657095551 ], [ -7327662.922324481420219, -7345020.377341904677451 ], [ -7327662.922324481420219, -7344843.37375421449542 ], [ -7327764.668339068070054, -7344710.720527522265911 ], [ -7327917.287360943853855, -7344810.258649689145386 ], [ -7328031.72379748057574, -7345009.338707430288196 ], [ -7328057.104641380719841, -7345108.880643084645271 ], [ -7328235.10450715944171, -7345064.532036135904491 ], [ -7328292.322725426405668, -7344931.875045624561608 ], [ -7328444.830427813343704, -7344721.75873910728842 ], [ -7328489.358224131166935, -7344600.145621438510716 ], [ -7328540.231231424957514, -7344456.458682450465858 ], [ -7328622.941613084636629, -7344456.458682450465858 ], [ -7328743.723260593600571, -7344578.069558332674205 ], [ -7328775.449315469712019, -7344622.221747068688273 ], [ -7328921.611806880682707, -7344688.644151247106493 ], [ -7328966.139603198505938, -7344721.75873910728842 ], [ -7329042.393454392440617, -7344600.145621438510716 ], [ -7329182.322054319083691, -7344379.00051493011415 ], [ -7329156.941210418008268, -7344168.89911097381264 ], [ -7329106.068203127011657, -7343969.840516679920256 ], [ -7329144.139468977227807, -7343781.823886157013476 ], [ -7329214.048109196126461, -7343638.152030545286834 ], [ -7329252.230694537051022, -7343549.665426359511912 ], [ -7329353.976709122769535, -7343361.65892984252423 ], [ -7329525.631363925524056, -7343240.067029472440481 ], [ -7329589.194793169386685, -7343162.620947881601751 ], [ -7329754.504236997105181, -7343029.996320138685405 ], [ -7329887.976306458935142, -7342985.659539062529802 ], [ -7330072.321383211761713, -7342853.037921881303191 ], [ -7330154.920445379801095, -7342864.07350323535502 ], [ -7330275.70209288969636, -7342996.695308160036802 ], [ -7330377.448107476346195, -7343140.548955515027046 ], [ -7330625.356613472104073, -7343063.103862602263689 ], [ -7330752.483471957966685, -7343107.247471274808049 ], [ -7330930.483337735757232, -7343096.211545671336353 ], [ -7331019.538930373266339, -7342974.623785587958992 ], [ -7331172.15795224905014, -7343041.032152003608644 ], [ -7331642.482800850644708, -7342930.480927908793092 ], [ -7331706.157549584284425, -7342886.144712812267244 ], [ -7331750.574026410467923, -7342864.07350323535502 ], [ -7331839.629619045183063, -7342886.144712812267244 ], [ -7331909.538259263150394, -7342864.07350323535502 ], [ -7331922.228681214153767, -7342786.631156905554235 ], [ -7331960.41126655600965, -7342731.453954484313726 ], [ -7332030.319906773976982, -7342609.871883315965533 ], [ -7332157.44676526170224, -7342642.977641580626369 ], [ -7332316.410998112522066, -7342665.048225197941065 ], [ -7332354.482263964600861, -7342565.537491573020816 ], [ -7332481.609122450463474, -7342510.361853997223079 ], [ -7332589.700348012149334, -7342543.467189679853618 ], [ -7332729.628947938792408, -7342543.467189679853618 ], [ -7332945.700079568661749, -7342609.871883315965533 ], [ -7333174.572952638380229, -7342631.942373206838965 ], [ -7333346.227607441134751, -7342709.383182865567505 ], [ -7333517.882262244820595, -7342620.907120451331139 ], [ -7333645.009120730683208, -7342576.572665950283408 ], [ -7333886.57241575140506, -7342532.432062165811658 ], [ -7334159.973085141740739, -7342477.063061679713428 ], [ -7334350.663372869603336, -7342443.958007981069386 ], [ -7334522.31802767328918, -7342466.028028159402311 ], [ -7334725.698737352155149, -7342488.291708309203386 ], [ -7334891.008181179873645, -7342532.432062165811658 ], [ -7335043.627203057520092, -7342554.502332816831768 ], [ -7335202.480116418562829, -7342654.012925577349961 ], [ -7335304.226131005212665, -7342786.631156905554235 ], [ -7335513.952051660977304, -7342897.18034103512764 ], [ -7335615.698066243901849, -7342996.695308160036802 ], [ -7335800.043142997659743, -7343007.92470327951014 ], [ -7335971.697797801345587, -7343074.139741335064173 ], [ -7336073.443812387995422, -7343173.65696750022471 ], [ -7336175.189826971851289, -7343251.103158731013536 ], [ -7336276.824522064998746, -7343383.731548270210624 ], [ -7336302.316685456782579, -7343582.775175965391099 ], [ -7336276.824522064998746, -7343737.676457324065268 ], [ -7336232.408045238815248, -7343903.424237299710512 ], [ -7336206.915881847962737, -7343991.914857279509306 ], [ -7336187.880248920992017, -7344102.481135535985231 ], [ -7336162.499405021779239, -7344345.887383172288537 ], [ -7336372.225325673818588, -7344489.572283927351236 ], [ -7336435.788754919543862, -7344567.031550225801766 ], [ -7336588.407776795327663, -7344578.069558332674205 ], [ -7336760.062431599013507, -7344677.605986557900906 ], [ -7336849.006704742088914, -7344777.143685849383473 ], [ -7337147.788218031637371, -7344799.220312776975334 ], [ -7337287.605498468503356, -7344854.412153655663133 ], [ -7337637.260019049979746, -7344788.181991497986019 ], [ -7337751.696455586701632, -7344666.567837496288121 ], [ -7337917.005899413488805, -7344456.458682450465858 ], [ -7338050.477968876250088, -7344323.61839706543833 ], [ -7338241.168256604112685, -7344257.392744746059179 ], [ -7338482.842871115542948, -7344246.355190727859735 ], [ -7338654.386206429451704, -7344268.430314392782748 ], [ -7338692.568791771307588, -7344356.92507812846452 ], [ -7338946.822508741170168, -7344246.355190727859735 ], [ -7338991.350305058993399, -7344135.593233307823539 ], [ -7339048.568523327820003, -7343980.877679163590074 ], [ -7339175.695381813682616, -7343737.676457324065268 ], [ -7339258.405763472430408, -7343627.115353312343359 ], [ -7339404.568254884332418, -7343582.775175965391099 ], [ -7339525.349902395159006, -7343560.701993934810162 ], [ -7339703.349768173880875, -7343604.848420498892665 ], [ -7339760.567986440844834, -7343505.32568955142051 ], [ -7339862.314001024700701, -7343505.32568955142051 ], [ -7340033.968655828386545, -7343394.767880920320749 ], [ -7340199.166780166327953, -7343361.65892984252423 ], [ -7340313.714536193758249, -7343483.252726825885475 ], [ -7340599.6943080406636, -7343306.28403938934207 ], [ -7340752.313329918310046, -7343328.550119386054575 ], [ -7340968.495781039819121, -7343361.65892984252423 ], [ -7341082.820898083038628, -7343494.289200374856591 ], [ -7341184.566912668757141, -7343450.143399926833808 ], [ -7341267.165974837727845, -7343394.767880920320749 ], [ -7341604.13007346726954, -7343383.731548270210624 ], [ -7341655.003080761060119, -7343450.143399926833808 ], [ -7341775.784728270955384, -7343428.070593454875052 ], [ -7341915.602008709684014, -7343417.034213653765619 ], [ -7342011.002812318503857, -7343417.034213653765619 ], [ -7342080.911452535539865, -7343461.179826603271067 ], [ -7342125.439248853363097, -7343649.188723401166499 ], [ -7342189.002678096294403, -7343693.335651092231274 ], [ -7342277.946951241232455, -7343792.860782431438565 ], [ -7342468.748558459803462, -7343881.350147289223969 ], [ -7342500.47461333591491, -7343792.860782431438565 ], [ -7342710.31185348238796, -7343693.335651092231274 ], [ -7342799.256126624532044, -7343527.592338083311915 ], [ -7342926.382985112257302, -7343483.252726825885475 ], [ -7343168.057599622756243, -7343383.731548270210624 ], [ -7343257.001872766762972, -7343295.24783200956881 ], [ -7343314.220091035589576, -7343195.729053609073162 ], [ -7343473.184323886409402, -7343085.175635692663491 ], [ -7343670.219822592101991, -7342963.588047733530402 ], [ -7343848.21968837082386, -7342930.480927908793092 ], [ -7343969.001335881650448, -7343018.960503898561001 ], [ -7344121.509038266725838, -7343063.103862602263689 ], [ -7344248.747216244228184, -7343118.477025645785034 ], [ -7344439.437503973022103, -7343217.994817825034261 ], [ -7344585.599995384924114, -7343273.175464121624827 ], [ -7344725.528595311567187, -7343129.512982769869268 ], [ -7344986.12752325925976, -7342996.695308160036802 ], [ -7345125.944803695194423, -7342985.659539062529802 ], [ -7345456.563691351562738, -7343107.247471274808049 ], [ -7345602.726182762533426, -7343240.067029472440481 ], [ -7345723.507830274291337, -7343450.143399926833808 ], [ -7345888.817274102941155, -7343604.848420498892665 ], [ -7346028.745874029584229, -7343781.823886157013476 ], [ -7346193.943998366594315, -7344058.331890633329749 ], [ -7346282.999591001309454, -7344179.936555315740407 ], [ -7346378.289075120352209, -7344434.18938045296818 ], [ -7346460.999456779100001, -7344611.183676440268755 ], [ -7346562.745471362955868, -7344876.682656249031425 ], [ -7346588.126315264962614, -7345075.76441054046154 ], [ -7346575.435893315821886, -7345330.046458614990115 ], [ -7346537.253307972103357, -7345617.648871208541095 ], [ -7346537.253307972103357, -7345794.476363396272063 ], [ -7346581.781104289926589, -7345938.381653591059148 ], [ -7346613.618478655815125, -7346048.975546256639063 ], [ -7346537.253307972103357, -7346159.571008218452334 ], [ -7346460.999456779100001, -7346259.127634899690747 ], [ -7346397.436027535237372, -7346369.726078955456614 ], [ -7346359.253442192450166, -7346469.285390133038163 ], [ -7346219.436161757446826, -7346513.44829333294183 ], [ -7346149.527521540410817, -7346535.723536819219589 ], [ -7346035.091085003688931, -7346601.968550163321197 ], [ -7345831.599055834114552, -7346745.888750600628555 ], [ -7345640.90876810438931, -7346712.571859451942146 ], [ -7345469.254113302566111, -7346823.176738368347287 ], [ -7345373.964629183523357, -7346801.094377941451967 ], [ -7345221.345607304014266, -7346856.49410234298557 ], [ -7345056.036163478158414, -7347055.626433365046978 ], [ -7344941.599726941436529, -7347110.834254765883088 ], [ -7344808.127657481469214, -7347177.277870670892298 ], [ -7344693.691220944747329, -7347155.194506909698248 ], [ -7344649.163424626924098, -7347254.763852530159056 ], [ -7344471.163558849133551, -7347409.544407724402845 ], [ -7344496.655722240917385, -7347531.20136967394501 ], [ -7344503.00093321595341, -7347675.138731135055423 ], [ -7344458.473136899061501, -7347796.799839246086776 ], [ -7344433.092292997054756, -7347995.956198260188103 ], [ -7344318.655856462195516, -7348184.074515048414469 ], [ -7344140.655990684404969, -7348261.376766978763044 ], [ -7343994.382179780863225, -7348173.031398795545101 ], [ -7343886.402273712679744, -7348139.708406015299261 ], [ -7343759.164095735177398, -7348139.708406015299261 ], [ -7343733.783251835033298, -7348195.117646950297058 ], [ -7343530.402542155236006, -7348372.003629319369793 ], [ -7343422.311316594481468, -7348427.414521944709122 ], [ -7343314.220091035589576, -7348471.588522788137197 ], [ -7343244.311450815759599, -7348504.912934741936624 ], [ -7343180.748021573759615, -7348593.455814643763006 ], [ -7343079.002006988041103, -7348593.455814643763006 ], [ -7343021.783788721077144, -7348549.087374891154468 ], [ -7342932.728196087293327, -7348549.087374891154468 ], [ -7342901.002141210250556, -7348681.80594920180738 ], [ -7342907.347352185286582, -7348748.262960514053702 ], [ -7342926.382985112257302, -7348869.940823191776872 ], [ -7343015.438577746041119, -7348980.57632515206933 ], [ -7343085.347217963077128, -7349024.947221705690026 ], [ -7343225.164498401805758, -7348969.532080127857625 ], [ -7343371.438309303484857, -7348936.39943896792829 ], [ -7343454.037371471524239, -7348969.532080127857625 ], [ -7343460.382582445628941, -7349102.451577216386795 ], [ -7343377.78352027758956, -7349268.313487987034023 ], [ -7343333.255723959766328, -7349356.865042421035469 ], [ -7343314.220091035589576, -7349522.926140828058124 ], [ -7343199.783654499799013, -7349633.570914165116847 ], [ -7343110.728061865083873, -7349699.842266265302896 ], [ -7343009.093366771005094, -7349832.77422138210386 ], [ -7342875.621297309175134, -7349888.001720835454762 ], [ -7342773.875282724387944, -7349910.092830219306052 ], [ -7342703.96664250548929, -7349888.001720835454762 ], [ -7342627.601471822708845, -7349888.001720835454762 ], [ -7342576.728464529849589, -7350043.028372224420309 ], [ -7342545.002409653738141, -7350076.165719057433307 ], [ -7342500.47461333591491, -7350175.772393648512661 ], [ -7342494.129402360878885, -7350242.24214749969542 ], [ -7342449.601606043986976, -7350319.564819506369531 ], [ -7342425.556596031412482, -7350425.763624672777951 ], [ -7342425.556596031412482, -7350508.708223737776279 ], [ -7342420.213260474614799, -7350554.8320042937994 ], [ -7342420.213260474614799, -7350656.189002293162048 ], [ -7342414.869924915954471, -7350674.793871721252799 ], [ -7342462.625986466184258, -7350776.152430232614279 ], [ -7342505.038712457753718, -7350951.352741956710815 ], [ -7342552.683454517275095, -7350979.067311437800527 ], [ -7342595.096180509775877, -7351006.781979498453438 ], [ -7342637.397587010636926, -7351025.193876415491104 ], [ -7342706.30435181222856, -7351126.75080546643585 ], [ -7342716.879703437909484, -7351237.418355543166399 ], [ -7342711.536367880180478, -7351274.243282922543585 ], [ -7342748.605758314952254, -7351348.087477525696158 ], [ -7342923.488678350113332, -7351523.300650390796363 ], [ -7342928.832013909704983, -7351560.126928979530931 ], [ -7342992.395443151704967, -7351624.670247637666762 ], [ -7343013.546146402135491, -7351716.931295200251043 ], [ -7343098.260278895497322, -7351799.88964054454118 ], [ -7343114.178966077975929, -7351883.042700220830739 ], [ -7343146.01634044572711, -7351956.892665138468146 ], [ -7343193.66108250617981, -7351984.41697810869664 ], [ -7343257.224511749111116, -7352058.267903937026858 ], [ -7343342.049963733181357, -7352150.534086225554347 ], [ -7343352.625315357930958, -7352196.66758712567389 ], [ -7343384.462689726613462, -7352307.350335531868041 ], [ -7343416.188744600862265, -7352381.204322515055537 ], [ -7343432.107431784272194, -7352408.73013454861939 ], [ -7343495.670861026272178, -7352445.754443548619747 ], [ -7343543.315603086724877, -7352473.280483643524349 ], [ -7343596.303680704906583, -7352584.161010336130857 ], [ -7343659.867109947837889, -7352694.84926391672343 ], [ -7343702.279835940338671, -7352851.676469806581736 ], [ -7343702.279835940338671, -7352971.479849229566753 ], [ -7343734.005890817381442, -7353294.454124446958303 ], [ -7343755.267913557589054, -7353340.594399674795568 ], [ -7343786.993968432769179, -7353414.458182270638645 ], [ -7343792.33730399236083, -7353534.270216575823724 ], [ -7343766.065904164686799, -7353621.900897051207721 ], [ -7343866.476084859110415, -7353700.420375060290098 ], [ -7343914.120826918631792, -7353746.563054787926376 ], [ -7343919.464162478223443, -7353857.267825220711529 ], [ -7343903.545475293882191, -7353958.667795702815056 ], [ -7343882.394772043451667, -7353986.393065213225782 ], [ -7343882.394772043451667, -7354069.375580380670726 ], [ -7343892.970123668201268, -7354152.552866995334625 ], [ -7343919.464162478223443, -7354263.263407100923359 ], [ -7343861.132749303244054, -7354300.102639731951058 ], [ -7343850.557397676631808, -7354364.668662423267961 ], [ -7343845.325381608679891, -7354503.10932576470077 ], [ -7343808.255991174839437, -7354576.984131844714284 ], [ -7343696.93650038074702, -7354613.824848121963441 ], [ -7343606.879032331518829, -7354623.132004013285041 ], [ -7343543.315603086724877, -7354623.132004013285041 ], [ -7343500.90287709608674, -7354623.132004013285041 ], [ -7343421.532080159522593, -7354696.814047307707369 ], [ -7343363.200666984543204, -7354826.147108607925475 ], [ -7343310.212589365430176, -7354899.831072219647467 ], [ -7343267.799863373860717, -7354983.01722664386034 ], [ -7343326.131276549771428, -7355075.318055378273129 ], [ -7343384.462689726613462, -7355102.853388358838856 ], [ -7343442.68278341088444, -7355204.463487578555942 ], [ -7343548.547619155608118, -7355213.577435297891498 ], [ -7343601.535696771927178, -7355232.193191436119378 ], [ -7343739.349226373247802, -7355167.619977824389935 ], [ -7343776.418616808950901, -7355167.619977824389935 ], [ -7343829.406694426201284, -7355167.619977824389935 ], [ -7343871.70810092613101, -7355222.885307806544006 ], [ -7343898.202139736153185, -7355315.188978871330619 ], [ -7343861.132749303244054, -7355370.45535584539175 ], [ -7343855.900733234360814, -7355416.607929000630975 ], [ -7343866.476084859110415, -7355582.798241227865219 ], [ -7343872.264698380604386, -7355633.606255589053035 ], [ -7343877.051436485722661, -7355675.106177340261638 ], [ -7343898.202139736153185, -7355730.375108030624688 ], [ -7343961.765568978153169, -7355748.992099295370281 ], [ -7343993.602943346835673, -7355647.374896707944572 ], [ -7344057.166372588835657, -7355490.491398999467492 ], [ -7344041.24768540635705, -7355425.916044117882848 ], [ -7344020.09698215406388, -7355342.919076899066567 ], [ -7344078.428395329974592, -7355213.577435297891498 ], [ -7344126.073137389495969, -7355186.04171091876924 ], [ -7344184.293231074698269, -7355075.318055378273129 ], [ -7344269.118683060631156, -7355029.167504299432039 ], [ -7344327.338776744902134, -7355019.859863263554871 ], [ -7344438.658267538063228, -7354983.01722664386034 ], [ -7344480.959674038924277, -7355001.438523170538247 ], [ -7344549.866438840515912, -7355075.318055378273129 ], [ -7344650.499258516356349, -7355176.733882437460124 ], [ -7344729.981374942697585, -7355241.307171600870788 ], [ -7344772.394100935198367, -7355259.729078962467611 ], [ -7344825.382178553380072, -7355305.880996065214276 ], [ -7344888.945607796311378, -7355333.61106096021831 ], [ -7344968.427724222652614, -7355352.033186620101333 ], [ -7345031.87983397487551, -7355389.071486903354526 ], [ -7345042.566505091264844, -7355444.338388081640005 ], [ -7345100.786598775535822, -7355352.033186620101333 ], [ -7345159.118011950515211, -7355315.188978871330619 ], [ -7345217.338105636648834, -7355259.729078962467611 ], [ -7345323.3142608711496, -7355149.004376007243991 ], [ -7345392.221025672741234, -7355149.004376007243991 ], [ -7345455.784454916603863, -7355149.004376007243991 ], [ -7345529.923235783353448, -7355093.739570188336074 ], [ -7345641.131407085806131, -7355047.588909968733788 ], [ -7345720.61352351307869, -7355056.702674144878983 ], [ -7345752.450897879898548, -7355121.468879885040224 ], [ -7345831.821694816462696, -7355167.619977824389935 ], [ -7345900.728459616191685, -7355176.733882437460124 ], [ -7345953.716537234373391, -7355213.577435297891498 ], [ -7346144.40682496316731, -7355259.729078962467611 ], [ -7346229.232276947237551, -7355287.458979556336999 ], [ -7346340.440448249690235, -7355315.188978871330619 ], [ -7346419.92256467603147, -7355324.496972797438502 ], [ -7346472.910642294213176, -7355481.37712727393955 ], [ -7346483.485993918962777, -7355564.375569796189666 ], [ -7346531.130735978484154, -7355564.375569796189666 ], [ -7346557.624774787575006, -7355619.643714802339673 ], [ -7346552.392758720554411, -7355684.414601364172995 ], [ -7346605.269516847096384, -7355693.529110664501786 ], [ -7346721.932343197986484, -7355795.146915373392403 ], [ -7346764.233749699778855, -7355841.302004941739142 ], [ -7346838.483850059099495, -7355942.727805466391146 ], [ -7346843.715866127051413, -7356035.040007120929658 ], [ -7346891.36060818657279, -7356127.353302816860378 ], [ -7346965.610708544962108, -7356219.667692590504885 ], [ -7347082.162215405143797, -7356228.782828238792717 ], [ -7347209.289073891937733, -7356247.207071166485548 ], [ -7347299.346541943028569, -7356164.201352410949767 ], [ -7347415.898048804141581, -7356247.207071166485548 ], [ -7347606.588336532004178, -7356367.256626411341131 ], [ -7347765.552569385617971, -7356487.308031980879605 ], [ -7347823.772663069888949, -7356533.467223229818046 ], [ -7347950.899521555751562, -7356607.167339350096881 ], [ -7348131.01445765979588, -7356588.74224494304508 ], [ -7348215.839909644797444, -7356588.74224494304508 ], [ -7348348.310103688389063, -7356718.106723817065358 ], [ -7348480.668978241272271, -7356754.957568272016943 ], [ -7348560.151094667613506, -7356865.705102787353098 ], [ -7348745.609366328455508, -7356902.556645583361387 ], [ -7348798.597443947568536, -7356994.880223643966019 ], [ -7348840.898850448429585, -7357059.468587470240891 ], [ -7348941.531670126132667, -7357188.840885048732162 ], [ -7349074.001864168792963, -7357308.710988780483603 ], [ -7349169.402667779475451, -7357290.284234709106386 ], [ -7349349.517603882588446, -7357327.137786445207894 ], [ -7349503.138501176610589, -7357410.34986833203584 ], [ -7349614.346672479994595, -7357465.63111353199929 ], [ -7349789.229592517018318, -7357622.554399953223765 ], [ -7349677.910101721994579, -7357687.147969187237322 ], [ -7349714.979492157697678, -7357862.697763158008456 ], [ -7349773.310905332677066, -7357862.697763158008456 ], [ -7349879.287060568109155, -7357770.363897575065494 ], [ -7349974.576544687151909, -7357751.936051239259541 ], [ -7350091.128051548264921, -7357751.936051239259541 ], [ -7350218.366229524835944, -7357724.19737528078258 ], [ -7350350.725104077719152, -7357705.769638177007437 ], [ -7350467.276610938832164, -7357714.886513189412653 ], [ -7350610.322156607173383, -7357696.458798116073012 ], [ -7350673.885585851036012, -7357788.79178751539439 ], [ -7350801.01244433503598, -7357964.149890222586691 ], [ -7350827.506483145058155, -7358056.486053295433521 ], [ -7350864.575873578898609, -7358194.992350573651493 ], [ -7350954.633341630920768, -7358333.501111147925258 ], [ -7351034.115458056330681, -7358388.788909346796572 ], [ -7351092.446871234104037, -7358425.841653417795897 ], [ -7351145.323629360646009, -7358453.388833939097822 ], [ -7351246.067768529057503, -7358545.730797718279064 ], [ -7351299.055846145376563, -7358619.643956827931106 ], [ -7351314.863213839009404, -7358638.073856420814991 ], [ -7351410.264017447829247, -7358656.503799627535045 ], [ -7351590.378953551873565, -7358656.503799627535045 ], [ -7351743.999850845895708, -7358582.784288481809199 ], [ -7351828.825302829965949, -7358398.100577134639025 ], [ -7351897.620748141780496, -7358361.047965047881007 ], [ -7351982.446200124919415, -7358481.130107160657644 ], [ -7352019.515590559691191, -7358573.47239987179637 ], [ -7352136.06709741987288, -7358628.955900644883513 ], [ -7352220.781229914166033, -7358647.385822274722159 ], [ -7352141.299113487824798, -7358481.130107160657644 ], [ -7352141.299113487824798, -7358444.27109438739717 ], [ -7352289.687994713895023, -7358268.902180991135538 ], [ -7352384.977478832937777, -7358287.331250581890345 ], [ -7352464.459595259279013, -7358342.61872101854533 ], [ -7352618.080492554232478, -7358305.760363784618676 ], [ -7352681.643921797163785, -7358351.930333605967462 ], [ -7352628.767163671553135, -7358628.955900644883513 ], [ -7352644.574531364254653, -7358702.675848850980401 ], [ -7352702.905944539234042, -7358813.451083162799478 ], [ -7352750.550686598755419, -7358961.283184854313731 ], [ -7352792.963412592187524, -7359044.318719482980669 ], [ -7352845.951490208506584, -7359191.961190829984844 ], [ -7352930.665622702799737, -7359256.761792737059295 ], [ -7352941.240974327549338, -7359136.66769040375948 ], [ -7353010.147739129140973, -7359145.786240632645786 ], [ -7353047.217129562050104, -7359210.586458316072822 ], [ -7353190.262675233185291, -7359302.937400951050222 ], [ -7353301.470846535637975, -7359293.624651202000678 ], [ -7353418.022353394888341, -7359275.193200158886611 ], [ -7353471.010431014001369, -7359293.624651202000678 ], [ -7353545.149211880750954, -7359312.056145871058106 ], [ -7353603.480625056661665, -7359358.232081951573491 ], [ -7353693.538093108683825, -7359395.095420737750828 ], [ -7353788.938896719366312, -7359432.152952977456152 ], [ -7353778.252225602976978, -7359570.68371902871877 ], [ -7353826.008287152275443, -7359662.844907451421022 ], [ -7353878.885045279748738, -7359718.33617012668401 ], [ -7353916.065755204297602, -7359644.412582510150969 ], [ -7354037.849278131499887, -7359570.68371902871877 ], [ -7354154.400784992612898, -7359690.590489361435175 ], [ -7354239.226236977614462, -7359699.903713840059936 ], [ -7354233.882901418954134, -7359561.370649087242782 ], [ -7354265.608956295065582, -7359441.271849204786122 ], [ -7354318.597033913247287, -7359395.095420737750828 ], [ -7354403.422485897317529, -7359321.368917658925056 ], [ -7354493.479953949339688, -7359238.136414815671742 ], [ -7354641.757515686564147, -7359201.27381900511682 ], [ -7354705.320944929495454, -7359247.4490982061252 ], [ -7354774.227709730155766, -7359219.705095099285245 ], [ -7354906.697903773747385, -7359219.705095099285245 ], [ -7355023.249410634860396, -7359247.4490982061252 ], [ -7355145.032933561131358, -7359293.624651202000678 ], [ -7355293.421814789064229, -7359413.721174063161016 ], [ -7355409.97332165017724, -7359441.271849204786122 ], [ -7355531.756844578310847, -7359450.584775519557297 ], [ -7355685.489061363972723, -7359505.880504897795618 ], [ -7355791.353897107765079, -7359690.590489361435175 ], [ -7355886.754700718447566, -7359792.260459496639669 ], [ -7355992.730855952948332, -7359709.022923602722585 ], [ -7356098.595691696740687, -7359764.514515340328217 ], [ -7356167.502456498332322, -7359912.170641679316759 ], [ -7356241.641237366944551, -7359838.439243081025779 ], [ -7356347.617392601445317, -7359893.737726582214236 ], [ -7356416.524157403036952, -7359939.917111938819289 ], [ -7356517.156977078877389, -7359967.663681061007082 ], [ -7356580.720406323671341, -7359949.230634606443346 ], [ -7356570.145054697990417, -7359884.618300509639084 ], [ -7356601.871109575033188, -7359801.37977741099894 ], [ -7356697.27191318385303, -7359829.125852918252349 ], [ -7356760.835342425853014, -7359884.618300509639084 ], [ -7356840.31745885219425, -7359939.917111938819289 ], [ -7356919.799575279466808, -7359958.350136346183717 ], [ -7356988.595020590350032, -7360004.529904866591096 ], [ -7357052.269769322127104, -7360004.529904866591096 ], [ -7357126.408550191670656, -7360087.770599503070116 ], [ -7357168.821276183240116, -7360069.143233912996948 ], [ -7357253.535408677533269, -7360050.709947246126831 ], [ -7357364.743579979985952, -7360069.143233912996948 ], [ -7357438.993680340237916, -7360143.070853593759239 ], [ -7357555.545187200419605, -7360281.614267155528069 ], [ -7357587.27124207559973, -7360161.504358896054327 ], [ -7357698.479413378983736, -7360161.504358896054327 ], [ -7357799.223552545532584, -7360161.504358896054327 ], [ -7357952.844449841417372, -7360161.504358896054327 ], [ -7358021.639895150437951, -7360263.180477528832853 ], [ -7358079.971308327279985, -7360401.726028058677912 ], [ -7358164.685440820641816, -7360383.097911445423961 ], [ -7358127.616050386801362, -7360272.300346942618489 ], [ -7358201.754831255413592, -7360170.818146588280797 ], [ -7358344.800376923754811, -7360272.300346942618489 ], [ -7358471.927235409617424, -7360383.097911445423961 ], [ -7358683.879545879550278, -7360577.142978446558118 ], [ -7358758.018326749093831, -7360715.694115167483687 ], [ -7358832.15710761770606, -7360808.06290924642235 ], [ -7359070.603456896729767, -7360881.803489357233047 ], [ -7359282.555767366662621, -7360854.053662788122892 ], [ -7359499.740093903616071, -7360900.238743499852717 ], [ -7359679.855030008591712, -7360863.368278861045837 ], [ -7359801.638552934862673, -7360835.618517988361418 ], [ -7359939.452082538045943, -7360863.368278861045837 ], [ -7360056.003589397296309, -7360881.803489357233047 ], [ -7360082.497628207318485, -7360835.618517988361418 ], [ -7360130.142370266839862, -7360798.748359328135848 ], [ -7360241.350541569292545, -7360761.878375246189535 ], [ -7360320.832657995633781, -7360863.368278861045837 ], [ -7360463.878203664906323, -7360891.118138627149165 ], [ -7360606.923749335110188, -7360900.238743499852717 ], [ -7360633.417788143269718, -7360900.238743499852717 ], [ -7360797.614037062972784, -7360817.183416836895049 ], [ -7360861.177466304972768, -7360844.933112011291087 ], [ -7360924.740895548835397, -7360863.368278861045837 ], [ -7360946.002918290905654, -7360798.748359328135848 ], [ -7360988.304324792698026, -7360817.183416836895049 ], [ -7361094.280480026267469, -7360808.06290924642235 ], [ -7361163.187244827859104, -7360761.878375246189535 ], [ -7361231.982690137811005, -7360660.19574482832104 ], [ -7361311.464806566014886, -7360632.446707988157868 ], [ -7361406.865610174834728, -7360641.761058979667723 ], [ -7361528.649133103899658, -7360558.708489214070141 ], [ -7361655.887311079539359, -7360475.462760297581553 ], [ -7361899.565676426514983, -7360438.59430689830333 ], [ -7361941.867082926444709, -7360355.543903994373977 ], [ -7362026.692534910514951, -7360410.846059732139111 ], [ -7362111.406667406670749, -7360512.525434128940105 ], [ -7362333.934329501353204, -7360752.563880572095513 ], [ -7362434.567149177193642, -7360697.065247455611825 ], [ -7362482.323210729286075, -7360734.128976048901677 ], [ -7362535.311288345605135, -7360770.998828740790486 ], [ -7362635.832788532599807, -7360854.053662788122892 ], [ -7362853.128434560261667, -7360808.06290924642235 ], [ -7362922.035199360921979, -7360678.63047432154417 ], [ -7363011.98134792316705, -7360752.563880572095513 ], [ -7363117.957503158599138, -7360697.065247455611825 ], [ -7363181.520932401530445, -7360632.446707988157868 ], [ -7363218.590322835370898, -7360493.897052455693483 ], [ -7363255.771032759919763, -7360447.908426012843847 ], [ -7363340.485165253281593, -7360457.028511778451502 ], [ -7363382.897891245782375, -7360577.142978446558118 ], [ -7363425.199297747574747, -7360595.577511319890618 ], [ -7363494.106062547303736, -7360521.645595570094883 ], [ -7363557.669491791166365, -7360567.828704748302698 ], [ -7363605.314233850687742, -7360614.012087832204998 ], [ -7363716.633724644780159, -7360614.012087832204998 ], [ -7363764.278466704301536, -7360614.012087832204998 ], [ -7363848.992599197663367, -7360669.510129012167454 ], [ -7363944.393402808345854, -7360669.510129012167454 ], [ -7364045.026222485117614, -7360558.708489214070141 ], [ -7364092.78228403441608, -7360493.897052455693483 ], [ -7364151.002377720549703, -7360373.977912268601358 ], [ -7364209.222471403889358, -7360373.977912268601358 ], [ -7364278.129236205480993, -7360475.462760297581553 ], [ -7364453.012156242504716, -7360503.211237723007798 ], [ -7364606.633053537458181, -7360401.726028058677912 ], [ -7364701.922537656500936, -7360235.432855423539877 ], [ -7364760.253950831480324, -7360133.951135526411235 ], [ -7364829.160715632140636, -7360050.709947246126831 ], [ -7364950.944238561205566, -7359976.977236913517118 ], [ -7365025.083019429817796, -7359967.663681061007082 ], [ -7365125.827158597297966, -7360013.843504812568426 ], [ -7365258.186033150181174, -7360004.529904866591096 ], [ -7365353.586836759001017, -7359930.797631785273552 ], [ -7365411.80693044513464, -7359875.304855117574334 ], [ -7365539.045108420774341, -7359782.947124562226236 ], [ -7365623.759240915067494, -7359782.947124562226236 ], [ -7365713.81670896615833, -7359773.827828231267631 ], [ -7365761.461451025679708, -7359773.827828231267631 ], [ -7365931.001035504974425, -7359773.827828231267631 ], [ -7366180.022736408747733, -7359792.260459496639669 ], [ -7366503.183218182064593, -7359884.618300509639084 ], [ -7366603.81603785790503, -7359903.051194021478295 ], [ -7366736.286231903359294, -7359893.737726582214236 ], [ -7366810.425012771040201, -7359921.484131163917482 ], [ -7366974.621261690743268, -7359967.663681061007082 ], [ -7367117.666807361878455, -7359995.410349048674107 ], [ -7367234.218314221128821, -7360022.96308222040534 ], [ -7367334.851133896969259, -7360133.951135526411235 ], [ -7367403.757898698560894, -7360216.99917511921376 ], [ -7367530.884757184423506, -7360216.99917511921376 ], [ -7367642.092928487807512, -7360244.746731540188193 ], [ -7367785.138474158011377, -7360346.229895355179906 ], [ -7367912.376652133651078, -7360457.028511778451502 ], [ -7368023.584823435172439, -7360567.828704748302698 ], [ -7368071.229565494693816, -7360780.313345463946462 ], [ -7368108.298955930396914, -7360881.803489357233047 ], [ -7368140.13633029628545, -7361057.231255100108683 ], [ -7368145.368346364237368, -7361195.790934465825558 ], [ -7368193.124407913535833, -7361269.729251252487302 ], [ -7368251.344501599669456, -7361279.044364582747221 ], [ -7368320.251266401261091, -7361288.165423850528896 ], [ -7368420.884086076170206, -7361325.231966127641499 ], [ -7368558.586296188645065, -7361362.104617800563574 ], [ -7368659.330435357056558, -7361426.729212717153132 ], [ -7368759.963255033828318, -7361436.044513872824609 ], [ -7368982.490917130373418, -7361315.916797541081905 ], [ -7369040.711010813713074, -7361315.916797541081905 ], [ -7369183.756556483916938, -7361362.104617800563574 ], [ -7369263.238672910258174, -7361445.165757048875093 ], [ -7369464.504312264733016, -7361463.602345033548772 ], [ -7369602.206522376276553, -7361380.541009116917849 ], [ -7369718.758029236458242, -7361380.541009116917849 ], [ -7369782.432777969166636, -7361380.541009116917849 ], [ -7369872.378926530480385, -7361380.541009116917849 ], [ -7370047.261846567504108, -7361343.668270136229694 ], [ -7370206.226079420186579, -7361334.353079496882856 ], [ -7370322.666266789659858, -7361334.353079496882856 ], [ -7370486.973835200071335, -7361251.293122306466103 ], [ -7370566.455951628275216, -7361334.353079496882856 ], [ -7370624.676045312546194, -7361343.668270136229694 ], [ -7370720.076848921366036, -7361315.916797541081905 ], [ -7370826.053004155866802, -7361334.353079496882856 ], [ -7370931.917839901521802, -7361343.668270136229694 ], [ -7371064.38803394511342, -7361380.541009116917849 ], [ -7371154.445501996204257, -7361371.225774364545941 ], [ -7371218.008931240998209, -7361241.978042175062001 ], [ -7371297.491047665476799, -7361177.354980580508709 ], [ -7371429.961241710931063, -7361094.296698071993887 ], [ -7371625.994864997453988, -7361112.732455305755138 ], [ -7371726.627684674225748, -7361103.417540933005512 ], [ -7371869.561910853721201, -7361084.981805752962828 ], [ -7372023.294127638451755, -7361029.674862104468048 ], [ -7372155.653002191334963, -7360965.053562429733574 ], [ -7372245.710470243357122, -7360974.174253904260695 ], [ -7372383.523999845609069, -7360974.174253904260695 ], [ -7372505.307522772811353, -7360927.988734660670161 ], [ -7372658.928420067764819, -7360900.238743499852717 ], [ -7372717.259833242744207, -7361011.045243215747178 ], [ -7372897.374769347719848, -7360872.682906079106033 ], [ -7373035.076979460194707, -7361001.92450855486095 ], [ -7373141.05313469376415, -7361048.110466339625418 ], [ -7373305.249383614398539, -7361066.546114222146571 ], [ -7373427.144226031377912, -7361066.546114222146571 ], [ -7373501.283006901852787, -7361001.92450855486095 ], [ -7373633.753200945444405, -7361020.360047088004649 ], [ -7373792.606114308349788, -7360974.174253904260695 ], [ -7373882.66358235757798, -7360983.489013670012355 ], [ -7373962.145698784850538, -7361020.360047088004649 ], [ -7374084.040541204623878, -7361011.045243215747178 ], [ -7374184.673360879532993, -7361020.360047088004649 ], [ -7374322.375570992007852, -7361075.860984487459064 ], [ -7374375.363648609258235, -7361112.732455305755138 ], [ -7374449.613748968578875, -7361112.732455305755138 ], [ -7374470.764452219940722, -7360992.609726737253368 ], [ -7374581.972623521462083, -7360918.868097284808755 ], [ -7374661.454739947803319, -7360955.738824716769159 ], [ -7374719.786153122782707, -7360937.303439177572727 ], [ -7374740.936856374144554, -7360900.238743499852717 ], [ -7374788.581598433665931, -7360900.238743499852717 ], [ -7374830.994324426166713, -7360909.553414821624756 ], [ -7374889.214418112300336, -7360891.118138627149165 ], [ -7374936.970479661598802, -7360798.748359328135848 ], [ -7374989.95855728071183, -7360734.128976048901677 ], [ -7375069.44067370519042, -7360687.944880556315184 ], [ -7375201.799548259004951, -7360706.37967574223876 ], [ -7375265.362977501004934, -7360770.998828740790486 ], [ -7375339.501758369617164, -7360798.748359328135848 ], [ -7375408.408523169346154, -7360808.06290924642235 ], [ -7375493.23397515527904, -7360798.748359328135848 ], [ -7375567.37275602389127, -7360798.748359328135848 ], [ -7375646.854872450232506, -7360780.313345463946462 ], [ -7375742.14435656927526, -7360789.433820554055274 ], [ -7375858.695863430388272, -7360743.24939704220742 ], [ -7375943.521315412595868, -7360641.761058979667723 ], [ -7376017.660096283070743, -7360549.394237566739321 ], [ -7376165.93765801936388, -7360493.897052455693483 ], [ -7376356.73926523886621, -7360457.028511778451502 ], [ -7376547.429552967660129, -7360457.028511778451502 ], [ -7376552.661569036543369, -7360373.977912268601358 ], [ -7376663.981059827841818, -7360318.481977318413556 ], [ -7376743.463176254183054, -7360263.180477528832853 ], [ -7376854.671347558498383, -7360253.866579364985228 ], [ -7376981.798206044360995, -7360189.251717573031783 ], [ -7377124.843751712702215, -7360300.048100419342518 ], [ -7377236.051923014223576, -7360263.180477528832853 ], [ -7377267.889297381043434, -7360152.384619238786399 ], [ -7377469.266256228089333, -7360078.456911138258874 ], [ -7377665.188560022972524, -7360133.951135526411235 ], [ -7377956.511667429469526, -7360235.432855423539877 ], [ -7378163.231961832381785, -7360290.928198507986963 ], [ -7378353.922249560244381, -7360318.481977318413556 ], [ -7378581.681927724741399, -7360327.795952768065035 ], [ -7378756.453528270125389, -7360364.663881580345333 ], [ -7378968.405838740058243, -7360373.977912268601358 ], [ -7379132.60208765976131, -7360327.795952768065035 ], [ -7379318.060359320603311, -7360281.614267155528069 ], [ -7379524.669334234669805, -7360281.614267155528069 ], [ -7379688.865583153441548, -7360281.614267155528069 ], [ -7379900.817893623374403, -7360170.818146588280797 ], [ -7380075.589494168758392, -7360096.890263485722244 ], [ -7380123.345555719919503, -7360096.890263485722244 ], [ -7380393.51795987598598, -7360152.384619238786399 ], [ -7380626.509654105640948, -7360161.504358896054327 ], [ -7380843.80530013423413, -7360318.481977318413556 ], [ -7381066.221642739139497, -7360355.543903994373977 ], [ -7381426.451514946296811, -7360438.59430689830333 ], [ -7381691.391903033480048, -7360503.211237723007798 ], [ -7382025.127736433409154, -7360604.891818208619952 ], [ -7382348.288218204863369, -7360715.694115167483687 ], [ -7382708.518090411089361, -7360817.183416836895049 ], [ -7383132.311391863040626, -7360955.738824716769159 ], [ -7383577.366716054268181, -7361084.981805752962828 ], [ -7384128.286875990219414, -7361223.541978935711086 ], [ -7384276.675757216289639, -7361186.669983403757215 ], [ -7384414.377967328764498, -7361279.044364582747221 ], [ -7384774.607839536853135, -7361426.729212717153132 ], [ -7385103.111656866036355, -7361583.732339858077466 ], [ -7385410.353451455011964, -7361722.301388637162745 ], [ -7385844.72210453171283, -7361916.18575144931674 ], [ -7386268.515405980870128, -7362165.583647657185793 ], [ -7386830.010917542502284, -7362525.817590808495879 ], [ -7387381.04239697009325, -7362941.582439756020904 ], [ -7387778.675618082284927, -7363235.270991283468902 ], [ -7387831.329737227410078, -7363274.093836369924247 ], [ -7388037.938712139613926, -7363468.016846175305545 ], [ -7388218.053648243658245, -7363662.138810773380101 ], [ -7388366.331209979951382, -7363948.477543857879937 ], [ -7388355.755858355201781, -7364087.088686383329332 ], [ -7388143.914867375046015, -7364382.761877191253006 ], [ -7387990.293970080092549, -7364743.098425981588662 ], [ -7387868.399127661250532, -7364826.195643283426762 ], [ -7387783.684995167888701, -7365011.031886842101812 ], [ -7387778.675618082284927, -7365028.11781161557883 ], [ -7387746.61560473497957, -7365140.34220412466675 ], [ -7387778.675618082284927, -7365189.853479851037264 ], [ -7387836.673072787001729, -7365278.97456971090287 ], [ -7387926.619221347384155, -7365417.609404182061553 ], [ -7387937.305892462842166, -7365546.926475376822054 ], [ -7387852.480440478771925, -7365676.245694850571454 ], [ -7387783.684995167888701, -7365851.781526011414826 ], [ -7387778.675618082284927, -7365863.820632930845022 ], [ -7387704.202878741547465, -7366045.962941677309573 ], [ -7387645.871465566568077, -7366073.537095461972058 ], [ -7387624.720762314274907, -7365999.747325506992638 ], [ -7387603.458739574998617, -7366092.178832232020795 ], [ -7387550.581981447525322, -7366193.738244807347655 ], [ -7387412.879771335050464, -7366313.941250301897526 ], [ -7387338.629670977592468, -7366452.594518427737057 ], [ -7387296.216944984160364, -7366637.27518595289439 ], [ -7387227.421499674208462, -7366775.93421368394047 ], [ -7387259.147554551251233, -7366868.374937759712338 ], [ -7387280.409577291458845, -7366951.494845508597791 ], [ -7387079.032618448138237, -7367256.599124859087169 ], [ -7387057.88191519677639, -7367422.848119799047709 ], [ -7387094.951305630616844, -7367543.070107690989971 ], [ -7387206.159476932138205, -7367653.971197015605867 ], [ -7387290.984928918071091, -7367764.873866522684693 ], [ -7387391.617748593911529, -7367968.231903513893485 ], [ -7387402.193100219592452, -7368208.500347469002008 ], [ -7387365.123709785751998, -7368411.869975903071463 ], [ -7387407.536435779184103, -7368513.65390560682863 ], [ -7387603.458739574998617, -7368606.115270359441638 ], [ -7387778.675618082284927, -7368648.461388177238405 ], [ -7387794.260346794500947, -7368652.346364653669298 ], [ -7388048.514063766226172, -7368800.171160295605659 ], [ -7388106.845476941205561, -7368985.101796187460423 ], [ -7388127.996180192567408, -7369151.581977905705571 ], [ -7388196.902944994159043, -7369253.181318189017475 ], [ -7388239.204351494088769, -7369206.946654717437923 ], [ -7388313.343132363632321, -7369197.816312473267317 ], [ -7388461.732013590633869, -7369336.326698231510818 ], [ -7388514.720091207884252, -7369549.050814512185752 ], [ -7388578.283520449884236, -7369530.595067229121923 ], [ -7388620.696246442385018, -7369354.976251234300435 ], [ -7388715.985730561427772, -7369317.87145539931953 ], [ -7388880.293298972770572, -7369354.976251234300435 ], [ -7388991.501470275223255, -7369447.447611699812114 ], [ -7389187.535093562677503, -7369373.431582055054605 ], [ -7389325.237303673289716, -7369364.106777855195105 ], [ -7389489.433552593924105, -7369428.797837105579674 ], [ -7389669.548488697037101, -7369493.489434091374278 ], [ -7389738.455253498628736, -7369632.199355568736792 ], [ -7389865.582111984491348, -7369724.674010062590241 ], [ -7390013.970993212424219, -7369844.931559406220913 ], [ -7390082.766438521444798, -7369918.952073467895389 ], [ -7390167.591890507377684, -7369854.062660868279636 ], [ -7390326.444803868420422, -7369835.6061902474612 ], [ -7390464.258333470672369, -7369937.408741749823093 ], [ -7390617.879230766557157, -7370140.823553941212595 ], [ -7390670.867308381944895, -7370214.652594548650086 ], [ -7390803.337502426467836, -7370279.545013872906566 ], [ -7390898.626986546441913, -7370316.460104654543102 ], [ -7391052.247883841395378, -7370334.917715712450445 ], [ -7391295.926249188371003, -7370334.917715712450445 ], [ -7391391.327052797190845, -7370279.545013872906566 ], [ -7391444.315130413509905, -7370353.375370545312762 ], [ -7391592.592692150734365, -7370279.545013872906566 ], [ -7391799.201667062938213, -7370260.893245122395456 ], [ -7391894.602470673620701, -7370288.676625292748213 ], [ -7391968.741251540370286, -7370177.737986693158746 ], [ -7392122.362148836255074, -7370122.366403226740658 ], [ -7392387.302536924369633, -7370242.435809633694589 ], [ -7392577.992824653163552, -7370418.074653694406152 ], [ -7392694.544331514276564, -7370473.642635569907725 ], [ -7392853.397244876250625, -7370519.884825071319938 ], [ -7393012.361477728001773, -7370593.911759284324944 ], [ -7393181.901062207296491, -7370603.043739594519138 ], [ -7393446.841450294479728, -7370732.446995373815298 ], [ -7393526.21224722918123, -7370843.393542094156146 ], [ -7393536.898918345570564, -7370945.209278047084808 ], [ -7393674.6011284571141, -7370945.209278047084808 ], [ -7393822.878690195269883, -7371056.158858203329146 ], [ -7393939.430197055451572, -7371074.618223798461258 ], [ -7394140.807155900634825, -7371222.683351038023829 ], [ -7394257.358662759885192, -7371287.38986212387681 ], [ -7394405.636224498040974, -7371407.477245505899191 ], [ -7394548.681770166382194, -7371472.379612504504621 ], [ -7394776.441448330879211, -7371592.46985075250268 ], [ -7394887.76093912217766, -7371666.506989100947976 ], [ -7394818.854174321517348, -7371869.967004953883588 ], [ -7394802.935487138107419, -7371999.391330647282302 ], [ -7394908.911642373539507, -7371953.140348455868661 ], [ -7394940.749016741290689, -7371823.716792027465999 ], [ -7394993.737094357609749, -7371731.21719085983932 ], [ -7395168.508694902993739, -7371620.257985453121364 ], [ -7395300.978888948448002, -7371574.009256683290005 ], [ -7395401.61170862428844, -7371416.804498475044966 ], [ -7395544.657254295423627, -7371379.884187602438033 ], [ -7395608.220683537423611, -7371435.264719599857926 ], [ -7395692.934816030785441, -7371481.512623760849237 ], [ -7395756.498245273716748, -7371537.088199933990836 ], [ -7395883.736423251219094, -7371629.585493470542133 ], [ -7395926.03782975114882, -7371712.756267627701163 ], [ -7395979.025907370261848, -7371823.716792027465999 ], [ -7395979.025907370261848, -7371953.140348455868661 ], [ -7395957.875204117968678, -7372193.531855553388596 ], [ -7395920.805813684128225, -7372323.155903721228242 ], [ -7395830.748345632106066, -7372498.841718518175185 ], [ -7395963.107220184989274, -7372572.887481348589063 ], [ -7396037.357320545241237, -7372600.484770055860281 ], [ -7396127.414788598194718, -7372757.713444193825126 ], [ -7396228.047608274035156, -7372887.346891452558339 ], [ -7396402.819208819419146, -7372905.810601633042097 ], [ -7396418.737896002829075, -7372831.761670563369989 ], [ -7396492.876676871441305, -7372748.578934911638498 ], [ -7396651.840909724123776, -7372674.531500152312219 ], [ -7396715.40433896612376, -7372748.578934911638498 ], [ -7396683.566964599303901, -7372914.945295501500368 ], [ -7396715.40433896612376, -7372961.201995057985187 ], [ -7396752.473729400895536, -7372961.201995057985187 ], [ -7396842.531197452917695, -7372970.531110647134483 ], [ -7396922.013313879258931, -7372914.945295501500368 ], [ -7397001.495430305600166, -7372924.274355626665056 ], [ -7397144.540975973941386, -7373025.922964814119041 ], [ -7397208.104405217804015, -7373035.252158001065254 ], [ -7397314.080560454167426, -7372998.324167130514979 ], [ -7397372.300654137507081, -7372998.324167130514979 ], [ -7397478.276809373870492, -7373053.71621916256845 ], [ -7397637.241042226552963, -7373072.180324137210846 ], [ -7397833.163346022367477, -7372924.274355626665056 ], [ -7397833.163346022367477, -7372822.627074351534247 ], [ -7397891.494759197346866, -7372803.969209027476609 ], [ -7397928.56414963118732, -7372831.761670563369989 ], [ -7398023.964953241869807, -7372831.761670563369989 ], [ -7398071.609695302322507, -7372785.505740511231124 ], [ -7398209.311905412003398, -7372674.531500152312219 ], [ -7398299.369373464025557, -7372739.250085436739028 ], [ -7398357.700786639936268, -7372803.969209027476609 ], [ -7398474.25229350104928, -7372887.346891452558339 ], [ -7398537.815722743980587, -7372831.761670563369989 ], [ -7398638.448542419821024, -7372785.505740511231124 ], [ -7398744.424697655253112, -7372674.531500152312219 ], [ -7398855.632868957705796, -7372619.142147451639175 ], [ -7398898.0455949511379, -7372545.095944455824792 ], [ -7398966.841040260158479, -7372434.125132788904011 ], [ -7398956.265688635408878, -7372313.827564278617501 ], [ -7398924.539633759297431, -7372249.112517311237752 ], [ -7398908.620946575887501, -7372184.3980085644871 ], [ -7398882.126907766796649, -7372156.607859184034169 ], [ -7398850.400852889753878, -7371999.391330647282302 ], [ -7398855.632868957705796, -7371888.428301161155105 ], [ -7398850.400852889753878, -7371731.21719085983932 ], [ -7398876.894891699776053, -7371684.96780260745436 ], [ -7398951.033672568388283, -7371629.585493470542133 ], [ -7399083.392547121271491, -7371574.009256683290005 ], [ -7399252.932131599634886, -7371537.088199933990836 ], [ -7399385.402325643226504, -7371666.506989100947976 ], [ -7399475.459793695248663, -7371768.139168715104461 ], [ -7399586.667964998632669, -7371777.466853998601437 ], [ -7399745.632197850383818, -7371759.005821042694151 ], [ -7399851.608353084884584, -7371740.544831885956228 ], [ -7400010.5725859394297, -7371786.794550463557243 ], [ -7400100.630053989589214, -7371832.850215656682849 ], [ -7400217.070241360925138, -7371934.678898717276752 ], [ -7400365.459122586064041, -7372054.970605690032244 ], [ -7400460.859926197677851, -7372073.432340827770531 ], [ -7400625.056175117380917, -7371999.391330647282302 ], [ -7400810.514446780085564, -7372008.719293140806258 ], [ -7400937.52998577337712, -7372091.894119766540825 ], [ -7401117.756241368129849, -7372091.894119766540825 ], [ -7401313.678545164875686, -7372110.355942509137094 ], [ -7401462.067426392808557, -7372138.145926704630256 ], [ -7401711.089127296581864, -7372036.31458099372685 ], [ -7401848.791337408125401, -7372156.607859184034169 ], [ -7401975.918195893988013, -7372175.069835468195379 ], [ -7402050.056976762600243, -7372184.3980085644871 ], [ -7402235.515248424373567, -7372128.81780905649066 ], [ -7402325.572716476395726, -7372119.684038027189672 ], [ -7402410.286848969757557, -7372101.222193151712418 ], [ -7402585.169769005849957, -7372110.355942509137094 ], [ -7402707.064611424691975, -7372110.355942509137094 ], [ -7402892.411563593894243, -7371971.601841993629932 ], [ -7402860.574189228005707, -7371897.756130639463663 ], [ -7402945.399641213007271, -7371823.716792027465999 ], [ -7403014.306406013667583, -7371851.505752544850111 ], [ -7403099.020538507029414, -7371842.177978509105742 ], [ -7403247.298100243322551, -7371888.428301161155105 ], [ -7403279.135474612005055, -7372036.31458099372685 ], [ -7403220.804061435163021, -7372258.440779170021415 ], [ -7403242.066084175370634, -7372397.005652346648276 ], [ -7403305.629513419233263, -7372424.796660312451422 ], [ -7403379.768294287845492, -7372341.618275168351829 ], [ -7403538.732527139596641, -7372249.112517311237752 ], [ -7403586.377269200049341, -7372212.18825719319284 ], [ -7403766.492205303162336, -7372091.894119766540825 ], [ -7403920.113102599047124, -7372175.069835468195379 ], [ -7403989.019867400638759, -7372175.069835468195379 ], [ -7404057.926632200367749, -7372165.936010148376226 ], [ -7404179.710155128501356, -7372184.3980085644871 ], [ -7404200.972177870571613, -7372341.618275168351829 ], [ -7404158.559451878070831, -7372517.304506824351847 ], [ -7404211.547529495321214, -7372582.021784380078316 ], [ -7404412.813168849796057, -7372702.323499359190464 ], [ -7404486.951949717476964, -7372628.276504782959819 ], [ -7404582.352753328159451, -7372674.531500152312219 ], [ -7404614.190127693116665, -7372730.115597829222679 ], [ -7404757.124353873543441, -7372757.713444193825126 ], [ -7404863.100509108044207, -7372785.505740511231124 ], [ -7404932.007273909635842, -7372794.834645445458591 ], [ -7405149.191600446589291, -7372887.346891452558339 ], [ -7405292.237146116793156, -7372767.042315806262195 ], [ -7405546.490863088518381, -7372702.323499359190464 ], [ -7405546.490863088518381, -7372628.276504782959819 ], [ -7405631.316315072588623, -7372535.767338938079774 ], [ -7405726.605799191631377, -7372600.484770055860281 ], [ -7405769.018525183200836, -7372646.739600213244557 ], [ -7405954.476796844042838, -7372563.558842511847615 ], [ -7405954.476796844042838, -7372498.841718518175185 ], [ -7405996.778203347697854, -7372406.334091506898403 ], [ -7406081.60365532990545, -7372489.513168453238904 ], [ -7406161.085771758109331, -7372434.125132788904011 ], [ -7406219.305865442380309, -7372239.784266634844244 ], [ -7406256.375255877152085, -7372156.607859184034169 ], [ -7406447.065543605946004, -7372286.036952645517886 ], [ -7406473.559582415036857, -7372295.365258770063519 ], [ -7406547.809682773426175, -7372082.566057564690709 ], [ -7406653.67451851721853, -7371944.006783636286855 ], [ -7406796.720064188353717, -7371832.850215656682849 ], [ -7406982.178335849195719, -7371749.678157888352871 ], [ -7407024.591061840765178, -7371832.850215656682849 ], [ -7406961.027632598765194, -7372008.719293140806258 ], [ -7407008.672374658286572, -7372193.531855553388596 ], [ -7407146.374584768898785, -7372175.069835468195379 ], [ -7407294.763465996831656, -7372008.719293140806258 ], [ -7407411.314972857944667, -7371888.428301161155105 ], [ -7407554.360518526285887, -7371971.601841993629932 ], [ -7407644.417986578308046, -7371749.678157888352871 ], [ -7408078.786639653146267, -7371731.21719085983932 ], [ -7408184.762794888578355, -7371592.46985075250268 ], [ -7408396.603785868734121, -7371463.052292921580374 ], [ -7408646.738681680522859, -7371187.512770418077707 ], [ -7408818.28201699256897, -7370887.889186489395797 ], [ -7408983.591460821218789, -7370898.964561101980507 ], [ -7409180.738279016688466, -7370932.19077951926738 ], [ -7409358.626825302839279, -7371076.561317462474108 ], [ -7409422.301574037410319, -7371276.31393467169255 ], [ -7409504.9006362054497, -7371420.496539197862148 ], [ -7409638.372705667279661, -7371220.740220890380442 ], [ -7409784.646516568958759, -7371054.410078470595181 ], [ -7409860.900367761962116, -7370976.686931647360325 ], [ -7410083.428029858507216, -7370887.889186489395797 ], [ -7410153.33667007740587, -7370887.889186489395797 ], [ -7410191.519255420193076, -7370732.446995373815298 ], [ -7410394.8999650971964, -7370632.577025879174471 ], [ -7410534.717245534062386, -7370588.277138482779264 ], [ -7410725.518852753564715, -7370488.409019161015749 ], [ -7411017.843835578300059, -7370355.318284126929939 ], [ -7411176.808068429119885, -7370244.378695519641042 ], [ -7411462.899159769527614, -7370122.366403226740658 ], [ -7411704.462454790249467, -7370000.161741331219673 ], [ -7411926.990116884931922, -7369878.153277847915888 ], [ -7412225.771630174480379, -7369656.289285773411393 ], [ -7412390.969754513353109, -7369423.358327932655811 ], [ -7412651.680001950822771, -7369323.505156465806067 ], [ -7412816.989445777609944, -7369256.872332574799657 ], [ -7413033.060577408410609, -7369112.729808297008276 ], [ -7413242.897817554883659, -7369057.171542742289603 ], [ -7413350.989043112844229, -7369057.171542742289603 ], [ -7413560.714963768608868, -7368890.887635336257517 ], [ -7413795.933047814294696, -7368680.124002956785262 ], [ -7413986.623335544019938, -7368613.496687160804868 ], [ -7414139.242357419803739, -7368613.496687160804868 ], [ -7414374.460441467352211, -7368668.857536310330033 ], [ -7414501.587299951352179, -7368613.496687160804868 ], [ -7414717.769751074723899, -7368491.50996028073132 ], [ -7415073.769482631236315, -7368269.685493422672153 ], [ -7415150.023333823308349, -7368302.900488370098174 ], [ -7415493.332643429748714, -7368158.775630760006607 ], [ -7415575.931705597788095, -7368081.081396873109043 ], [ -7415938.276648129336536, -7367881.410773566924036 ], [ -7416198.986895568668842, -7367692.816085333935916 ], [ -7416459.585823515430093, -7367670.674475234001875 ], [ -7416523.149252759292722, -7367537.63191628176719 ], [ -7416802.895133122801781, -7367548.70252422709018 ], [ -7416955.402835508808494, -7367559.773147916421294 ], [ -7417146.204442728310823, -7367626.197220729663968 ], [ -7417266.986090239137411, -7367714.957758418284357 ], [ -7417406.803370676003397, -7367970.174221747554839 ], [ -7417514.894596235826612, -7368081.081396873109043 ], [ -7417794.52915710862726, -7368014.459208971820772 ], [ -7418029.858560646884143, -7367836.932314819656312 ], [ -7418207.747106932103634, -7367692.816085333935916 ], [ -7418379.401761735789478, -7367648.5329281212762 ], [ -7418506.639939713291824, -7367570.8437873525545 ], [ -7418792.61971156205982, -7367526.36710330657661 ], [ -7418977.076107804663479, -7367193.674029772169888 ], [ -7419142.27423214353621, -7367315.640417392365634 ], [ -7419313.928886945359409, -7367337.975233622826636 ], [ -7419453.857486872002482, -7367038.499811894260347 ], [ -7419771.674633087590337, -7366661.355848270468414 ], [ -7419898.80149157345295, -7366406.376487967558205 ], [ -7420076.801357352174819, -7366184.417249231599271 ], [ -7420229.420379229821265, -7366140.142672669142485 ], [ -7420248.456012155860662, -7365907.316916317678988 ], [ -7420381.928081615827978, -7365707.702046049758792 ], [ -7420572.618369345553219, -7365541.295507121831179 ], [ -7421030.364115487784147, -7365308.487660951912403 ], [ -7421647.074094483628869, -7364887.160053708590567 ], [ -7422187.307583302259445, -7364576.712505121715367 ], [ -7422626.017696518450975, -7364310.541256374679506 ], [ -7422950.180053708143532, -7364133.292948984540999 ], [ -7423179.05292678065598, -7364077.7702128700912 ], [ -7423452.453596168197691, -7363933.723561966791749 ], [ -7423814.798538699746132, -7363734.159290632233024 ], [ -7424253.397332424297929, -7363512.470348777249455 ], [ -7424641.234438349492848, -7363323.981476518325508 ], [ -7425251.487886877730489, -7363068.917292086407542 ], [ -7425639.324992801062763, -7362913.825271275825799 ], [ -7425988.868193891830742, -7362880.633262661285698 ], [ -7426484.796525374986231, -7362791.927828784100711 ], [ -7426955.232693468220532, -7362924.889305591583252 ], [ -7427088.70476292911917, -7362902.761252680793405 ], [ -7427114.196926321834326, -7362681.095982612110674 ], [ -7427203.141199464909732, -7362603.456399610266089 ], [ -7427273.049839684739709, -7362525.817590808495879 ], [ -7427279.395050659775734, -7362381.799650505185127 ], [ -7427088.70476292911917, -7362204.401159277185798 ], [ -7427025.141333687119186, -7362038.069484002888203 ], [ -7427050.633497079834342, -7361694.548566533252597 ], [ -7427215.831621415913105, -7361351.042803965508938 ], [ -7427514.613134705461562, -7360885.490536695346236 ], [ -7427692.613000482320786, -7360619.639493567869067 ], [ -7427851.577233336865902, -7360331.482737794518471 ], [ -7428093.140528356656432, -7359877.24515532143414 ], [ -7428608.104492766782641, -7359389.66291774250567 ], [ -7428963.992904833517969, -7359179.156345274299383 ], [ -7429053.048497467301786, -7358913.169541884213686 ], [ -7429154.794512053951621, -7358791.334710841998458 ], [ -7429186.63188642077148, -7358481.130107160657644 ], [ -7429199.322308369912207, -7358270.648090977221727 ], [ -7429135.758879126980901, -7357960.464225763455033 ], [ -7429262.885737612843513, -7357783.166427014395595 ], [ -7429409.048229025676847, -7357595.010157983750105 ], [ -7429733.321905705146492, -7357583.759720973670483 ], [ -7429885.829608092084527, -7357439.833150276914239 ], [ -7429981.230411702767015, -7357351.18967214692384 ], [ -7430044.793840944766998, -7357306.965294420719147 ], [ -7430000.26604462787509, -7357185.155587465502322 ], [ -7429987.575622676871717, -7357029.986745347268879 ], [ -7430222.793706722557545, -7356753.018045797012746 ], [ -7430362.61098715942353, -7356730.907523706555367 ], [ -7430445.210049327462912, -7356786.37789967097342 ], [ -7430496.083056620322168, -7356631.217001839540899 ], [ -7430610.519493157044053, -7356487.308031980879605 ], [ -7430839.392366227693856, -7356276.879890862852335 ], [ -7430839.392366227693856, -7356088.566070513799787 ], [ -7430979.209646662697196, -7355557.006513423286378 ], [ -7431367.046752586960793, -7355058.64177427906543 ], [ -7431875.665506022050977, -7354582.413279085420072 ], [ -7432187.137441261671484, -7354250.272771880961955 ], [ -7432721.13703859783709, -7354084.304771557450294 ], [ -7433274.172268857248127, -7353884.99273384641856 ], [ -7433553.918149222619832, -7353763.042649497278035 ], [ -7433948.100466120988131, -7353608.135835522785783 ], [ -7434532.861751257441938, -7353397.785456233657897 ], [ -7434831.754584037698805, -7353419.886519378982484 ], [ -7434965.226653498597443, -7353375.684455789625645 ], [ -7435041.4805046916008, -7353530.586647612974048 ], [ -7435187.64299610350281, -7353541.637359724380076 ], [ -7435321.226385055109859, -7353486.383955918252468 ], [ -7435378.444603323936462, -7353530.586647612974048 ], [ -7435505.571461808867753, -7353408.835979969240725 ], [ -7435556.444469102658331, -7353253.936208949424326 ], [ -7435759.825178780592978, -7353209.541222909465432 ], [ -7436185.73355055693537, -7353209.541222909465432 ], [ -7436306.515198067761958, -7353287.087215045467019 ], [ -7436516.352438213303685, -7353242.692040089517832 ], [ -7436808.788740525953472, -7353198.490981863811612 ], [ -7436973.98686486389488, -7353430.937074462883174 ], [ -7437222.006690350361168, -7353453.038231659680605 ], [ -7437374.514392737299204, -7353242.692040089517832 ], [ -7437552.51425851508975, -7353198.490981863811612 ], [ -7437660.60548407677561, -7353120.945871594361961 ], [ -7437851.295771804638207, -7353087.795572469942272 ], [ -7438067.478222926147282, -7353065.695451421663165 ], [ -7438207.295503361150622, -7352988.151662942953408 ], [ -7438162.879026535898447, -7352866.409472134895623 ], [ -7438226.331136289052665, -7352700.277099635452032 ], [ -7438461.660539824515581, -7352501.000467373989522 ], [ -7438709.569045821204782, -7352467.852806069888175 ], [ -7438944.787129866890609, -7352578.539407199248672 ], [ -7439090.949621279723942, -7352755.718781081959605 ], [ -7439180.005213914439082, -7352523.098986595869064 ], [ -7439396.187665034085512, -7352401.364062642678618 ], [ -7439758.421288075856864, -7352401.364062642678618 ], [ -7439917.385520928539336, -7352135.802437599748373 ], [ -7440158.948815949261189, -7351859.007692018523812 ], [ -7440267.040041510015726, -7351748.331312675960362 ], [ -7440527.638969457708299, -7351670.800634856335819 ], [ -7441125.20199603587389, -7351748.331312675960362 ], [ -7441316.003603254444897, -7351449.454795169644058 ], [ -7441525.729523910209537, -7351228.115243533626199 ], [ -7441710.074600663036108, -7351217.067812449298799 ], [ -7441951.637895683757961, -7351294.59397535584867 ], [ -7442193.201190705411136, -7351239.162690282799304 ], [ -7442466.601860094815493, -7351095.353292911313474 ], [ -7442727.200788040645421, -7350940.305703279562294 ], [ -7442937.038028186187148, -7350840.689254898577929 ], [ -7443159.565690281800926, -7350829.642373119480908 ], [ -7443439.31157064717263, -7350707.933905433863401 ], [ -7443718.946131519973278, -7350741.074080097489059 ], [ -7444043.219808199442923, -7350763.16760818194598 ], [ -7444284.783103221096098, -7350608.320427844300866 ], [ -7444539.036820192821324, -7350475.569037359207869 ], [ -7444837.818333482369781, -7350486.615417159162462 ], [ -7445238.345861356705427, -7350431.189879862591624 ], [ -7445498.944789303466678, -7350597.273875505663455 ], [ -7445797.726302593015134, -7350575.180817805230618 ], [ -7445918.507950101979077, -7350674.793871721252799 ], [ -7446045.63480858784169, -7350796.50182175077498 ], [ -7446242.781626783311367, -7350685.840533963404596 ], [ -7446382.598907220177352, -7350564.134312448091805 ], [ -7446611.471780289895833, -7350530.801092960871756 ], [ -7446744.943849751725793, -7350486.615417159162462 ], [ -7446948.435878922231495, -7350442.236196747049689 ], [ -7447285.288658063858747, -7350464.522673217579722 ], [ -7447380.68946167267859, -7350608.320427844300866 ], [ -7447558.689327450469136, -7350741.074080097489059 ], [ -7447711.308349328115582, -7350752.120836308225989 ], [ -7447743.03440420422703, -7350575.180817805230618 ], [ -7447876.506473666056991, -7350608.320427844300866 ], [ -7448137.216721103526652, -7350530.801092960871756 ], [ -7448353.287852732464671, -7350453.282529292628169 ], [ -7448461.379078294150531, -7350375.958530338481069 ], [ -7448747.470169631764293, -7350464.522673217579722 ], [ -7449020.759519531391561, -7350464.522673217579722 ], [ -7449090.66815974842757, -7350552.894024823792279 ], [ -7449395.906203503720462, -7350586.227338823489845 ], [ -7449542.068694915622473, -7350519.754650521092117 ], [ -7449694.687716793268919, -7350519.754650521092117 ], [ -7449840.850208203308284, -7350508.708223737776279 ], [ -7449955.286644739098847, -7350586.227338823489845 ], [ -7450082.41350322496146, -7350752.120836308225989 ], [ -7450285.905532395467162, -7350652.506793814711273 ], [ -7450374.849805539473891, -7350420.143578639253974 ], [ -7450648.250474927015603, -7350364.912307414226234 ], [ -7450781.722544388845563, -7350453.282529292628169 ], [ -7451061.468424751423299, -7350575.180817805230618 ], [ -7451436.503789234906435, -7350420.143578639253974 ], [ -7451550.94022577162832, -7350176.741336425766349 ], [ -7451665.376662304624915, -7349999.620598936453462 ], [ -7451811.539153718389571, -7349877.925095249898732 ], [ -7452002.340760936960578, -7349888.970627829432487 ], [ -7452148.503252346999943, -7349811.458449092693627 ], [ -7452409.213499785400927, -7349855.834077063947916 ], [ -7452644.320264342240989, -7349811.458449092693627 ], [ -7452866.847926436923444, -7349501.611216112039983 ], [ -7453146.593806800432503, -7349225.103795008733869 ], [ -7453477.212694456800818, -7349025.916021390818059 ], [ -7453775.882888256572187, -7349014.677952433004975 ], [ -7453883.974113814532757, -7349213.865438786335289 ], [ -7454252.775586813688278, -7349103.226624664850533 ], [ -7454564.247522053308785, -7348937.368227645754814 ], [ -7454761.283020757138729, -7348550.056115420535207 ], [ -7455091.901908413507044, -7348262.34547174256295 ], [ -7455543.191124089062214, -7348372.972347835078835 ], [ -7455924.683019038289785, -7348251.302244575694203 ], [ -7456261.535798178985715, -7348074.225265557877719 ], [ -7456503.210412689484656, -7348096.504970524460077 ], [ -7456770.154551612213254, -7347996.924870031885803 ], [ -7456967.190050317905843, -7347786.725917408242822 ], [ -7457126.154283170588315, -7347753.404576409608126 ], [ -7457278.773305046372116, -7347720.277105368673801 ], [ -7457730.062520722858608, -7347687.149775143712759 ], [ -7457952.590182820335031, -7347554.254415664821863 ], [ -7458232.224743692204356, -7347321.983565844595432 ], [ -7458575.534053297713399, -7347122.844429110176861 ], [ -7458950.680737270973623, -7347012.235297339968383 ], [ -7459325.716101754456758, -7346968.06956768874079 ], [ -7459770.66010645404458, -7347089.719638292677701 ], [ -7460031.370353892445564, -7347122.844429110176861 ], [ -7460355.532711083069444, -7347067.636522631160915 ], [ -7460559.024740252643824, -7347078.678072640672326 ], [ -7460737.02460603043437, -7347045.359758826903999 ], [ -7461086.679126613773406, -7347078.678072640672326 ], [ -7461423.531905753538013, -7347045.359758826903999 ], [ -7461582.496138606220484, -7346945.986796719022095 ], [ -7461715.968208067119122, -7346901.627735349349678 ], [ -7461900.313284819945693, -7346846.42139588855207 ], [ -7462091.003572549670935, -7346779.980600603856146 ], [ -7462256.313016377389431, -7346658.335364548489451 ], [ -7462536.058896741829813, -7346658.335364548489451 ], [ -7462637.80491132568568, -7346702.499339003115892 ], [ -7462745.89613688737154, -7346735.62248407676816 ], [ -7462866.677784396335483, -7346470.253872169181705 ], [ -7463165.459297685883939, -7346238.015325718559325 ], [ -7463324.312211048789322, -7346249.055700450204313 ], [ -7463549.511540923267603, -7346133.810453940182924 ], [ -7463728.290643136017025, -7346145.238057736307383 ], [ -7463946.81080356426537, -7346076.091626388952136 ], [ -7464112.342886373400688, -7346145.238057736307383 ], [ -7464211.75119165237993, -7346053.042952260933816 ], [ -7464330.863046800717711, -7345995.518407450988889 ], [ -7464496.395129609853029, -7345880.276909737847745 ], [ -7464767.903367656283081, -7345857.228814663365483 ], [ -7464999.67054748814553, -7345857.228814663365483 ], [ -7465171.881799743510783, -7345788.08493837621063 ], [ -7465330.846032597124577, -7345638.372148528695107 ], [ -7465423.575168428011239, -7345396.474894917570055 ], [ -7465635.416159407235682, -7345384.854719433002174 ], [ -7465761.207184003666043, -7345407.90141770709306 ], [ -7465953.233305621892214, -7345430.948184124194086 ], [ -7466284.408790731802583, -7345396.474894917570055 ], [ -7466496.249781711958349, -7345384.854719433002174 ], [ -7466767.758019756525755, -7345269.622250236570835 ], [ -7467112.18052427098155, -7345119.919418530538678 ], [ -7467184.983471250161529, -7344924.128721784800291 ], [ -7467343.836384612135589, -7344774.432525449432433 ], [ -7467555.788695082999766, -7344601.50117121078074 ], [ -7467807.482063765637577, -7344486.280282161198556 ], [ -7468178.287287598475814, -7344440.192403424531221 ], [ -7468443.11635619495064, -7344440.192403424531221 ], [ -7468708.056744283996522, -7344532.368433400988579 ], [ -7468953.070943519473076, -7344532.368433400988579 ], [ -7469204.652992713265121, -7344486.280282161198556 ], [ -7469343.802356204017997, -7344371.061096250079572 ], [ -7469661.619502419605851, -7344371.061096250079572 ], [ -7469807.336715867742896, -7344290.505500574596226 ], [ -7469966.189629228785634, -7344163.864492428489029 ], [ -7469880.139662846922874, -7343944.861732969991863 ], [ -7469846.966454589739442, -7343875.928450533188879 ], [ -7469840.398604632355273, -7343772.142411063425243 ], [ -7469952.942609824240208, -7343530.30306485760957 ], [ -7470171.462770251557231, -7343345.975791569799185 ], [ -7470370.168061318807304, -7343357.592928000725806 ], [ -7470939.678576217032969, -7343392.057201278395951 ], [ -7471158.19873664341867, -7343334.552290961146355 ], [ -7471462.768863454461098, -7343311.511722024530172 ], [ -7471760.771140307188034, -7343196.309898824431002 ], [ -7471946.229411968961358, -7343104.149666019715369 ], [ -7471985.97047018352896, -7342942.871880269609392 ], [ -7472058.773417160846293, -7342839.291868708096445 ], [ -7472144.823383544571698, -7342862.331041984260082 ], [ -7472197.811461161822081, -7342724.097023667767644 ], [ -7472290.540596992708743, -7342654.980933691374958 ], [ -7472429.57864099368453, -7342528.366492808796465 ], [ -7472621.604762610979378, -7342309.409675111062825 ], [ -7472826.87790363561362, -7342297.987693354487419 ], [ -7473111.633161082863808, -7342217.259926528669894 ], [ -7473323.585471553727984, -7342332.447282450273633 ], [ -7473336.832490959204733, -7342516.750592041760683 ], [ -7473436.129476745612919, -7342367.100618351250887 ], [ -7473502.364573769271374, -7342240.297261560335755 ], [ -7473542.105631981045008, -7342136.726584401912987 ], [ -7473588.414540151134133, -7342125.304855641908944 ], [ -7473542.105631981045008, -7342033.157283174805343 ], [ -7473667.896656577475369, -7341791.371877451427281 ], [ -7473833.428739387542009, -7341745.299928529188037 ], [ -7473985.825122282840312, -7341653.156847471371293 ], [ -7474144.678035644814372, -7341722.264056168496609 ], [ -7474270.580379732884467, -7341756.721100569702685 ], [ -7474396.371404329314828, -7341572.435757507570088 ], [ -7474740.68258935213089, -7341468.87395238969475 ], [ -7474939.387880417518318, -7341434.224608832970262 ], [ -7475084.993774375878274, -7341595.471187167800963 ], [ -7475131.414002037607133, -7341353.699354922398925 ], [ -7475316.760954206809402, -7341227.106045951135457 ], [ -7475535.392434124834836, -7341111.935019991360605 ], [ -7475767.048294466920197, -7341100.321229452267289 ], [ -7475972.432754979468882, -7341134.969089078716934 ], [ -7476164.458876598626375, -7341204.071704651229084 ], [ -7476263.755862385965884, -7341123.355264226906002 ], [ -7476462.349833962507546, -7340962.118449881672859 ], [ -7476661.055125027894974, -7340962.118449881672859 ], [ -7476952.489551924169064, -7341042.833221045322716 ], [ -7477124.589484691619873, -7341181.037431407719851 ], [ -7477389.52987277880311, -7341192.457776863127947 ], [ -7477581.555994397029281, -7341204.071704651229084 ], [ -7477773.582116016186774, -7341134.969089078716934 ], [ -7477925.867179421707988, -7341134.969089078716934 ], [ -7478124.572470487095416, -7341169.423537929542363 ], [ -7478296.67240325268358, -7341342.085204237140715 ], [ -7478482.130674913525581, -7341526.365102374926209 ], [ -7478641.094907768070698, -7341641.54225067794323 ], [ -7478826.441859938204288, -7341561.014855436049402 ], [ -7479018.467981556430459, -7341422.803909224458039 ], [ -7479184.000064366497099, -7341250.140455306507647 ], [ -7479389.384524879045784, -7341111.935019991360605 ], [ -7479528.422568880021572, -7341146.389367051422596 ], [ -7479826.424845733679831, -7341204.071704651229084 ], [ -7480051.512856118381023, -7341146.389367051422596 ], [ -7480342.947283014655113, -7341192.457776863127947 ], [ -7480442.244268802925944, -7341111.935019991360605 ], [ -7480415.750229992903769, -7341042.833221045322716 ], [ -7480508.479365824721754, -7340996.765695334412158 ], [ -7480680.690618081018329, -7340996.765695334412158 ], [ -7480793.234623273834586, -7340962.118449881672859 ], [ -7480978.581575444899499, -7340996.765695334412158 ], [ -7481568.018279193900526, -7341111.935019991360605 ], [ -7481720.30334259942174, -7341019.799424164928496 ], [ -7481866.020556048490107, -7341031.219533441588283 ], [ -7481965.317541834898293, -7341042.833221045322716 ], [ -7482276.566838093101978, -7340893.211536647751927 ], [ -7482389.110843286849558, -7340858.564751375466585 ], [ -7482548.07507613953203, -7340847.144894994795322 ], [ -7482839.398183544166386, -7340685.913792641833425 ], [ -7482918.880299970507622, -7340766.432149672880769 ], [ -7483144.079629846848547, -7340881.598071916028857 ], [ -7483362.599790272302926, -7340939.278450490906835 ], [ -7483514.884853679686785, -7340824.111676235683262 ], [ -7483879.122227555140853, -7340444.170163857750595 ], [ -7484210.186393173411489, -7340167.790314427576959 ], [ -7484475.015461770817637, -7340075.665874999016523 ], [ -7484574.423767049796879, -7340144.759102522395551 ], [ -7484660.473733431659639, -7340225.271871165372431 ], [ -7484832.573666199110448, -7340190.821594360284507 ], [ -7484951.796840838156641, -7339995.154651188291609 ], [ -7485176.996170712634921, -7339868.389865966513753 ], [ -7485349.207422969862819, -7339822.329278914257884 ], [ -7485633.851360928267241, -7339845.359538427554071 ], [ -7485912.038768419995904, -7339856.971459778957069 ], [ -7485984.841715400107205, -7339787.880782412365079 ], [ -7486143.805948251858354, -7339649.701264299452305 ], [ -7486236.535084081813693, -7339603.641969095915556 ], [ -7486335.832069871947169, -7339442.436578458175063 ], [ -7486501.364152680151165, -7339384.960792580619454 ], [ -7486637.173931449651718, -7339339.483619140461087 ], [ -7486673.575404938310385, -7339327.291911345906556 ], [ -7486806.045598980970681, -7339350.320708739571273 ], [ -7487057.627648175694048, -7339431.018796028569341 ], [ -7487176.850822813808918, -7339569.194438753649592 ], [ -7487309.209697367623448, -7339661.119366959668696 ], [ -7487441.679891411215067, -7339661.119366959668696 ], [ -7487620.458993624895811, -7339546.164994922466576 ], [ -7487865.473192861303687, -7339419.407509006559849 ], [ -7488057.499314478598535, -7339373.349574147723615 ], [ -7488295.945663758553565, -7339200.731499334797263 ], [ -7488395.242649546824396, -7339016.506558761000633 ], [ -7488547.52771295234561, -7338970.45100369118154 ], [ -7488713.171115252189338, -7338832.285970596596599 ], [ -7488845.529989804141223, -7338636.653115279041231 ], [ -7488984.679353296756744, -7338602.209856607019901 ], [ -7489315.743518915958703, -7338602.209856607019901 ], [ -7489554.189868194982409, -7338613.62642549071461 ], [ -7489686.548742747865617, -7338579.183268529362977 ], [ -7489819.018936792388558, -7338487.077596178278327 ], [ -7489891.821883770637214, -7338648.263236758299172 ], [ -7489838.833806153386831, -7338786.425009186379611 ], [ -7489679.980892791412771, -7338970.45100369118154 ], [ -7489547.510698747821152, -7339177.703143734484911 ], [ -7489507.769640535116196, -7339304.263181963935494 ], [ -7489368.731596534140408, -7339431.018796028569341 ], [ -7489262.75544129870832, -7339419.407509006559849 ], [ -7489097.223358488641679, -7339546.164994922466576 ], [ -7489024.30909201875329, -7339741.820670953951776 ], [ -7488858.77700920868665, -7339856.971459778957069 ], [ -7488779.294892782345414, -7339891.420261530205607 ], [ -7488785.974062230437994, -7340075.665874999016523 ], [ -7488944.938295083120465, -7340156.177930172532797 ], [ -7489130.285247255116701, -7340110.115643003024161 ], [ -7489269.323291256092489, -7339983.542524044401944 ], [ -7489507.769640535116196, -7339845.359538427554071 ], [ -7489772.710028622299433, -7339799.29908742569387 ], [ -7489977.98316964507103, -7339707.17900169454515 ], [ -7490209.639029985293746, -7339649.701264299452305 ], [ -7490448.085379266180098, -7339419.407509006559849 ], [ -7490454.76454871147871, -7339235.177401893772185 ], [ -7490428.270509904250503, -7339131.64663655590266 ], [ -7490448.085379266180098, -7338970.45100369118154 ], [ -7490421.591340457089245, -7338947.423328164964914 ], [ -7490474.579418073408306, -7338797.841847781091928 ], [ -7490388.529451691545546, -7338648.263236758299172 ], [ -7490262.627107603475451, -7338659.679873066954315 ], [ -7490183.256310667842627, -7338625.236512683331966 ], [ -7490163.33012181520462, -7338441.025167975574732 ], [ -7490222.997368881478906, -7338256.818174879997969 ], [ -7490415.023490499705076, -7338118.665785648860037 ], [ -7490567.308553904294968, -7337980.515843947418034 ], [ -7490660.037689736112952, -7337773.489000735804439 ], [ -7490501.073456882499158, -7337658.368975142948329 ], [ -7490275.985446498729289, -7337612.321440747007728 ], [ -7490050.786116624251008, -7337612.321440747007728 ], [ -7489812.339767344295979, -7337623.736560479737818 ], [ -7489574.004737556912005, -7337784.904356393031776 ], [ -7489342.237557725049555, -7337992.124988553114235 ], [ -7489150.21143610496074, -7338210.767106515355408 ], [ -7488997.815053209662437, -7338371.947035623714328 ], [ -7488872.024028613232076, -7338429.415355053730309 ], [ -7488832.282970401458442, -7338567.573249904438853 ], [ -7488686.677076444029808, -7338636.653115279041231 ], [ -7488653.503868186846375, -7338544.546764106489718 ], [ -7488620.441979421302676, -7338394.973011747002602 ], [ -7488660.183037634007633, -7338222.376593910157681 ], [ -7488838.962139848619699, -7338038.174765734933317 ], [ -7488925.012106232345104, -7337934.659891715273261 ], [ -7489057.482300274074078, -7337738.856074811890721 ], [ -7489156.779286063276231, -7337497.203794327564538 ], [ -7489189.952494319528341, -7337324.62724559661001 ], [ -7489249.508421894162893, -7337174.883424620144069 ], [ -7489262.75544129870832, -7337036.943663564510643 ], [ -7489249.508421894162893, -7336933.248619397170842 ], [ -7489300.715387659147382, -7336818.721367031335831 ], [ -7489402.461402243934572, -7336674.984307051636279 ], [ -7489504.096097338013351, -7336719.285218074917793 ], [ -7489529.588260729797184, -7336862.82963670603931 ], [ -7489586.806478997692466, -7336929.185968495905399 ], [ -7489783.84197770152241, -7336951.240384542383254 ], [ -7489891.933203261345625, -7336951.240384542383254 ], [ -7489980.877476406283677, -7336940.213168724440038 ], [ -7490184.369505575858057, -7336940.213168724440038 ], [ -7490324.186786011792719, -7336907.13161482103169 ], [ -7490470.460596914403141, -7336918.158783863298595 ], [ -7490743.749946812167764, -7336818.721367031335831 ], [ -7490786.496631276793778, -7336807.307425596751273 ], [ -7490826.460328471846879, -7336796.667325746268034 ], [ -7490959.932397933676839, -7336796.667325746268034 ], [ -7490978.968030857853591, -7336984.322125555947423 ], [ -7491068.023623491637409, -7337017.597468610852957 ], [ -7491182.348740538582206, -7337083.761653960682452 ], [ -7491265.059122197329998, -7337072.734250753186643 ], [ -7491195.150481979362667, -7337183.202450349926949 ], [ -7491087.059256419539452, -7337260.58916147518903 ], [ -7491068.023623491637409, -7337382.087847243994474 ], [ -7491176.114849053323269, -7337558.922119501046836 ], [ -7491137.932263711467385, -7337702.481994195841253 ], [ -7491055.221882052719593, -7337945.688513826578856 ], [ -7490889.912438224069774, -7337967.745804842561483 ], [ -7490788.277743129990995, -7338244.047683291137218 ], [ -7490667.496095619164407, -7338310.222275392152369 ], [ -7490553.059659082442522, -7338321.25142867397517 ], [ -7490375.059793304651976, -7338299.193137710914016 ], [ -7490464.004066448658705, -7338498.106999605894089 ], [ -7490635.658721252344549, -7338575.506760760210454 ], [ -7490750.095157787203789, -7338674.966581759043038 ], [ -7490756.440368763171136, -7338840.606764658354223 ], [ -7490667.496095619164407, -7338918.009925561957061 ], [ -7490794.62295410502702, -7339017.47411535680294 ], [ -7490915.404601615853608, -7339072.818552452139556 ], [ -7491042.53146010171622, -7339116.939573920331895 ], [ -7491182.348740538582206, -7339282.78266376350075 ], [ -7491322.277340465225279, -7339426.374279145151377 ], [ -7491354.00339534226805, -7339503.783255055546761 ], [ -7491233.221747830510139, -7339658.409985154867172 ], [ -7491233.221747830510139, -7339890.646129482425749 ], [ -7491392.185980683192611, -7340023.217363179661334 ], [ -7491506.622417218051851, -7340045.280531802214682 ], [ -7491697.312704947777092, -7340056.312139526940882 ], [ -7491811.749141482636333, -7340023.217363179661334 ], [ -7491951.677741410210729, -7340012.185802279040217 ], [ -7492097.840232822112739, -7340034.248939686454833 ], [ -7492186.784505965188146, -7340012.185802279040217 ], [ -7492244.114043723791838, -7339901.677518424578011 ], [ -7492313.911364451982081, -7339702.727848644368351 ], [ -7492383.931324158795178, -7339547.906715187244117 ], [ -7492568.276400913484395, -7339371.220852642320096 ], [ -7492752.621477668173611, -7339249.497653354890645 ], [ -7492975.149139762856066, -7339094.879031980410218 ], [ -7493134.002053124830127, -7338962.32358103338629 ], [ -7493134.002053124830127, -7338796.487306735478342 ], [ -7493127.656842149794102, -7338586.536289264447987 ], [ -7493216.712434783577919, -7338498.106999605894089 ], [ -7493483.656573708169162, -7338420.708006702363491 ], [ -7493744.255501653067768, -7338420.708006702363491 ], [ -7493890.529312557540834, -7338365.56169294193387 ], [ -7493960.437952774576843, -7338255.076742978766561 ], [ -7494081.21960028540343, -7338266.105818262323737 ], [ -7494163.929981944151223, -7338221.796119131147861 ], [ -7494380.001113574951887, -7338067.197874251753092 ], [ -7494469.056706208735704, -7337901.380635327659547 ], [ -7494348.275058697909117, -7337846.237994061782956 ], [ -7494329.128106282092631, -7337790.902261823415756 ], [ -7494373.655902599915862, -7337702.481994195841253 ], [ -7494456.366284258663654, -7337647.340759369544685 ], [ -7494507.1279720608145, -7337592.006438483484089 ], [ -7494488.092339134775102, -7337470.504482135176659 ], [ -7494513.584502526558936, -7337304.89339926559478 ], [ -7494640.711361012421548, -7337293.672214802354574 ], [ -7494914.000710910186172, -7337227.50624849461019 ], [ -7495231.929176616482437, -7337106.009971057996154 ], [ -7495390.782089975662529, -7336995.542864904738963 ], [ -7495626.000174023211002, -7336918.158783863298595 ], [ -7495581.583697197027504, -7337061.706863138824701 ], [ -7495409.929042394272983, -7337117.0374213187024 ], [ -7495276.345653442665935, -7337249.561508221551776 ], [ -7495142.873583980835974, -7337415.364887585863471 ], [ -7495225.472646148875356, -7337470.504482135176659 ], [ -7495181.05616932362318, -7337592.006438483484089 ], [ -7495047.584099862724543, -7337647.340759369544685 ], [ -7494958.528507226146758, -7337801.930680624209344 ], [ -7494933.14766332693398, -7338000.8318583490327 ], [ -7494914.000710910186172, -7338255.076742978766561 ], [ -7494831.40164874214679, -7338288.164015628397465 ], [ -7494736.000845131464303, -7338465.018836128525436 ], [ -7494589.838353719562292, -7338652.907290188595653 ], [ -7494564.457509817555547, -7338774.427671387791634 ], [ -7494634.366150037385523, -7338895.949946416541934 ], [ -7494469.056706208735704, -7338984.383747955784202 ], [ -7494329.128106282092631, -7339161.254359940998256 ], [ -7494265.564677038230002, -7339139.000178275629878 ], [ -7494170.275192919187248, -7339194.345477941446006 ], [ -7493979.584905191324651, -7339194.345477941446006 ], [ -7493846.112835729494691, -7339282.78266376350075 ], [ -7493757.057243094779551, -7339238.467187064699829 ], [ -7493668.001650460995734, -7339326.904873316176236 ], [ -7493572.71216634195298, -7339448.435758979991078 ], [ -7493617.239962659776211, -7339558.937619233503938 ], [ -7493795.128508946858346, -7339625.31689765304327 ], [ -7493992.275327140465379, -7339603.254917345941067 ], [ -7494176.620403894223273, -7339603.254917345941067 ], [ -7494437.219331841915846, -7339525.844953910447657 ], [ -7494513.584502526558936, -7339415.343562634661794 ], [ -7494704.274790256284177, -7339028.504269029945135 ], [ -7494971.218929179012775, -7338973.353656691499054 ], [ -7495181.05616932362318, -7338962.32358103338629 ], [ -7495409.929042394272983, -7338918.009925561957061 ], [ -7495594.274119148030877, -7338763.397877113893628 ], [ -7495708.71055568382144, -7338409.678712750785053 ], [ -7495861.21825806889683, -7338332.474091884680092 ], [ -7495835.837414169684052, -7338210.767106515355408 ], [ -7495835.837414169684052, -7338111.313206078484654 ], [ -7495816.801781242713332, -7337945.688513826578856 ], [ -7495797.654828826896846, -7337691.453716036863625 ], [ -7495905.746054386720061, -7337448.448597530834377 ], [ -7496064.710287239402533, -7337371.060022177174687 ], [ -7496204.527567676268518, -7337371.060022177174687 ], [ -7496306.273582260124385, -7337360.032212707214057 ], [ -7496249.055363994091749, -7337205.451051144860685 ], [ -7496147.309349409304559, -7337128.064887173473835 ], [ -7496217.217989625409245, -7337050.679491117596626 ], [ -7496318.964004212059081, -7336973.294862958602607 ], [ -7496376.182222479954362, -7336785.640328489243984 ], [ -7496496.96386999078095, -7336608.823589710518718 ], [ -7496681.308946743607521, -7336630.877099794335663 ], [ -7496833.92796862218529, -7336564.523306163959205 ], [ -7496891.146186889149249, -7336531.443345881998539 ], [ -7496961.054827106185257, -7336365.852203612215817 ], [ -7497075.49126364197582, -7336277.448091792874038 ], [ -7497361.471035489812493, -7336277.448091792874038 ], [ -7497583.998697587288916, -7336166.992721361108124 ], [ -7497666.709079246036708, -7335923.841665163636208 ], [ -7497774.688985315151513, -7335957.112483725883067 ], [ -7497863.74457794893533, -7336255.202138317748904 ], [ -7497812.871570657938719, -7336487.336950438097119 ], [ -7497622.181282928213477, -7336708.258330235257745 ], [ -7497787.490726755931973, -7336774.419891146942973 ], [ -7497596.800439028069377, -7336785.640328489243984 ], [ -7497323.399769639596343, -7336929.185968495905399 ], [ -7497062.800841692835093, -7337106.009971057996154 ], [ -7496802.090594255365431, -7337337.976640546694398 ], [ -7496592.364673599600792, -7337536.865984822623432 ], [ -7496503.309080965816975, -7337636.312559193000197 ], [ -7496655.928102841600776, -7337824.181046734564006 ], [ -7496980.090460033155978, -7337813.152596466243267 ], [ -7497291.562395272776484, -7337790.902261823415756 ], [ -7497482.252683000639081, -7337735.760401771403849 ], [ -7497742.962930438108742, -7337525.837940877303481 ], [ -7497838.363734049722552, -7337337.976640546694398 ], [ -7498016.252280335873365, -7337216.478642023168504 ], [ -7498207.053887556307018, -7337194.423475861549377 ], [ -7498226.08952048048377, -7336962.267615954391658 ], [ -7498327.835535067133605, -7336663.957481849007308 ], [ -7498512.1806118208915, -7336454.063869820907712 ], [ -7498550.251877672038972, -7336663.957481849007308 ], [ -7498639.307470306754112, -7336763.392925351858139 ], [ -7498747.398695866577327, -7336807.694338591769338 ], [ -7498880.870765326544642, -7336873.856743104755878 ], [ -7499001.652412838302553, -7336896.104461372829974 ], [ -7499154.271434716880322, -7336840.775470682419837 ], [ -7499230.525285908952355, -7336962.267615954391658 ], [ -7499033.489787206053734, -7337470.504482135176659 ], [ -7498702.870899548754096, -7337636.312559193000197 ], [ -7498391.398964309133589, -7338100.284349725581706 ], [ -7498130.800036363303661, -7338166.651212045922875 ], [ -7497723.92729751393199, -7338255.076742978766561 ], [ -7497386.963198881596327, -7338420.708006702363491 ], [ -7497234.455496496520936, -7338233.018639206886292 ], [ -7497062.800841692835093, -7338221.796119131147861 ], [ -7497126.364270934835076, -7338420.708006702363491 ], [ -7496992.780881983228028, -7338520.165853258222342 ], [ -7496738.527165011502802, -7338719.085352113470435 ], [ -7496515.999502914957702, -7338840.606764658354223 ], [ -7496395.217855404131114, -7338995.413854817859828 ], [ -7496414.253488331101835, -7339139.000178275629878 ], [ -7496579.562932158820331, -7339172.284717004746199 ], [ -7496763.908008911646903, -7338984.383747955784202 ], [ -7497094.526896568015218, -7338918.009925561957061 ], [ -7497348.780613539740443, -7338929.039938534609973 ], [ -7497596.800439028069377, -7338884.919980250298977 ], [ -7497908.272374266758561, -7338763.397877113893628 ], [ -7498200.708676581270993, -7338763.397877113893628 ], [ -7498416.779808211140335, -7338564.477247859351337 ], [ -7498677.490055649541318, -7338674.966581759043038 ], [ -7498893.56118727941066, -7338763.397877113893628 ], [ -7499154.271434716880322, -7338918.009925561957061 ], [ -7499484.779002880677581, -7339139.000178275629878 ], [ -7499758.17967227101326, -7339337.935464712791145 ], [ -7499980.707334365695715, -7339470.690823812037706 ], [ -7500215.814098921604455, -7339581.192999466322362 ], [ -7500381.123542748391628, -7339647.378940380178392 ], [ -7500603.651204844936728, -7339735.821264699101448 ], [ -7500680.016375529579818, -7339757.883620103821158 ], [ -7500902.432718134485185, -7339702.727848644368351 ], [ -7501169.488176546990871, -7339967.866179834119976 ], [ -7501442.777526443824172, -7340034.248939686454833 ], [ -7501614.432181247510016, -7340045.280531802214682 ], [ -7501900.5232725860551, -7339923.740343132987618 ], [ -7502040.451872512698174, -7339879.614756147377193 ], [ -7501957.741490853950381, -7340133.727369658648968 ], [ -7501811.578999442979693, -7340211.143368445336819 ], [ -7501786.08683605119586, -7340387.848265278153121 ], [ -7501964.086701828055084, -7340465.266787308268249 ], [ -7502211.995207826606929, -7340509.58923720009625 ], [ -7502428.177658946253359, -7340465.266787308268249 ], [ -7502688.776586893945932, -7340255.270831694826484 ], [ -7503051.121529425494373, -7340188.886190066114068 ], [ -7503330.867409789934754, -7340166.822615078650415 ], [ -7503496.176853616721928, -7340244.238942470401525 ], [ -7503693.212352321483195, -7340399.073903320357203 ], [ -7503991.993865610100329, -7340432.17027507070452 ], [ -7504106.430302144959569, -7340177.854394767433405 ], [ -7504195.485894779674709, -7339868.389865966513753 ], [ -7504290.775378899648786, -7339592.223950602114201 ], [ -7504322.612753265537322, -7339514.81409668084234 ], [ -7504532.338673920370638, -7339194.345477941446006 ], [ -7504684.95769579987973, -7338995.413854817859828 ], [ -7504761.211546991020441, -7338829.57687677256763 ], [ -7504983.739209087565541, -7338796.487306735478342 ], [ -7505104.966134562157094, -7339016.506558761000633 ], [ -7505180.774707791395485, -7339359.996694322675467 ], [ -7505322.373100081458688, -7339569.775013847276568 ], [ -7505574.957024689763784, -7339592.223950602114201 ], [ -7505797.150728314183652, -7339541.713933791965246 ], [ -7505988.174974516034126, -7339481.721618621610105 ], [ -7505870.287633763626218, -7339230.145968435332179 ], [ -7505663.901297834701836, -7339105.909295148216188 ], [ -7505524.084017398767173, -7339028.504269029945135 ], [ -7505511.393595447763801, -7338929.039938534609973 ], [ -7505536.774439348839223, -7338807.517147813923657 ], [ -7505676.591719783842564, -7338796.487306735478342 ], [ -7505854.702905055135489, -7338774.427671387791634 ], [ -7505969.028022098354995, -7338719.085352113470435 ], [ -7506153.4844183428213, -7338785.457481260411441 ], [ -7506350.519917047582567, -7338785.457481260411441 ], [ -7506668.337063262239099, -7338785.457481260411441 ], [ -7507030.793325285427272, -7338752.368098443374038 ], [ -7507234.174034964293242, -7338796.487306735478342 ], [ -7507482.082540960982442, -7338840.606764658354223 ], [ -7507658.189975395798683, -7338548.803756359033287 ], [ -7507997.26914435159415, -7338309.448300308547914 ], [ -7507891.292989118024707, -7338033.144104575738311 ], [ -7507774.741482256911695, -7337830.565946123562753 ], [ -7507443.677316637709737, -7337949.558209491893649 ], [ -7507255.547377196140587, -7337443.805261353030801 ], [ -7507297.960103188641369, -7337112.394282465800643 ], [ -7507446.34898441657424, -7336854.510952722281218 ], [ -7507637.039272145368159, -7336670.534884479828179 ], [ -7507880.717637492343783, -7336596.829601638019085 ], [ -7508103.245299587026238, -7336338.963319573551416 ], [ -7508209.221454821527004, -7336449.614573289640248 ], [ -7508482.065526757389307, -7336343.605997965671122 ], [ -7508537.61395266186446, -7336322.907411439344287 ], [ -7508569.451327029615641, -7336253.848038850352168 ], [ -7508569.451327029615641, -7336136.622604740783572 ], [ -7508557.428822024725378, -7335984.580359497107565 ], [ -7508545.628955999389291, -7335881.092740352265537 ], [ -7508557.428822024725378, -7335832.734510583803058 ], [ -7508617.096069089137018, -7335860.395381309092045 ], [ -7508672.755814486183226, -7335915.523982698097825 ], [ -7508827.712545670568943, -7335894.826532279141247 ], [ -7508986.565459032543004, -7335860.395381309092045 ], [ -7509240.930495494045317, -7335819.000827996991575 ], [ -7509471.361841436475515, -7335839.698077190667391 ], [ -7509578.673830561339855, -7335819.000827996991575 ], [ -7509590.58501607645303, -7335881.092740352265537 ], [ -7509495.184212467633188, -7336005.278048111125827 ], [ -7509360.153670134022832, -7336143.393002660945058 ], [ -7509141.52219021692872, -7336281.510403192602098 ], [ -7509073.951259303838015, -7336302.208879849873483 ], [ -7509062.151393281295896, -7336426.594340473413467 ], [ -7509157.44087740033865, -7336474.762804446741939 ], [ -7509320.301292430609465, -7336578.451752470806241 ], [ -7509435.516965401358902, -7336599.151017243973911 ], [ -7509566.651325556449592, -7336619.850336957722902 ], [ -7509713.704372893087566, -7336640.549711609259248 ], [ -7509884.579791260883212, -7336557.75254263728857 ], [ -7509999.795464233495295, -7336495.461794013157487 ], [ -7510079.277580658905208, -7336433.364990130998194 ], [ -7510222.32312632817775, -7336329.871415728703141 ], [ -7510349.338665324263275, -7336309.172865654341877 ], [ -7510444.739468933083117, -7336288.474370514973998 ], [ -7510536.132770874537528, -7336288.474370514973998 ], [ -7510627.526072815991938, -7336343.605997965671122 ], [ -7510770.571618484333158, -7336322.907411439344287 ], [ -7510873.876105940900743, -7336226.379214704968035 ], [ -7511016.921651611104608, -7336129.658773010596633 ], [ -7511370.583673861809075, -7336039.903276170603931 ], [ -7511565.281463257037103, -7336019.205495666712523 ], [ -7511732.149379957467318, -7336005.278048111125827 ], [ -7511942.654537048190832, -7335977.81009944435209 ], [ -7512200.915755687281489, -7335950.148812281899154 ], [ -7512347.968803026713431, -7335970.846409518271685 ], [ -7512570.385145631618798, -7335984.580359497107565 ], [ -7512633.948574873618782, -7335991.544061684980989 ], [ -7512689.60832027066499, -7336053.637347760610282 ], [ -7512745.268065667711198, -7336046.867027756758034 ], [ -7512892.32111300341785, -7336039.903276170603931 ], [ -7512983.603095455095172, -7336046.867027756758034 ], [ -7513170.397201005369425, -7336129.658773010596633 ], [ -7513249.879317433573306, -7336247.077545042149723 ], [ -7513305.539062829688191, -7336302.208879849873483 ], [ -7513400.828546948730946, -7336247.077545042149723 ], [ -7513412.739732463844121, -7336205.487497733905911 ], [ -7513516.044219920411706, -7336136.622604740783572 ], [ -7513575.711466984823346, -7336164.091112752445042 ], [ -7513639.274896228685975, -7336219.41530283074826 ], [ -7513563.688961979933083, -7336419.630249816924334 ], [ -7513508.140536072663963, -7336474.762804446741939 ], [ -7513329.361433859914541, -7336543.824133301153779 ], [ -7513237.968131918460131, -7336612.886073724366724 ], [ -7513166.389699338003993, -7336633.585429891943932 ], [ -7513337.265117705799639, -7336612.886073724366724 ], [ -7513524.059223257936537, -7336523.125015373341739 ], [ -7513651.18608174379915, -7336585.41598495375365 ], [ -7513754.490569197572768, -7336661.249141202308238 ], [ -7513857.795056654140353, -7336771.711512139998376 ], [ -7513865.698740500956774, -7336882.175447723828256 ], [ -7513798.127809589728713, -7336958.204949935898185 ], [ -7513706.734507648274302, -7336965.169521550647914 ], [ -7513659.089765588752925, -7336999.605550376698375 ], [ -7513655.082263921387494, -7337103.108013052493334 ], [ -7513718.645693163387477, -7337227.50624849461019 ], [ -7513837.868867801502347, -7337289.609376131556928 ], [ -7513925.254668075591326, -7337344.941551330499351 ], [ -7514064.292712076567113, -7337351.712998336181045 ], [ -7514199.434573899954557, -7337296.574243717826903 ], [ -7514286.820374173112214, -7337248.207236088812351 ], [ -7514402.14736663363874, -7337241.242411700077355 ], [ -7514461.703294208273292, -7337358.677921390160918 ], [ -7514640.482396421954036, -7337503.588426005095243 ], [ -7514767.609254907816648, -7337572.658866480924189 ], [ -7514863.010058518499136, -7337476.115199575200677 ], [ -7514914.662302246317267, -7337427.747078383341432 ], [ -7514998.040600850246847, -7337407.045614188537002 ], [ -7515097.448906130157411, -7337289.609376131556928 ], [ -7515109.248772153630853, -7337075.63619745336473 ], [ -7515033.885476884432137, -7336965.169521550647914 ], [ -7514906.647298908792436, -7336861.475431730039418 ], [ -7514791.431625937111676, -7336792.411289868876338 ], [ -7514727.868196695111692, -7336626.814606408588588 ], [ -7514692.13464015070349, -7336447.293202192522585 ], [ -7514616.660025391727686, -7336240.113614683039486 ], [ -7514465.710795878432691, -7336191.753158734180033 ], [ -7514271.013006480410695, -7336226.379214704968035 ], [ -7514131.863642988726497, -7336322.907411439344287 ], [ -7514084.21890092920512, -7336461.027991227805614 ], [ -7513941.173355258069932, -7336461.027991227805614 ], [ -7513905.43979871366173, -7336295.244900262914598 ], [ -7513774.305438559502363, -7336378.232728153467178 ], [ -7513702.838325470685959, -7336405.895533690229058 ], [ -7513702.838325470685959, -7336074.335219644010067 ], [ -7513496.229350558482111, -7336081.299001974053681 ], [ -7513539.866590949706733, -7335901.790154327638447 ], [ -7513583.615150831639767, -7335736.018950565718114 ], [ -7513595.526336346752942, -7335570.444696017540991 ], [ -7513585.952860137447715, -7335338.530592767521739 ], [ -7513523.947903765365481, -7335205.265308048576117 ], [ -7513549.440067157149315, -7334813.799614300020039 ], [ -7513572.037923788651824, -7334560.827294919639826 ], [ -7513587.956610972061753, -7334450.396232709288597 ], [ -7513689.591306066140532, -7334229.538798688910902 ], [ -7514023.438458955846727, -7333870.61045984365046 ], [ -7514436.656408779323101, -7333484.046094164252281 ], [ -7514706.828812935389578, -7333484.046094164252281 ], [ -7514970.210728152655065, -7333853.012566256336868 ], [ -7515038.560895499773324, -7333910.834365702234209 ], [ -7515081.530218943953514, -7333979.872995359823108 ], [ -7515105.352589975111187, -7334145.606877834536135 ], [ -7515127.616488133557141, -7334225.670948383398354 ], [ -7515168.916019218042493, -7334314.051806668750942 ], [ -7515226.134237485937774, -7334361.046850303187966 ], [ -7515281.793982882983983, -7334457.551963445730507 ], [ -7515343.687619763426483, -7334521.180236290208995 ], [ -7515423.169736189767718, -7334587.323246444575489 ], [ -7515461.352321532554924, -7334642.636252848431468 ], [ -7515524.915750775486231, -7334673.000552507117391 ], [ -7515578.90570380911231, -7334697.756247344426811 ], [ -7515613.971343409270048, -7334755.777715009637177 ], [ -7515639.352187311276793, -7334805.483115566894412 ], [ -7515707.702354658395052, -7334805.483115566894412 ], [ -7515749.001885742880404, -7334811.091916064731777 ], [ -7515841.17442411929369, -7334797.166625704616308 ], [ -7515966.742809733375907, -7334816.507313474081457 ], [ -7516049.341871902346611, -7334866.213101053610444 ], [ -7516093.86966821923852, -7334921.528085315600038 ], [ -7516158.991570333950222, -7334946.28456898778677 ], [ -7516275.097799230366945, -7335012.624596239998937 ], [ -7516359.255334271118045, -7335067.747205529361963 ], [ -7516405.341603458859026, -7335156.137606265023351 ], [ -7516413.35660679731518, -7335247.236857445910573 ], [ -7516457.773083623498678, -7335382.630491758696735 ], [ -7516489.610457990318537, -7335454.390070918016136 ], [ -7516559.519098207354546, -7335548.394184363074601 ], [ -7516607.275159757584333, -7335600.812607981264591 ], [ -7516672.397061871364713, -7335664.256780145689845 ], [ -7516879.006036783568561, -7335733.310932148247957 ], [ -7516999.787684295326471, -7335769.288967886939645 ], [ -7517136.488018988631666, -7335824.41692528501153 ], [ -7517230.21903023775667, -7335882.446775104850531 ], [ -7517336.751782927662134, -7335937.768967288546264 ], [ -7517419.350845093838871, -7336034.293591919355094 ], [ -7517490.817958185449243, -7336061.955177522264421 ], [ -7517598.909183743409812, -7336095.033146461471915 ], [ -7517662.472612989135087, -7336117.278643070720136 ], [ -7517746.741467518731952, -7336150.356846653856337 ], [ -7517894.462431801483035, -7336213.805489451624453 ], [ -7517915.167857089079916, -7336222.897257988341153 ], [ -7517964.482391510158777, -7336244.175906636752188 ], [ -7518032.721239365637302, -7336222.897257988341153 ], [ -7518086.488553418777883, -7336222.897257988341153 ], [ -7518175.878104526549578, -7336230.441499503329396 ], [ -7518272.837381007149816, -7336247.077545042149723 ], [ -7518350.649705071933568, -7336255.202138317748904 ], [ -7518453.954192528501153, -7336260.811981473118067 ], [ -7518546.126730904914439, -7336263.520183060318232 ], [ -7518608.131687276996672, -7336299.500664825551212 ], [ -7518662.121640310622752, -7336310.526974727399647 ], [ -7518727.354861916042864, -7336307.818756816908717 ], [ -7518787.690025925636292, -7336315.943413370288908 ], [ -7518890.994513382203877, -7336365.852203612215817 ], [ -7518975.263367912732065, -7336393.321519009768963 ], [ -7519054.634164847433567, -7336382.295092049986124 ], [ -7519169.18192087393254, -7336432.010859727859497 ], [ -7519227.958612012676895, -7336404.347961558029056 ], [ -7519277.273146435618401, -7336387.905026625841856 ], [ -7519364.658946706913412, -7336382.295092049986124 ], [ -7519467.852114673703909, -7336373.976920625194907 ], [ -7519534.643809149041772, -7336409.957911998033524 ], [ -7519653.866983789950609, -7336398.931461515836418 ], [ -7519695.166514872573316, -7336418.276121799834073 ], [ -7519765.075155089609325, -7336462.382126667536795 ], [ -7519842.998798646964133, -7336465.0903982501477 ], [ -7519922.480915072374046, -7336490.045230689458549 ], [ -7519995.617820523679256, -7336498.363525912165642 ], [ -7520119.51641377620399, -7336514.80669373832643 ], [ -7520202.115475946106017, -7336548.080033512786031 ], [ -7520275.252381395548582, -7336570.133371823467314 ], [ -7520415.069661832414567, -7336561.815000048838556 ], [ -7520512.140257805585861, -7336570.133371823467314 ], [ -7520580.379105660133064, -7336556.398390639573336 ], [ -7520694.815542195923626, -7336567.425063758157194 ], [ -7520772.739185751415789, -7336583.868377197533846 ], [ -7520891.962360391393304, -7336650.222335422411561 ], [ -7520893.520833262242377, -7336777.321726843714714 ], [ -7520891.962360391393304, -7336832.456810226663947 ], [ -7520915.784731420688331, -7336937.504732135683298 ], [ -7520990.480109743773937, -7336995.542864904738963 ], [ -7521042.911589908413589, -7337020.305933015421033 ], [ -7521015.860953642986715, -7337070.025768139399588 ], [ -7521060.388749962672591, -7337133.481893655844033 ], [ -7521120.723913971334696, -7337186.104438159614801 ], [ -7521266.997724873013794, -7337277.227404669858515 ], [ -7521322.657470270060003, -7337301.991367254406214 ], [ -7521425.961957726627588, -7337304.89339926559478 ], [ -7521513.347757997922599, -7337238.533870561979711 ], [ -7521562.550972929224372, -7337238.533870561979711 ], [ -7521669.083725619129837, -7337202.549056136980653 ], [ -7521758.027998763136566, -7337152.828376093879342 ], [ -7521797.7690569749102, -7337092.080582490190864 ], [ -7521910.647020640783012, -7337031.333262087777257 ], [ -7522015.50998096819967, -7337072.734250753186643 ], [ -7522182.37789766676724, -7337108.718466167338192 ], [ -7522369.951239654794335, -7337128.064887173473835 ], [ -7522455.778567056171596, -7337114.135459210723639 ], [ -7522575.001741695217788, -7337097.691027669236064 ], [ -7522713.260549259372056, -7337106.009971057996154 ], [ -7522815.006563846021891, -7337141.800875221379101 ], [ -7522881.68693882972002, -7337235.825330363586545 ], [ -7522915.082786069251597, -7337279.935959246940911 ], [ -7522929.331680889241397, -7337340.685216223821044 ], [ -7522962.727528128772974, -7337349.004418829455972 ], [ -7523051.783120762556791, -7337396.01775382924825 ], [ -7523199.615404536016285, -7337489.851800690405071 ], [ -7523345.777895947918296, -7337556.213468021713197 ], [ -7523439.508907195180655, -7337611.354058487340808 ], [ -7523511.08733977470547, -7337650.049442499876022 ], [ -7523579.437507121823728, -7337733.051688868552446 ], [ -7523654.132885444909334, -7337779.873858620412648 ], [ -7523711.239784221164882, -7337818.570078860037029 ], [ -7523808.310380192473531, -7337859.975247170776129 ], [ -7523913.173340520821512, -7337934.659891715273261 ], [ -7523992.655456946231425, -7338020.180492701940238 ], [ -7524080.041257220320404, -7338056.169080290943384 ], [ -7524191.249428521841764, -7338097.575510201044381 ], [ -7524294.55391597840935, -7338147.302214262075722 ], [ -7524326.279970854520798, -7338169.166585284285247 ], [ -7524415.335563489235938, -7338230.116261776536703 ], [ -7524529.772000025957823, -7338268.81471633259207 ], [ -7524606.025851218029857, -7338277.134909144602716 ], [ -7524690.294705748558044, -7338271.523615345358849 ], [ -7524774.56356027815491, -7338307.513362939469516 ], [ -7524792.040720333345234, -7338354.532476990483701 ], [ -7524846.030673367902637, -7338415.290105970576406 ], [ -7524952.563426056876779, -7338484.368622286245227 ], [ -7525154.385662864893675, -7338583.827280818484724 ], [ -7525394.390485017560422, -7338636.266111528500915 ], [ -7525519.95887063164264, -7338741.33833537530154 ], [ -7525616.806827620603144, -7338788.166559753939509 ], [ -7525707.420893126167357, -7338843.509369323961437 ], [ -7525805.93864247854799, -7338873.890029684640467 ], [ -7525999.857195440679789, -7338818.547004492022097 ], [ -7526109.506893872283399, -7338832.479477336630225 ], [ -7526254.110912412405014, -7338829.57687677256763 ], [ -7526378.120825156569481, -7338854.539276914671063 ], [ -7526537.085058009251952, -7338929.039938534609973 ], [ -7526657.86670552007854, -7338967.741861864924431 ], [ -7526800.912251188419759, -7338976.062800470739603 ], [ -7526932.825847779400647, -7338984.383747955784202 ], [ -7527072.643128216266632, -7339009.15313255880028 ], [ -7527193.42477572709322, -7339045.146284800954163 ], [ -7527347.602270474657416, -7339133.581778441555798 ], [ -7527409.60722684673965, -7339130.87257993593812 ], [ -7527449.236965568736196, -7339199.763920000754297 ], [ -7527493.764761886559427, -7339188.733524065464735 ], [ -7527536.734085332602262, -7339155.642429878935218 ], [ -7527571.688405441120267, -7339161.254359940998256 ], [ -7527595.510776470415294, -7339252.400410235859454 ], [ -7527655.957259971648455, -7339318.583560303784907 ], [ -7527763.937166040763259, -7339365.608771464787424 ], [ -7527848.206020573154092, -7339426.374279145151377 ], [ -7527953.068980898708105, -7339440.307838094420731 ], [ -7527989.693093371577561, -7339420.955679611302912 ], [ -7528083.424104616977274, -7339407.022155242972076 ], [ -7528150.215799094177783, -7339405.086945494636893 ], [ -7528180.383381099440157, -7339404.312861730344594 ], [ -7528274.114392346702516, -7339384.960792580619454 ], [ -7528372.632141699083149, -7339373.930134658701718 ], [ -7528487.068578233942389, -7339365.608771464787424 ], [ -7528571.337432764470577, -7339365.608771464787424 ], [ -7528674.641920221038163, -7339387.670079371891916 ], [ -7528762.027720494195819, -7339351.86886562500149 ], [ -7528905.073266162537038, -7339346.256798373535275 ], [ -7528989.342120693065226, -7339368.318051529116929 ], [ -7529086.301397175528109, -7339357.287417148239911 ], [ -7529151.423299289308488, -7339357.287417148239911 ], [ -7529214.986728531308472, -7339373.930134658701718 ], [ -7529319.849688858725131, -7339384.960792580619454 ], [ -7529682.528589863330126, -7339398.313715158030391 ], [ -7529887.801730886101723, -7339409.924970765598118 ], [ -7530086.507021952420473, -7339421.342722309753299 ], [ -7530424.1390375290066, -7339386.895997335202992 ], [ -7530636.091347998939455, -7339352.255904896184802 ], [ -7530914.167436, -7339363.867091918364167 ], [ -7531298.330998728051782, -7339363.867091918364167 ], [ -7531424.122023324482143, -7339432.760490572080016 ], [ -7531602.901125538162887, -7339444.371797476895154 ], [ -7531781.680227753706276, -7339444.371797476895154 ], [ -7532000.200388179160655, -7339490.430151862092316 ], [ -7532079.68250460550189, -7339547.906715187244117 ], [ -7532178.979490394704044, -7339490.430151862092316 ], [ -7532344.511573202908039, -7339501.848021291196346 ], [ -7532463.734747842885554, -7339501.848021291196346 ], [ -7532589.637091930955648, -7339547.906715187244117 ], [ -7532768.304874653927982, -7339640.024919203482568 ], [ -7532804.038431197404861, -7339651.055953570641577 ], [ -7532953.763146314769983, -7339697.696113476529717 ], [ -7533172.283306742087007, -7339847.294857452623546 ], [ -7533318.000520190224051, -7339858.713249471969903 ], [ -7533476.964753042906523, -7339870.325190706178546 ], [ -7533563.014719424769282, -7339778.204265831969678 ], [ -7533768.287860449403524, -7339732.144211535342038 ], [ -7533953.746132110245526, -7339812.652719583362341 ], [ -7534059.610967854037881, -7339985.477877368219197 ], [ -7534304.625167090445757, -7339973.865764637477696 ], [ -7534483.404269305057824, -7339973.865764637477696 ], [ -7534609.306613391265273, -7339962.447203982621431 ], [ -7534847.641643181443214, -7339939.416598623618484 ], [ -7535079.408823013305664, -7339985.477877368219197 ], [ -7535403.905138675123453, -7339939.416598623618484 ], [ -7535576.116390931420028, -7339881.743616452440619 ], [ -7535927.106745403259993, -7339858.713249471969903 ], [ -7536264.738760978914797, -7339766.785991712473333 ], [ -7536522.9999796198681, -7339743.755964278243482 ], [ -7536715.02610123809427, -7339778.204265831969678 ], [ -7536953.4724505180493, -7339605.577228124253452 ], [ -7537218.412838604301214, -7339478.818776370026171 ], [ -7537324.277674348093569, -7339386.895997335202992 ], [ -7537423.685979627072811, -7339144.999125342816114 ], [ -7537551.70339403860271, -7339009.540154818445444 ], [ -7537575.971043032594025, -7338983.803216446191072 ], [ -7537754.750145247206092, -7338868.858829345554113 ], [ -7537887.22033929079771, -7338811.193764973431826 ], [ -7538079.246460909023881, -7338719.085352113470435 ], [ -7538277.840432483702898, -7338661.614897827617824 ], [ -7538463.298704145476222, -7338592.53481131605804 ], [ -7538609.01591759454459, -7338592.53481131605804 ], [ -7538827.536078021861613, -7338512.038899916224182 ], [ -7539145.353224237449467, -7338534.871790361590683 ], [ -7539383.688254024833441, -7338592.53481131605804 ], [ -7539641.949472664855421, -7338626.978027254343033 ], [ -7539701.616719731129706, -7338696.058418898843229 ], [ -7539900.322010796517134, -7338765.139422539621592 ], [ -7540078.989793519489467, -7338799.776906828396022 ], [ -7540191.645118203014135, -7338822.80414632987231 ], [ -7540376.992070372216403, -7338753.722631825134158 ], [ -7540555.882492077536881, -7338707.668628828600049 ], [ -7540701.488386035896838, -7338707.668628828600049 ], [ -7540913.440696507692337, -7338592.53481131605804 ], [ -7541052.47874050680548, -7338523.455336781218648 ], [ -7541112.145987573079765, -7338477.40269373729825 ], [ -7541231.257842721417546, -7338385.298223581165075 ], [ -7541429.963133786804974, -7338385.298223581165075 ], [ -7541562.433327830396593, -7338350.856075139716268 ], [ -7541674.97733302321285, -7338339.24639646243304 ], [ -7541774.274318810552359, -7338350.856075139716268 ], [ -7541794.200507662259042, -7338385.298223581165075 ], [ -7541873.57130459882319, -7338362.272276024334133 ], [ -7541959.732590473257005, -7338431.35032267216593 ], [ -7541999.473648685030639, -7338477.40269373729825 ], [ -7542072.276595664210618, -7338465.986324296332896 ], [ -7542131.832523237913847, -7338534.871790361590683 ], [ -7542231.240828516893089, -7338661.614897827617824 ], [ -7542363.599703069776297, -7338730.69559632614255 ], [ -7542515.996085966005921, -7338742.112353327684104 ], [ -7542568.984163583256304, -7338707.668628828600049 ], [ -7542674.848999328911304, -7338603.951366035267711 ], [ -7542807.3191933715716, -7338557.89824759028852 ], [ -7542939.789387416094542, -7338569.508251808583736 ], [ -7543019.271503842435777, -7338569.508251808583736 ], [ -7543098.642300778068602, -7338523.455336781218648 ], [ -7543211.29762546159327, -7338431.35032267216593 ], [ -7543330.409480608999729, -7338362.272276024334133 ], [ -7543469.55884410161525, -7338316.220584890805185 ], [ -7543582.102849294431508, -7338189.676581969484687 ], [ -7543747.634932102635503, -7338143.625910108909011 ], [ -7543800.623009721748531, -7338051.525382237508893 ], [ -7543880.105126146227121, -7337994.059847667813301 ], [ -7544065.452078317292035, -7337832.88772901520133 ], [ -7544250.910349979065359, -7337752.206178878434002 ], [ -7544574.070831752382219, -7337707.89939970523119 ], [ -7544582.08583508990705, -7337418.460433443076909 ], [ -7544813.741695429198444, -7337280.516363921575248 ], [ -7545019.126155942678452, -7337291.930997970513999 ], [ -7545144.917180540040135, -7337314.95378527417779 ], [ -7545389.931379775516689, -7337234.471060617826879 ], [ -7545522.40157382003963, -7337222.863043870776892 ], [ -7545634.945579011924565, -7337222.863043870776892 ], [ -7545833.539550587534904, -7337153.795701475813985 ], [ -7545939.515705822966993, -7337050.292566066607833 ], [ -7546211.023943867534399, -7336935.183215807192028 ], [ -7546383.235196124762297, -7336854.510952722281218 ], [ -7546482.532181912101805, -7336751.011789349839091 ], [ -7546667.990453573875129, -7336670.534884479828179 ], [ -7546773.855289318598807, -7336658.927707109600306 ], [ -7546893.078463956713676, -7336670.534884479828179 ], [ -7546999.054619192145765, -7336670.534884479828179 ], [ -7547105.030774426646531, -7336566.844712154008448 ], [ -7547197.759910259395838, -7336474.762804446741939 ], [ -7547330.230104302987456, -7336440.329093053005636 ], [ -7547482.51516770850867, -7336451.742497398518026 ], [ -7547628.121061665005982, -7336509.390116977505386 ], [ -7547747.344236304983497, -7336474.762804446741939 ], [ -7547826.82635273039341, -7336428.915705407969654 ], [ -7547959.185227286070585, -7336394.288750190287828 ], [ -7548111.581610181368887, -7336359.855394104495645 ], [ -7548197.631576563231647, -7336290.795694338157773 ], [ -7548323.422601160593331, -7336221.736606096848845 ], [ -7548502.201703374274075, -7336129.658773010596633 ], [ -7548588.362989249639213, -7336060.601111608557403 ], [ -7548694.339144484139979, -7336060.601111608557403 ], [ -7548760.462922015227377, -7336060.601111608557403 ], [ -7548859.871227292343974, -7336025.975791654549539 ], [ -7548879.68609665427357, -7335957.112483725883067 ], [ -7549005.477121249772608, -7335842.019267440773547 ], [ -7549177.688373507931828, -7335726.927749591879547 ], [ -7549243.923470529727638, -7335657.873654106631875 ], [ -7549343.220456316135824, -7335588.820170021615922 ], [ -7549508.86385861877352, -7335427.697751414962113 ], [ -7549588.2346555525437, -7335197.528641568496823 ], [ -7549680.963791383430362, -7335059.623849159106612 ], [ -7549886.236932407133281, -7334898.512362388893962 ], [ -7549985.533918195404112, -7334794.845746396109462 ], [ -7550118.004112238995731, -7334737.404203550890088 ], [ -7550336.524272666312754, -7334691.37391225155443 ], [ -7550614.711680158041418, -7334656.948073628358543 ], [ -7550753.749724159017205, -7334645.343892604112625 ], [ -7551018.578792755492032, -7334725.799902823753655 ], [ -7551184.110875565558672, -7334875.496707379817963 ], [ -7551369.569147226400673, -7334725.799902823753655 ], [ -7551568.274438293650746, -7334760.41945106908679 ], [ -7551707.312482293695211, -7334760.41945106908679 ], [ -7551773.547579315491021, -7334817.861163415014744 ], [ -7551892.770753954537213, -7334829.46560110989958 ], [ -7551939.079662125557661, -7334863.892201197333634 ], [ -7552045.055817361921072, -7334967.559734921902418 ], [ -7552170.846841957420111, -7334886.90782196354121 ], [ -7552250.328958382830024, -7334771.830397289246321 ], [ -7552429.108060597442091, -7334725.799902823753655 ], [ -7552462.169949363917112, -7334817.861163415014744 ], [ -7552601.319312854669988, -7334691.37391225155443 ], [ -7552945.630497878417373, -7334518.859439102001488 ], [ -7553210.459566474892199, -7334461.226530429907143 ], [ -7553362.744629881344736, -7334587.903450769372284 ], [ -7553534.955882138572633, -7334668.358868472278118 ], [ -7553634.252867925912142, -7334714.389023944735527 ], [ -7553839.637328440323472, -7334691.37391225155443 ], [ -7553912.440275418572128, -7334714.389023944735527 ], [ -7554084.651527676731348, -7334852.481120287440717 ], [ -7554183.948513463139534, -7334955.955091764219105 ], [ -7554216.231165793724358, -7334981.291918299160898 ], [ -7554219.682070007547736, -7334983.999675620347261 ], [ -7554389.221654485911131, -7335117.067765123210847 ], [ -7554707.038800701498985, -7335289.595470398664474 ], [ -7554985.226208193227649, -7335381.663386035710573 ], [ -7555296.475504451431334, -7335278.183766644448042 ], [ -7555415.587359600700438, -7334978.970984200015664 ], [ -7555516.331498769111931, -7334785.75564241502434 ], [ -7555632.883005628362298, -7334620.008157363161445 ], [ -7555722.940473679453135, -7334555.605475672520697 ], [ -7556226.8838085019961, -7334638.38139227591455 ], [ -7556379.057552416808903, -7334872.595579215325415 ], [ -7556682.514484317973256, -7334546.322250090539455 ], [ -7556936.768201290629804, -7334656.948073628358543 ], [ -7557138.033840645104647, -7334656.948073628358543 ], [ -7557453.290638570673764, -7334643.023058471269906 ], [ -7557723.463042725808918, -7334670.679710145108402 ], [ -7557739.38172991015017, -7334753.456848015077412 ], [ -7557993.635446880012751, -7334725.799902823753655 ], [ -7558136.68099255207926, -7334808.771032609976828 ], [ -7558231.970476671122015, -7334753.456848015077412 ], [ -7558359.097335156984627, -7334698.33645988535136 ], [ -7558470.416825948283076, -7334615.366504864767194 ], [ -7558498.803296102210879, -7334627.744250997900963 ], [ -7558736.136450471356511, -7334730.828431017696857 ], [ -7558788.233972164802253, -7334753.456848015077412 ], [ -7558994.842947075143456, -7334836.428272016346455 ], [ -7559280.934038415551186, -7334698.33645988535136 ], [ -7559423.979584083892405, -7334643.023058471269906 ], [ -7559916.679650333710015, -7334422.160170074552298 ], [ -7560139.20731243211776, -7334311.731071111746132 ], [ -7560377.542342219501734, -7334201.303535563871264 ], [ -7560774.841604860499501, -7334090.877563379704952 ], [ -7561172.252186992205679, -7334090.877563379704952 ], [ -7561331.105100355111063, -7334090.877563379704952 ], [ -7561680.759620936587453, -7334090.877563379704952 ], [ -7562157.541000002995133, -7334090.877563379704952 ], [ -7562554.840262644924223, -7334007.91406986117363 ], [ -7562666.15975343901664, -7333759.609026440419257 ], [ -7562872.657408859580755, -7333648.995928975753486 ], [ -7563428.920904354192317, -7333787.069164306856692 ], [ -7563723.026999028399587, -7333731.955605017952621 ], [ -7563770.671741087920964, -7333731.955605017952621 ], [ -7563961.362028818577528, -7333759.609026440419257 ], [ -7564207.712061944417655, -7333718.03224112931639 ], [ -7564295.097862215712667, -7333621.536277187056839 ], [ -7564517.625524313189089, -7333455.813529491424561 ], [ -7564620.930011766962707, -7333359.127438372001052 ], [ -7564778.335771750658751, -7333251.420544004999101 ], [ -7564883.198732078075409, -7333179.681229487061501 ], [ -7565089.807706989347935, -7333138.300900674425066 ], [ -7565256.675623688846827, -7333138.300900674425066 ], [ -7565439.350908080115914, -7333179.681229487061501 ], [ -7565550.670398873277009, -7333373.050161629915237 ], [ -7565836.761490211822093, -7333359.127438372001052 ], [ -7565908.228603301569819, -7333290.287671901285648 ], [ -7565971.792032544501126, -7333248.713388080708683 ], [ -7566202.223378486931324, -7333179.681229487061501 ], [ -7566265.78680772986263, -7333317.746157604269683 ], [ -7566408.943672889843583, -7333469.736425327137113 ], [ -7566583.715273435227573, -7333566.230511367321014 ], [ -7566718.745815766043961, -7333552.500819072127342 ], [ -7566845.872674251906574, -7333580.153604291379452 ], [ -7566989.029539412818849, -7333580.153604291379452 ], [ -7567139.978768928907812, -7333621.536277187056839 ], [ -7567203.542198171839118, -7333800.992651428095996 ], [ -7567346.587743840180337, -7333883.760560092516243 ], [ -7567608.745144659653306, -7333814.722781121730804 ], [ -7567847.191493938677013, -7333814.722781121730804 ], [ -7568093.54152706451714, -7333718.03224112931639 ], [ -7568308.054185823537409, -7333856.106698515824974 ], [ -7568649.805022557266057, -7333980.453154499642551 ], [ -7568935.784794406034052, -7333690.572346306405962 ], [ -7569031.18559801671654, -7333538.577775508165359 ], [ -7569333.195376537740231, -7333304.016902672126889 ], [ -7569396.758805782534182, -7333221.255145384930074 ], [ -7569714.575951996259391, -7333000.239148617722094 ], [ -7570056.326788729988039, -7332889.830178185366094 ], [ -7570397.96630597487092, -7332724.316330214962363 ], [ -7570787.361884770914912, -7332627.639305444434285 ], [ -7571232.305889470502734, -7332530.963478815741837 ], [ -7571589.975413390435278, -7332544.884724006056786 ], [ -7571788.569384965114295, -7332627.639305444434285 ], [ -7571963.452305001206696, -7332627.639305444434285 ], [ -7572217.706021972931921, -7332682.938416949473321 ], [ -7572344.832880460657179, -7332779.42277045827359 ], [ -7572511.700797158293426, -7332834.722957979887724 ], [ -7572686.472397704608738, -7332848.451386951841414 ], [ -7572869.25900158751756, -7332848.451386951841414 ], [ -7573115.609034713357687, -7332751.966179640963674 ], [ -7573218.913522168062627, -7332807.072815215215087 ], [ -7573433.537500416859984, -7332848.451386951841414 ], [ -7573592.39041378069669, -7332530.963478815741837 ], [ -7573751.354646631516516, -7332130.738303760997951 ], [ -7573997.704679758287966, -7332089.363538895733654 ], [ -7574132.735222089104354, -7332117.011137822642922 ], [ -7574307.618142126128078, -7331758.179988355375826 ], [ -7574458.56737164221704, -7331661.514936156570911 ], [ -7574784.399521193467081, -7331482.107773781754076 ], [ -7574951.267437892965972, -7331261.334363693371415 ], [ -7575055.128522803075612, -7331175.501204453408718 ], [ -7575057.800190581008792, -7331173.181402443908155 ], [ -7575285.003271290101111, -7330985.279730597510934 ], [ -7575515.434617233462632, -7330819.80628577619791 ], [ -7575737.962279329076409, -7330599.051617060787976 ], [ -7576214.743658397346735, -7330364.385815091431141 ], [ -7576588.220550008118153, -7330295.379175139591098 ], [ -7576771.007153891026974, -7330212.64933006465435 ], [ -7577096.839303442277014, -7330046.99898271728307 ], [ -7577716.666228179819882, -7329771.180595343932509 ], [ -7577931.178886936977506, -7329771.180595343932509 ], [ -7578384.137894975952804, -7329619.262368370778859 ], [ -7578908.564016103744507, -7329412.457322515547276 ], [ -7579353.508020803332329, -7329260.546080061234534 ], [ -7580076.750752489082515, -7329081.194120288826525 ], [ -7580402.4715825477615, -7328957.118991737253964 ], [ -7580728.303732099942863, -7328791.495298307389021 ], [ -7580871.349277770146728, -7328695.060251461341977 ], [ -7581173.24773680139333, -7328515.721289523877203 ], [ -7581435.516457110643387, -7328336.386449449695647 ], [ -7581578.562002778984606, -7328336.386449449695647 ], [ -7581705.688861264847219, -7328391.461904683150351 ], [ -7581967.957581574097276, -7328419.096402367576957 ], [ -7582150.744185457006097, -7328336.386449449695647 ], [ -7582389.079215245321393, -7328212.129920454695821 ], [ -7582730.830051979981363, -7328101.788689534179866 ], [ -7583104.306943592615426, -7327950.096199329011142 ], [ -7583430.027773653157055, -7327908.743598881177604 ], [ -7583867.179413999430835, -7327798.406658005900681 ], [ -7584272.382360487245023, -7327729.422708295285702 ], [ -7584868.386914192698896, -7327660.439368437975645 ], [ -7585218.041434775106609, -7327591.456638418138027 ], [ -7585480.310155084356666, -7327315.531816453672945 ], [ -7585972.898901844397187, -7326998.268975089304149 ], [ -7586251.086309336125851, -7327081.157961090095341 ], [ -7586608.644513763487339, -7327136.224557425826788 ], [ -7586854.994546891190112, -7327108.787818749435246 ], [ -7587101.344580017030239, -7327150.136180091649294 ], [ -7587323.872242111712694, -7327191.48476053122431 ], [ -7587395.339355200529099, -7327301.813119828701019 ], [ -7587808.557305024005473, -7327039.809965242631733 ], [ -7588031.084967121481895, -7327136.224557425826788 ], [ -7588309.161055122502148, -7327039.809965242631733 ], [ -7588417.363600173965096, -7327023.579970675520599 ], [ -7588587.348462614230812, -7326998.268975089304149 ], [ -7588817.77980855666101, -7326887.944907318800688 ], [ -7589064.129841682501137, -7326915.574080874212086 ], [ -7589334.302245839498937, -7326956.921418440528214 ], [ -7589683.845446928404272, -7326956.921418440528214 ], [ -7589898.469425178132951, -7326860.509041567333043 ], [ -7590160.738145486451685, -7326819.162214840762317 ], [ -7590319.591058849357069, -7326819.162214840762317 ], [ -7590597.778466341085732, -7326819.162214840762317 ], [ -7590947.432986922562122, -7326750.186921373941004 ], [ -7591257.235129800625145, -7326639.866360819898546 ], [ -7591630.823340903967619, -7326460.574626185931265 ], [ -7592131.427091000601649, -7326336.347962979227304 ], [ -7592409.503179001621902, -7326170.779885767959058 ], [ -7592838.639816010370851, -7325798.506034438498318 ], [ -7593134.638342029415071, -7325481.111684738658369 ], [ -7593275.680136865004897, -7325329.663300222717226 ], [ -7593281.468750386498868, -7325318.459327305667102 ], [ -7593436.870759533718228, -7325019.04876805935055 ], [ -7593490.304115112870932, -7324916.092823335900903 ], [ -7593967.085494181141257, -7324516.064885593950748 ], [ -7594126.606324488297105, -7324484.194879095070064 ], [ -7594173.583149602636695, -7324474.73047798499465 ], [ -7594236.701300882734358, -7324410.218335337005556 ], [ -7594348.466069639660418, -7324295.488476923666894 ], [ -7594777.602706647478044, -7323868.066997898742557 ], [ -7594870.554481459781528, -7323753.92450783867389 ], [ -7595158.983282105065882, -7323399.340211337432265 ], [ -7595188.037669202312827, -7323375.006585574708879 ], [ -7595692.982879440300167, -7322949.373527540825307 ], [ -7595715.246777597814798, -7322930.641571358777583 ], [ -7596414.555818761698902, -7322655.074586249887943 ], [ -7596946.885623735375702, -7322393.034276899881661 ], [ -7597296.540144317783415, -7322200.130341362208128 ], [ -7597391.940947926603258, -7322186.420633493922651 ], [ -7597503.149119229987264, -7322200.130341362208128 ], [ -7597590.534919502213597, -7322296.678261747583747 ], [ -7597709.758094143122435, -7322351.711110703647137 ], [ -7597908.463385208509862, -7322365.614207619801164 ], [ -7598067.427618060261011, -7322365.614207619801164 ], [ -7598186.539473210461438, -7322434.357661859132349 ], [ -7598337.488702724687755, -7322655.074586249887943 ], [ -7598385.244764276780188, -7322489.584583311341703 ], [ -7598432.889506336301565, -7322351.711110703647137 ], [ -7598575.935052004642785, -7322365.614207619801164 ], [ -7598655.41716843098402, -7322379.324230221100152 ], [ -7598742.802968703210354, -7322255.162509636953473 ], [ -7598885.848514373414218, -7322255.162509636953473 ], [ -7599068.635118255391717, -7322213.840073310770094 ], [ -7599187.858292895369232, -7322227.742924666032195 ], [ -7599322.888835228048265, -7322296.678261747583747 ], [ -7599307.081467535346746, -7322420.647542600519955 ], [ -7599283.147777015343308, -7322448.260905981063843 ], [ -7599354.726209594868124, -7322489.584583311341703 ], [ -7599410.274635501205921, -7322655.074586249887943 ], [ -7599553.320181169547141, -7322710.109962085261941 ], [ -7599664.639671963639557, -7322724.013697380200028 ], [ -7599855.329959691502154, -7322724.013697380200028 ], [ -7600085.761305633932352, -7322724.013697380200028 ], [ -7600292.3702805461362, -7322751.435025685466826 ], [ -7600475.156884428113699, -7322820.374987881630659 ], [ -7600546.623997517861426, -7322889.315558971837163 ], [ -7600506.882939305156469, -7322985.872004284523427 ], [ -7600618.202430097386241, -7323054.81403711810708 ], [ -7600737.425604738295078, -7323151.17941156309098 ], [ -7600928.115892466157675, -7323289.067006431519985 ], [ -7601055.242750952020288, -7323302.97177305072546 ], [ -7601206.191980469040573, -7323440.862049509771168 ], [ -7601341.333842292428017, -7323688.838928303681314 ], [ -7601452.542013593949378, -7323785.405264791101217 ], [ -7601635.328617476858199, -7323895.685482346452773 ], [ -7601826.018905204720795, -7323992.254378049634397 ], [ -7601961.160767028108239, -7324061.205300696194172 ], [ -7602143.947370910085738, -7324061.205300696194172 ], [ -7602310.815287610515952, -7324061.205300696194172 ], [ -7602437.942146096378565, -7324157.583101290278137 ], [ -7602604.810062794946134, -7324268.061723509803414 ], [ -7602708.11455025151372, -7324268.061723509803414 ], [ -7602914.723525163717568, -7324364.44207850471139 ], [ -7603089.495125709101558, -7324392.06231948826462 ], [ -7603200.814616502262652, -7324502.351109271869063 ], [ -7603367.682533200830221, -7324571.306538482196629 ], [ -7603510.616759380325675, -7324681.597861224785447 ], [ -7603399.408588076941669, -7324847.134347812272608 ], [ -7603224.636987531557679, -7324874.56313624791801 ], [ -7603065.672754680737853, -7324984.858744608238339 ], [ -7602843.145092582330108, -7325053.818437044508755 ], [ -7602668.373492036946118, -7325109.063896358944476 ], [ -7602588.891375612467527, -7325219.362818853929639 ], [ -7602716.01823409833014, -7325274.609450035728514 ], [ -7602898.804837980307639, -7325164.116578756831586 ], [ -7603010.013009282760322, -7325109.063896358944476 ], [ -7603200.814616502262652, -7324998.766532687470317 ], [ -7603439.149646291509271, -7324971.144144524820149 ], [ -7603574.29150811303407, -7324874.56313624791801 ], [ -7603637.854937356896698, -7324791.890742572024465 ], [ -7603772.885479687713087, -7324791.890742572024465 ], [ -7604011.331828967668116, -7324916.092823335900903 ], [ -7604154.377374636940658, -7324943.521854124963284 ], [ -7604456.275833669118583, -7325067.726348011754453 ], [ -7604710.640870131552219, -7325164.116578756831586 ], [ -7604813.945357587188482, -7325233.077855136245489 ], [ -7604821.849041434004903, -7325371.002236004918814 ], [ -7604694.722182946279645, -7325481.304860575124621 ], [ -7604511.935579066164792, -7325633.142547079361975 ], [ -7604194.007113359868526, -7325826.131351119838655 ], [ -7603955.672083570621908, -7325881.189092113636434 ], [ -7603749.063108658418059, -7325950.156705181114376 ], [ -7603550.46913708280772, -7326046.751025411300361 ], [ -7603351.763846017420292, -7326074.377220866270363 ], [ -7603208.718300349079072, -7326143.346541264094412 ], [ -7603097.398809554055333, -7326170.779885767959058 ], [ -7602986.190638252533972, -7326198.406520295888186 ], [ -7603049.754067494533956, -7326350.064962413161993 ], [ -7603168.977242134511471, -7326474.291843980550766 ], [ -7603240.444355224259198, -7326694.929843205027282 ], [ -7603288.200416775420308, -7326874.226962387561798 ], [ -7603296.104100620374084, -7326970.832721455022693 ], [ -7603312.022787805646658, -7327136.224557425826788 ], [ -7603351.763846017420292, -7327315.531816453672945 ], [ -7603399.408588076941669, -7327494.843195755034685 ], [ -7603439.149646291509271, -7327715.510052844882011 ], [ -7603431.245962443761528, -7327963.816035742871463 ], [ -7603367.682533200830221, -7328281.118137794546783 ], [ -7603407.312271924689412, -7328363.827504868619144 ], [ -7603296.104100620374084, -7328708.781397822313011 ], [ -7603200.814616502262652, -7328874.403335490263999 ], [ -7603272.281729591079056, -7329026.113796326331794 ], [ -7603431.245962443761528, -7329053.750541849061847 ], [ -7603526.535446562804282, -7329095.109211021102965 ], [ -7603629.839934019371867, -7329233.101870780810714 ], [ -7603637.854937356896698, -7329343.459101506508887 ], [ -7603550.46913708280772, -7329357.181388168595731 ], [ -7603470.987020656466484, -7329329.543567846529186 ], [ -7603367.682533200830221, -7329467.540373923256993 ], [ -7603280.185413436964154, -7329646.901214982382953 ], [ -7603097.398809554055333, -7329798.626697378233075 ], [ -7602914.723525163717568, -7329895.268670236691833 ], [ -7602779.581663340330124, -7329881.545437166467309 ], [ -7602414.008455575443804, -7329812.543067691847682 ], [ -7602231.333171184174716, -7329715.902119518257678 ], [ -7601953.145763690583408, -7329633.178418762981892 ], [ -7601690.988362873904407, -7329591.816897289827466 ], [ -7601388.978584351949394, -7329577.900920671410859 ], [ -7601134.724867378361523, -7329674.540159502997994 ], [ -7600975.760634526610374, -7329798.626697378233075 ], [ -7600753.232972430065274, -7329922.908494614064693 ], [ -7600570.446368547156453, -7329922.908494614064693 ], [ -7600387.771084156818688, -7329936.631800440140069 ], [ -7600061.938934605568647, -7330019.552006946876645 ], [ -7599664.639671963639557, -7330033.275482761673629 ], [ -7599378.548580624163151, -7329964.27177135553211 ], [ -7599259.325405984185636, -7329950.548416913487017 ], [ -7599108.376176469959319, -7330143.644032187759876 ], [ -7599187.858292895369232, -7330295.379175139591098 ], [ -7599171.939605711959302, -7330557.684974767267704 ], [ -7599124.294863652437925, -7330612.776112261228263 ], [ -7598949.411943615414202, -7330626.500631604343653 ], [ -7598663.320852276869118, -7330750.795617499388754 ], [ -7598734.899284858256578, -7331012.923416907899082 ], [ -7599020.99037619587034, -7331123.305826117284596 ], [ -7599259.325405984185636, -7331206.238646182231605 ], [ -7599362.629893440753222, -7330985.279730597510934 ], [ -7599267.229089831002057, -7330792.163283738307655 ], [ -7599259.325405984185636, -7330681.785559666343033 ], [ -7599378.548580624163151, -7330681.785559666343033 ], [ -7599521.594126293435693, -7330695.510200410149992 ], [ -7599664.639671963639557, -7330764.520379647612572 ], [ -7599839.411272507160902, -7330902.542569466866553 ], [ -7599879.152330721728504, -7331095.855063560418785 ], [ -7599863.233643539249897, -7331288.979028199799359 ], [ -7599958.634447148069739, -7331371.720287764444947 ], [ -7600157.228418724611402, -7331468.381749154999852 ], [ -7600395.674768001772463, -7331509.753220633603632 ], [ -7600673.750856003724039, -7331634.062279721722007 ], [ -7600840.618772702291608, -7331620.1426598476246 ], [ -7601015.501692740246654, -7331620.1426598476246 ], [ -7601158.547238409519196, -7331592.496821803040802 ], [ -7601381.074900504201651, -7331606.416392346844077 ], [ -7601619.409930292516947, -7331634.062279721722007 ], [ -7601770.359159807674587, -7331758.179988355375826 ], [ -7602080.272622176446021, -7331771.906522887758911 ], [ -7602302.800284272991121, -7331813.279604067094624 ], [ -7602509.409259185194969, -7331827.199568562209606 ], [ -7602739.840605127625167, -7331840.92622453905642 ], [ -7602978.286954406648874, -7332006.61466748919338 ], [ -7603200.814616502262652, -7332241.136530683375895 ], [ -7603613.92124683689326, -7332448.20992295909673 ], [ -7603915.931025358848274, -7332586.261904988437891 ], [ -7604273.489229786209762, -7332599.989896698854864 ], [ -7604535.757950095459819, -7332379.184848111122847 ], [ -7605004.524325825273991, -7332047.988993471488357 ], [ -7605131.762503802776337, -7332047.988993471488357 ], [ -7605266.793046133592725, -7332020.341639167629182 ], [ -7605386.016220774501562, -7332130.738303760997951 ], [ -7605513.143079260364175, -7332158.386049326509237 ], [ -7605648.284941081888974, -7332172.113288073800504 ], [ -7605703.833366989158094, -7332130.738303760997951 ], [ -7605640.381257236935198, -7331992.694382847286761 ], [ -7605489.320708231069148, -7331868.572942988947034 ], [ -7605441.675966171547771, -7331827.199568562209606 ], [ -7605465.498337200842798, -7331744.453477977775037 ], [ -7605568.802824655547738, -7331578.770602947100997 ], [ -7605608.54388287011534, -7331385.639464390464127 ], [ -7605672.107312112115324, -7331219.964209591038525 ], [ -7605751.589428538456559, -7331095.855063560418785 ], [ -7605823.056541627272964, -7331081.936403959058225 ], [ -7605878.716287024319172, -7331137.224559526890516 ], [ -7605791.330486753024161, -7331026.841953385621309 ], [ -7605672.107312112115324, -7330847.449385760352015 ], [ -7605473.402021046727896, -7330626.500631604343653 ], [ -7605378.112536927685142, -7330585.133843769319355 ], [ -7605211.244620229117572, -7330571.409397196024656 ], [ -7605107.940132771618664, -7330502.400926104746759 ], [ -7604901.331157860346138, -7330350.661756841465831 ], [ -7604726.448237823322415, -7330212.64933006465435 ], [ -7604678.803495763801038, -7330088.556207276880741 ], [ -7604488.113208035938442, -7329909.185212929733098 ], [ -7604432.453462638892233, -7329826.266179392114282 ], [ -7604559.580321124754846, -7329591.816897289827466 ], [ -7604639.062437552027404, -7329481.456153705716133 ], [ -7604742.366925007663667, -7329398.541665797121823 ], [ -7604901.331157860346138, -7329412.457322515547276 ], [ -7605115.84381662029773, -7329426.179730528965592 ], [ -7605322.452791530638933, -7329439.902162676677108 ], [ -7605536.965450290590525, -7329467.540373923256993 ], [ -7605838.975228812545538, -7329274.461490663699806 ], [ -7605989.924458327703178, -7329164.105235836468637 ], [ -7606252.193178636021912, -7328943.397408653981984 ], [ -7606371.416353275068104, -7328915.761054003611207 ], [ -7606490.528208426199853, -7328901.846283117309213 ], [ -7606689.233499491587281, -7328943.397408653981984 ], [ -7606728.974557703360915, -7329012.39209190942347 ], [ -7606784.634303100407124, -7329108.831060911528766 ], [ -7606887.938790556974709, -7329233.101870780810714 ], [ -7606911.761161586269736, -7329288.183655976317823 ], [ -7607134.288823682814837, -7329315.821329792961478 ], [ -7607205.755936771631241, -7329329.543567846529186 ], [ -7607277.223049861378968, -7329453.817893166095018 ], [ -7607380.638856807723641, -7329508.901236575096846 ], [ -7607626.877570441924036, -7329550.45559508819133 ], [ -7607698.456003021448851, -7329564.178245811723173 ], [ -7607841.501548692584038, -7329688.263028472661972 ], [ -7607920.872345626354218, -7329688.263028472661972 ], [ -7608024.176833082921803, -7329674.540159502997994 ], [ -7608159.318694906309247, -7329660.817314670421183 ], [ -7608270.52686620876193, -7329619.262368370778859 ], [ -7608397.765044185332954, -7329743.541308473795652 ], [ -7608604.262699607759714, -7330102.279804471880198 ], [ -7608604.262699607759714, -7330129.920362234115601 ], [ -7608858.627736071124673, -7330198.925538728944957 ], [ -7608890.353790946304798, -7330212.64933006465435 ], [ -7608953.917220190167427, -7330336.744426651857793 ], [ -7609303.571740770712495, -7330543.767275268211961 ], [ -7609510.180715683847666, -7330530.042901466600597 ], [ -7609669.144948536530137, -7330364.385815091431141 ], [ -7609797.273682438768446, -7330343.509792391210794 ], [ -7609829.445015277713537, -7330338.290795446373522 ], [ -7609832.89591949339956, -7330337.710907112807035 ], [ -7609923.398665506392717, -7330323.020417024381459 ], [ -7609986.962094751186669, -7330323.020417024381459 ], [ -7610153.830011448822916, -7330502.400926104746759 ], [ -7610368.45398970041424, -7330819.80628577619791 ], [ -7610424.002415604889393, -7330930.185962609946728 ], [ -7610529.867251348681748, -7331079.423315287567675 ], [ -7610551.240593581460416, -7331109.580432767048478 ], [ -7610710.093506944365799, -7331137.224559526890516 ], [ -7610789.575623370707035, -7331137.224559526890516 ], [ -7610964.458543405868113, -7331150.950001517310739 ], [ -7611194.889889348298311, -7331178.594274870119989 ], [ -7611353.742802710272372, -7331357.994457356631756 ], [ -7611504.692032226361334, -7331468.381749154999852 ], [ -7611606.88332477491349, -7331676.981264017522335 ], [ -7611639.833894049748778, -7331744.453477977775037 ], [ -7611679.574952262453735, -7331937.59349990170449 ], [ -7611568.366780960932374, -7332172.113288073800504 ], [ -7611600.092835835181177, -7332310.160384023562074 ], [ -7611766.960752535611391, -7332268.784667520783842 ], [ -7611894.087611021474004, -7332282.705444839783013 ], [ -7612204.001073388382792, -7332434.482198354788125 ], [ -7612243.742131602950394, -7332599.989896698854864 ], [ -7612474.284797037020326, -7332738.044564882293344 ], [ -7612617.219023214653134, -7332889.830178185366094 ], [ -7612800.00562709569931, -7333041.812108154408634 ], [ -7612927.132485581561923, -7333152.223229792900383 ], [ -7613809.228130628354847, -7333428.161185069940984 ], [ -7614047.674479909241199, -7333552.500819072127342 ], [ -7614444.973742549307644, -7333552.500819072127342 ], [ -7614730.953514396212995, -7333538.577775508165359 ], [ -7615048.88198010250926, -7333635.266090997494757 ], [ -7615334.416473986580968, -7333650.156198082491755 ], [ -7615581.211785076186061, -7333662.919169634580612 ], [ -7615851.495508722029626, -7333773.339083289727569 ], [ -7616185.231342120096087, -7333814.722781121730804 ], [ -7616447.388742939569056, -7334063.222967493347824 ], [ -7616630.175346820615232, -7334187.379333847202361 ], [ -7616924.170122005976737, -7334173.648548160679638 ], [ -7617178.535158468410373, -7334173.648548160679638 ], [ -7617464.626249806955457, -7334366.848727176897228 ], [ -7617671.123905229382217, -7334228.958621021360159 ], [ -7617762.183248698711395, -7334237.661290573887527 ], [ -7617804.595974691212177, -7334127.234803662635386 ], [ -7617847.008700680918992, -7334053.746939706616104 ], [ -7617947.641520359553397, -7334053.746939706616104 ], [ -7617984.71091079339385, -7334072.11884078849107 ], [ -7618032.355652852915227, -7334081.208113111555576 ], [ -7618132.988472531549633, -7334062.83619062229991 ], [ -7618132.988472531549633, -7334026.092475465498865 ], [ -7618233.732611699029803, -7333961.69469747133553 ], [ -7618254.883314948529005, -7333961.69469747133553 ], [ -7618419.079563868232071, -7333934.040559593588114 ], [ -7618583.27581278886646, -7333897.104066827334464 ], [ -7618625.688538781367242, -7333970.783841121010482 ], [ -7618752.815397267229855, -7334026.092475465498865 ], [ -7618874.71023968514055, -7334099.580078871920705 ], [ -7618885.730869274586439, -7334107.315656348131597 ], [ -7618927.698317304253578, -7334136.517530467361212 ], [ -7619017.755785355344415, -7334136.517530467361212 ], [ -7619118.388605032116175, -7334118.145477703772485 ], [ -7619175.940781771205366, -7334211.940095290541649 ], [ -7619203.102737526409328, -7334256.033624850213528 ], [ -7619188.853842705488205, -7334429.896067477762699 ], [ -7619298.503541137091815, -7334403.400650730356574 ], [ -7619335.572931570000947, -7334403.400650730356574 ], [ -7619372.6423220038414, -7334403.400650730356574 ], [ -7619489.193828864954412, -7334385.027969333343208 ], [ -7619584.594632473774254, -7334385.027969333343208 ], [ -7619796.435623454861343, -7334366.655331211164594 ], [ -7619870.685723813250661, -7334366.655331211164594 ], [ -7619976.550559557043016, -7334348.089340863749385 ], [ -7620071.951363167725503, -7334302.061347047798336 ], [ -7620315.629728512838483, -7334127.234803662635386 ], [ -7620331.548415698111057, -7333989.155546791851521 ], [ -7620363.27447057235986, -7333897.104066827334464 ], [ -7620405.687196565791965, -7333768.311172343790531 ], [ -7620453.331938625313342, -7333676.262298586778343 ], [ -7620633.558194219134748, -7333602.778683295473456 ], [ -7620660.052233028225601, -7333667.173498125746846 ], [ -7620628.214858661405742, -7333768.311172343790531 ], [ -7620702.353639528155327, -7333897.104066827334464 ], [ -7620755.341717147268355, -7334007.720682795159519 ], [ -7620755.341717147268355, -7334072.11884078849107 ], [ -7620840.055849640630186, -7334182.544547397643328 ], [ -7620841.948280984535813, -7334392.570433301851153 ], [ -7620892.709968785755336, -7334359.693079652264714 ], [ -7620967.294027617201209, -7334311.344281916506588 ], [ -7620989.223967304453254, -7334298.967037880793214 ], [ -7621131.490276536904275, -7334219.288999571464956 ], [ -7621205.629057406447828, -7334053.746939706616104 ], [ -7621274.535822208039463, -7333924.758073753677309 ], [ -7621407.006016251631081, -7333786.682401129044592 ], [ -7621444.075406685471535, -7333731.568844574503601 ], [ -7621597.696303979493678, -7333703.915522562339902 ], [ -7621639.997710481286049, -7333676.262298586778343 ], [ -7621841.374669326469302, -7333556.755087340250611 ], [ -7621915.513450195081532, -7333501.449780832976103 ], [ -7621968.501527812331915, -7333483.079223821870983 ], [ -7622053.215660305693746, -7333464.708710076287389 ], [ -7622080.934213515371084, -7333473.603900801390409 ], [ -7622138.041112291626632, -7333492.361184063367546 ], [ -7622098.967971021309495, -7333643.774720137938857 ], [ -7622180.453838282264769, -7333639.52040440775454 ], [ -7622228.098580341786146, -7333584.214511075057089 ], [ -7622333.963416085578501, -7333400.315566664561629 ], [ -7622418.788868071511388, -7333400.315566664561629 ], [ -7622466.433610131032765, -7333280.619214031845331 ], [ -7622657.235217350535095, -7333133.466764432378113 ], [ -7622694.304607785306871, -7333068.882991611026227 ], [ -7622832.006817895919085, -7332921.734536244533956 ], [ -7622890.338231070898473, -7332829.69565200433135 ], [ -7622890.338231070898473, -7332663.989726198837161 ], [ -7622895.570247139781713, -7332526.129718935117126 ], [ -7622964.477011941373348, -7332415.72745871450752 ], [ -7623075.685183242894709, -7332323.694544531404972 ], [ -7623149.823964110575616, -7332286.765676234848797 ], [ -7623218.730728911235929, -7332231.662716126069427 ], [ -7623356.544258512556553, -7332167.27975054923445 ], [ -7623478.327781442552805, -7332185.647209078073502 ], [ -7623764.418872779235244, -7332185.647209078073502 ], [ -7624082.236018995754421, -7332351.149627977050841 ], [ -7624384.245797517709434, -7332461.7443229816854 ], [ -7624654.418201672844589, -7332599.603192374110222 ], [ -7624829.189802218228579, -7332792.957745157182217 ], [ -7625019.880089947022498, -7332931.01582854334265 ], [ -7625210.681697166524827, -7333179.294496426358819 ], [ -7625496.661469015292823, -7333289.900933358818293 ], [ -7625655.625701867975295, -7333565.843759141862392 ], [ -7625782.752560353837907, -7333593.496591662056744 ], [ -7625671.544389050453901, -7333786.682401129044592 ], [ -7625662.08223233371973, -7333790.356652079150081 ], [ -7625528.498843382112682, -7333841.989730057306588 ], [ -7625496.661469015292823, -7334007.720682795159519 ], [ -7625500.557651191018522, -7334106.928877292200923 ], [ -7625512.58015619777143, -7334421.773375403136015 ], [ -7625623.899646990932524, -7334449.429242571815848 ], [ -7625989.361535265110433, -7334394.117606298066676 ], [ -7626164.133135810494423, -7334394.117606298066676 ], [ -7626554.419270531274378, -7334430.863055193796754 ], [ -7626752.234005671925843, -7334449.429242571815848 ], [ -7626815.797434913925827, -7334449.429242571815848 ], [ -7627101.888526253402233, -7334366.655331211164594 ], [ -7627451.543046835809946, -7334173.261765815317631 ], [ -7627737.634138173423707, -7334256.033624850213528 ], [ -7627960.161800269968808, -7334394.117606298066676 ], [ -7628341.542375725694001, -7334311.344281916506588 ], [ -7628505.73862464632839, -7334155.856580127030611 ], [ -7628516.313976272940636, -7334145.606877834536135 ], [ -7628691.196896308101714, -7334007.720682795159519 ], [ -7628768.786581391468644, -7333872.737680439837277 ], [ -7628765.224357686936855, -7333815.689692574553192 ], [ -7628972.8352080155164, -7333658.278086652979255 ], [ -7629065.23038537427783, -7333482.305727634578943 ], [ -7629247.905669765546918, -7333477.278004282154143 ], [ -7629295.995689788833261, -7333569.131153677590191 ], [ -7629448.05811421200633, -7333570.09803468734026 ], [ -7629467.650344592519104, -7333314.072129268199205 ], [ -7629863.502453851513565, -7333292.608103576116264 ], [ -7629852.704463246278465, -7333079.131279150024056 ], [ -7630005.657443596050143, -7332933.916234652511775 ], [ -7630077.792473629117012, -7333043.745739569887519 ], [ -7630380.804127568379045, -7333210.619936507195234 ], [ -7630489.563270074315369, -7333222.802086064592004 ], [ -7630521.957241894677281, -7333226.282703720964491 ], [ -7630672.461193448863924, -7333243.105710945092142 ], [ -7630696.50620345864445, -7333212.553609769791365 ], [ -7630686.487449287436903, -7333076.23081904835999 ], [ -7630747.490530241280794, -7333057.86126343626529 ], [ -7630811.053959486074746, -7333025.569623173214495 ], [ -7630850.683698208071291, -7332984.190111890435219 ], [ -7630856.027033764868975, -7332979.742794301360846 ], [ -7630861.370369324460626, -7333011.840882479213178 ], [ -7630898.439759757369757, -7333048.579820209182799 ], [ -7630935.50915019121021, -7333025.569623173214495 ], [ -7630967.346524558961391, -7333044.132465911097825 ], [ -7631041.485305425710976, -7333048.579820209182799 ], [ -7631086.458379707299173, -7333039.491751085035503 ], [ -7631176.515847760252655, -7333039.491751085035503 ], [ -7631285.163670772686601, -7332878.421984854154289 ], [ -7631311.657709583640099, -7332841.683848523534834 ], [ -7631329.134869637899101, -7332860.24625367578119 ], [ -7631380.564474385231733, -7332915.160294212400913 ], [ -7631399.04350985493511, -7332915.160294212400913 ], [ -7631409.618861480616033, -7332938.170165563002229 ], [ -7631425.53754866309464, -7332998.112165947444737 ], [ -7631502.347997311502695, -7333057.86126343626529 ], [ -7631547.432391081936657, -7333085.512295175343752 ], [ -7631589.733797583729029, -7333117.61081858817488 ], [ -7631618.899504172615707, -7333158.991037642583251 ], [ -7631640.606804877519608, -7333163.631823563948274 ], [ -7631663.872578452341259, -7333168.272612244822085 ], [ -7631687.806268972344697, -7333205.012286755256355 ], [ -7631751.36969821434468, -7333310.97821201197803 ], [ -7631801.686108055524528, -7333333.989250984042883 ], [ -7631854.674185671843588, -7333361.447890523821115 ], [ -7631907.662263290025294, -7333315.619088356383145 ], [ -7631929.814841956831515, -7333334.762732466682792 ], [ -7631949.963669790886343, -7333352.359456876292825 ], [ -7632021.542102372273803, -7333320.066597444005311 ], [ -7632066.515176651999354, -7333241.945502384565771 ], [ -7632085.105531614273787, -7333154.543620393611491 ], [ -7632119.503254269249737, -7333136.17388035915792 ], [ -7632251.973448312841356, -7333200.564843263477087 ], [ -7632312.865209778770804, -7333182.00162825640291 ], [ -7632371.196622953750193, -7333126.892343951389194 ], [ -7632416.169697232544422, -7333099.241165528073907 ], [ -7632508.898833064362407, -7333140.621287135407329 ], [ -7632596.28463333658874, -7333103.881915902718902 ], [ -7632643.92937539704144, -7333099.241165528073907 ], [ -7632707.60412413161248, -7333122.251579888164997 ], [ -7632765.824217814020813, -7333117.61081858817488 ], [ -7632797.550272691063583, -7333062.501989191398025 ], [ -7632829.387647057883441, -7333048.579820209182799 ], [ -7632847.978002022020519, -7333067.142717707902193 ], [ -7632924.23185321316123, -7333035.044401966966689 ], [ -7632964.529508881270885, -7332970.461444023996592 ], [ -7632961.85784110147506, -7332915.160294212400913 ], [ -7632959.18617332354188, -7332869.140755131840706 ], [ -7632980.336876573972404, -7332814.033681084401906 ], [ -7632975.104860506020486, -7332745.005369156599045 ], [ -7632975.104860506020486, -7332680.618166628293693 ], [ -7632951.282489475794137, -7332620.678605899214745 ], [ -7632930.020466736517847, -7332556.292429560795426 ], [ -7632908.869763485156, -7332482.819364053197205 ], [ -7632861.113701934926212, -7332478.178983148187399 ], [ -7632805.565276028588414, -7332464.257856999523938 ], [ -7632755.248866191133857, -7332422.881323154084384 ], [ -7632718.179475754499435, -7332381.505008775740862 ], [ -7632673.095081984065473, -7332372.417716787196696 ], [ -7632654.616046512499452, -7332349.409514186903834 ], [ -7632628.122007703408599, -7332262.017631966620684 ], [ -7632583.037613932974637, -7332165.34633637778461 ], [ -7632548.639891277067363, -7332100.963918122462928 ], [ -7632532.721204093657434, -7332050.309055632911623 ], [ -7632495.65181365981698, -7332073.31637607049197 ], [ -7632453.239087668247521, -7332027.301803049631417 ], [ -7632418.84136501327157, -7331999.654522061347961 ], [ -7632371.196622953750193, -7331967.56059849075973 ], [ -7632339.359248585999012, -7331912.266557949595153 ], [ -7632295.276730231940746, -7331852.139567063190043 ], [ -7632394.128438055515289, -7331815.98626188468188 ], [ -7632384.777600829489529, -7331869.732947303913534 ], [ -7632388.896421989426017, -7331870.892951792106032 ], [ -7632416.614975195378065, -7331879.012988029979169 ], [ -7632458.916381699033082, -7331897.379767842590809 ], [ -7632453.684365631081164, -7331832.999561096541584 ], [ -7632493.42542384378612, -7331819.07958625536412 ], [ -7632488.082088286057115, -7331897.379767842590809 ], [ -7632530.494814278557897, -7331865.092931079678237 ], [ -7632554.317185307852924, -7331911.106547310948372 ], [ -7632535.83814983535558, -7331984.767565193586051 ], [ -7632562.332188645377755, -7332012.41479342058301 ], [ -7632594.05824352055788, -7331961.76050591096282 ], [ -7632662.965008321218193, -7331980.127480548806489 ], [ -7633052.249267626553774, -7331763.979929577559233 ], [ -7633023.194880529306829, -7331731.693644917570055 ], [ -7633007.276193346828222, -7331681.23450955376029 ], [ -7633015.179877191781998, -7331630.582372422330081 ], [ -7633094.661993618123233, -7331699.600823727436364 ], [ -7633158.22542286105454, -7331630.582372422330081 ], [ -7633205.98148441221565, -7331658.228345435112715 ], [ -7633155.553755081258714, -7331694.960908696055412 ], [ -7633205.98148441221565, -7331763.979929577559233 ], [ -7633264.201578096486628, -7331851.366232579573989 ], [ -7633288.023949126712978, -7331920.386637254618108 ], [ -7633348.915710590779781, -7331925.026686366647482 ], [ -7633396.671772140078247, -7332003.134594 ], [ -7633386.096420514397323, -7332067.516204855404794 ], [ -7633399.343439919874072, -7332104.444035255350173 ], [ -7633404.575455986894667, -7332196.474362787790596 ], [ -7633396.671772140078247, -7332292.952699570916593 ], [ -7633407.247123766690493, -7332348.249438542872667 ], [ -7633481.3859046343714, -7332352.889742157422006 ], [ -7633547.621001656167209, -7332394.265904757194221 ], [ -7633640.350137487053871, -7332394.265904757194221 ], [ -7633613.856098677963018, -7332412.633897743187845 ], [ -7633621.759782524779439, -7332426.361583901569247 ], [ -7633568.771704907529056, -7332449.370013468898833 ], [ -7633542.277666098438203, -7332449.370013468898833 ], [ -7633534.373982251621783, -7332509.308257897384465 ], [ -7633542.277666098438203, -7332555.325674206018448 ], [ -7633582.018724312074482, -7332592.062461916357279 ], [ -7633616.527766456827521, -7332605.790463835000992 ], [ -7633656.157505178824067, -7332596.702910567633808 ], [ -7633722.503921691328287, -7332569.053611472249031 ], [ -7633796.642702561803162, -7332546.044828895479441 ], [ -7633868.109815651550889, -7332486.29965154081583 ], [ -7633910.522541641257703, -7332454.010377234779298 ], [ -7633968.742635327391326, -7332449.370013468898833 ], [ -7634013.827029097825289, -7332458.650743762031198 ], [ -7634056.239755091257393, -7332426.361583901569247 ], [ -7634138.282219805754721, -7332380.344928357750177 ], [ -7634254.054490230977535, -7332387.498760347254574 ], [ -7634178.023278018459678, -7332417.274239658378065 ], [ -7634066.815106716938317, -7332490.746687814593315 ], [ -7634021.730712944641709, -7332513.755307286977768 ], [ -7633881.35683505423367, -7332587.422016027383506 ], [ -7633820.465073592029512, -7332610.430920651182532 ], [ -7633796.642702561803162, -7332647.167967879213393 ], [ -7633740.982957163825631, -7332647.167967879213393 ], [ -7633627.103118082508445, -7332711.74824923928827 ], [ -7633571.443372685462236, -7332697.826706256717443 ], [ -7633486.729240192100406, -7332716.195414040237665 ], [ -7633438.97317864280194, -7332808.232959094457328 ], [ -7633371.847525694407523, -7332852.125195985659957 ], [ -7633354.259046148508787, -7332863.533350857906044 ], [ -7633411.477264416404068, -7332971.814973583444953 ], [ -7633473.482220788486302, -7333088.992851570248604 ], [ -7633403.128302607685328, -7333074.490543503314257 ], [ -7633362.274049485102296, -7333065.982535319402814 ], [ -7633295.927632973529398, -7333042.97228694614023 ], [ -7633250.954558693803847, -7333010.680708317086101 ], [ -7633203.30981663428247, -7333042.97228694614023 ], [ -7633150.321739015169442, -7333088.992851570248604 ], [ -7633115.924016360193491, -7333093.633595845662057 ], [ -7633115.924016360193491, -7333181.034795353189111 ], [ -7633081.414974213577807, -7333227.056174522265792 ], [ -7633017.851544971577823, -7333305.177120462991297 ], [ -7632972.878470690920949, -7333332.829028905369341 ], [ -7632951.616447948850691, -7333401.862542859278619 ], [ -7632922.562060851603746, -7333415.591970009729266 ], [ -7632917.218725293874741, -7333479.985239529982209 ], [ -7632966.978537679649889, -7333502.416653454303741 ], [ -7632994.029173942282796, -7333479.985239529982209 ], [ -7633033.992871134541929, -7333508.217891691252589 ], [ -7633121.156032428145409, -7333484.62621642742306 ], [ -7633213.885168258100748, -7333433.962368079461157 ], [ -7633309.285971868783236, -7333392.580690305680037 ], [ -7633404.575455986894667, -7333355.840132340788841 ], [ -7633454.89186582621187, -7333364.928570042364299 ], [ -7633486.729240192100406, -7333429.514794051647186 ], [ -7633550.292669435031712, -7333424.873849945142865 ], [ -7633632.33513414952904, -7333392.580690305680037 ], [ -7633698.570231171324849, -7333374.210389690473676 ], [ -7633717.160586135461926, -7333305.177120462991297 ], [ -7633764.805328194983304, -7333282.166166485287249 ], [ -7633801.874718627892435, -7333337.469918252900243 ], [ -7633836.383760774508119, -7333383.49222038500011 ], [ -7633876.013499496504664, -7333374.210389690473676 ], [ -7633910.522541641257703, -7333433.962368079461157 ], [ -7633944.920264296233654, -7333502.996777083724737 ], [ -7633984.661322510801256, -7333599.684651524759829 ], [ -7633971.414303106255829, -7333664.079440811648965 ], [ -7633925.439353408291936, -7333689.605450362898409 ], [ -7633913.194209422916174, -7333696.373724482953548 ], [ -7633895.160451913252473, -7333646.09525696747005 ], [ -7633825.697089658118784, -7333650.349576283246279 ], [ -7633772.820331532508135, -7333645.708500782027841 ], [ -7633740.982957163825631, -7333641.067428041249514 ], [ -7633714.488918356597424, -7333668.720527244731784 ], [ -7633670.517719491384923, -7333734.469548367895186 ], [ -7633660.61028481181711, -7333746.652516085654497 ], [ -7633669.070566112175584, -7333754.387743560597301 ], [ -7633691.223144779913127, -7333751.487032357603312 ], [ -7633690.666547326371074, -7333771.018508603796363 ], [ -7633681.093071117065847, -7333778.366997474804521 ], [ -7633656.491463651880622, -7333780.300811490043998 ], [ -7633628.66159095428884, -7333794.804431858472526 ], [ -7633611.184430900029838, -7333797.511777316220105 ], [ -7633568.771704907529056, -7333802.152943141758442 ], [ -7633515.783627288416028, -7333815.883074878714979 ], [ -7633468.138885228894651, -7333820.524251636117697 ], [ -7633425.726159239187837, -7333875.831820523366332 ], [ -7633399.343439919874072, -7333963.241785006597638 ], [ -7633412.47913983464241, -7334032.280878528021276 ], [ -7633382.534196809865534, -7334115.438020954839885 ], [ -7633356.93071392737329, -7334078.30728036724031 ], [ -7633282.791933059692383, -7334087.396559902466834 ], [ -7633195.294813295826316, -7334138.06465267483145 ], [ -7633121.156032428145409, -7334188.733074589632452 ], [ -7633047.017251558601856, -7334211.74670316465199 ], [ -7633008.945985706523061, -7334192.794298228807747 ], [ -7632991.35750616248697, -7334184.091678735800087 ], [ -7632988.685838382691145, -7334234.760399643331766 ], [ -7632959.631451287306845, -7334248.491292910650373 ], [ -7632827.161257241852582, -7334299.160432168282568 ], [ -7632681.444043793715537, -7334368.202499069273472 ], [ -7632580.811224116943777, -7334404.947825875133276 ], [ -7632577.805597864091396, -7334415.584663312882185 ], [ -7632562.332188645377755, -7334469.349263588897884 ], [ -7632504.000775469467044, -7334473.990829192101955 ], [ -7632445.669362294487655, -7334510.736654380336404 ], [ -7632381.54933559615165, -7334518.472639637999237 ], [ -7632368.970233137719333, -7334520.01983760856092 ], [ -7632334.349871500395238, -7334646.31090703047812 ], [ -7632268.337413459084928, -7334668.939078825525939 ], [ -7632209.338083338923752, -7334697.176034847274423 ], [ -7632174.049804758280516, -7334726.960332117974758 ], [ -7632139.206804139539599, -7334738.177824213169515 ], [ -7632100.133662871085107, -7334769.702931474894285 ], [ -7632130.301244876347482, -7334769.702931474894285 ], [ -7632213.011626536026597, -7334744.75360294058919 ], [ -7632257.205464380793273, -7334743.20636038761586 ], [ -7632291.714506527408957, -7334742.045928675681353 ], [ -7632245.071639883331954, -7334805.869929265230894 ], [ -7632241.398096688091755, -7334811.091916064731777 ], [ -7632161.915980261750519, -7334861.764710270799696 ], [ -7632108.927902644500136, -7334857.122913896106184 ], [ -7632074.530179989524186, -7334958.276019014418125 ], [ -7631966.550273919478059, -7335045.117876684293151 ], [ -7631965.882356974296272, -7335045.698115065693855 ], [ -7631881.168224481865764, -7335091.730497512966394 ], [ -7631825.508479084819555, -7335101.014372272416949 ], [ -7631740.794346591457725, -7335124.030692774802446 ], [ -7631674.447930078022182, -7335206.812642264179885 ], [ -7631579.158445958979428, -7335285.146838135086 ], [ -7631502.347997311502695, -7335275.8627441925928 ], [ -7631441.456235847435892, -7335317.254414879716933 ], [ -7631377.002250677905977, -7335362.127876124344766 ], [ -7631375.221138825640082, -7335363.288400096818805 ], [ -7631311.657709583640099, -7335340.271373526193202 ], [ -7631271.916651369072497, -7335367.930497721768916 ], [ -7631195.106202722527087, -7335390.947605920955539 ], [ -7631128.871105699799955, -7335390.947605920955539 ], [ -7631070.539692524820566, -7335381.663386035710573 ], [ -7630983.153892250731587, -7335404.680534762330353 ], [ -7630959.442840713076293, -7335368.704180927015841 ], [ -7630940.852485750801861, -7335340.271373526193202 ], [ -7630928.71866125240922, -7335388.23970731254667 ], [ -7630900.220871610566974, -7335388.23970731254667 ], [ -7630645.967154638841748, -7335498.684049058705568 ], [ -7630407.520805359818041, -7335554.003519135527313 ], [ -7630057.977604269050062, -7335830.026458581909537 ], [ -7629581.196225201711059, -7335885.348278928548098 ], [ -7629152.05958819296211, -7336050.929219054989517 ], [ -7628834.13112248852849, -7336272.031679885461926 ], [ -7628452.750547030940652, -7336548.080033512786031 ], [ -7628246.141572116874158, -7336437.620830066502094 ], [ -7627944.243113085627556, -7336189.044982066377997 ], [ -7627642.233334563672543, -7336189.044982066377997 ], [ -7627483.269101712852716, -7336161.382945691235363 ], [ -7627281.669503884389997, -7335995.412787809036672 ], [ -7627221.000381401740015, -7335945.506368107162416 ], [ -7627181.370642679743469, -7335913.00933625921607 ], [ -7627022.406409827060997, -7335830.026458581909537 ], [ -7626799.87874773144722, -7335968.13830955978483 ], [ -7626370.853430214338005, -7336050.929219054989517 ], [ -7626227.80788454413414, -7336050.929219054989517 ], [ -7625830.397302413359284, -7336023.461109601892531 ], [ -7625496.661469015292823, -7336078.590863661840558 ], [ -7625687.463076233863831, -7336244.369349163025618 ], [ -7625894.072051146067679, -7336189.044982066377997 ], [ -7625953.627978719770908, -7336237.40542122349143 ], [ -7626132.407080935314298, -7336382.488538002595305 ], [ -7626211.889197361655533, -7336575.743441519327462 ], [ -7626195.970510177314281, -7336796.667325746268034 ], [ -7626466.142914333380759, -7336907.13161482103169 ], [ -7626656.833202063106, -7336824.33161555416882 ], [ -7627038.325097009539604, -7336741.532495388761163 ], [ -7627562.751218137331307, -7337017.597468610852957 ], [ -7627689.87807662319392, -7337017.597468610852957 ], [ -7627944.243113085627556, -7337293.865683361887932 ], [ -7628103.096026448532939, -7337487.143173202872276 ], [ -7628183.580018292181194, -7337557.180843441747129 ], [ -7628293.897633668035269, -7337652.951604044064879 ], [ -7628323.397298727184534, -7337614.449682141654193 ], [ -7628421.024492153897882, -7337487.143173202872276 ], [ -7628548.151350639760494, -7337432.003461008891463 ], [ -7628865.968496853485703, -7337432.003461008891463 ], [ -7629072.577471766620874, -7337570.143685648217797 ], [ -7629120.33353331591934, -7337652.951604044064879 ], [ -7629247.349072312004864, -7337791.095742719247937 ], [ -7629056.881423565559089, -7337915.311469557695091 ], [ -7628993.095355340279639, -7337956.717151536606252 ], [ -7628802.40506761148572, -7338012.054060427471995 ], [ -7628595.796092699281871, -7338122.535567154176533 ], [ -7628484.58792139776051, -7338481.659649332985282 ], [ -7628506.295222101733088, -7338491.141058783978224 ], [ -7628738.841638367623091, -7338592.147809755057096 ], [ -7628945.450613280758262, -7338536.806784150190651 ], [ -7629183.78564307000488, -7338647.29572597425431 ], [ -7629612.922280078753829, -7338813.128827331587672 ], [ -7629787.805200113914907, -7338785.457481260411441 ], [ -7630010.221542719751596, -7338592.147809755057096 ], [ -7630192.896827110089362, -7338633.170082208700478 ], [ -7630502.921608970500529, -7338702.637535735033453 ], [ -7630611.680751474574208, -7338702.637535735033453 ], [ -7630820.738755184225738, -7338702.637535735033453 ], [ -7631408.83962504658848, -7338785.457481260411441 ], [ -7631615.448599956929684, -7338868.471814068034291 ], [ -7631901.53969129640609, -7339006.443977284245193 ], [ -7632072.97170711774379, -7339110.940648443065584 ], [ -7632219.356837510131299, -7339199.957435858435929 ], [ -7632251.194211876951158, -7339282.78266376350075 ], [ -7632255.869630492292345, -7339332.129888346418738 ], [ -7632279.358043048530817, -7339577.516019220463932 ], [ -7632282.920266753993928, -7339614.285899696871638 ], [ -7632265.554426189512014, -7339618.349949759431183 ], [ -7632044.58523696474731, -7339669.634573047980666 ], [ -7631742.575458442792296, -7339724.790110408328474 ], [ -7631488.321741472929716, -7340001.154256987385452 ], [ -7631660.42167423851788, -7340132.17905752453953 ], [ -7631742.575458442792296, -7340194.692404387518764 ], [ -7632139.874721084721386, -7340526.234414466656744 ], [ -7632124.067353391088545, -7340526.234414466656744 ], [ -7632473.610554481856525, -7340802.43341486249119 ], [ -7632664.300842211581767, -7340802.43341486249119 ], [ -7632934.584565858356655, -7340719.592042735777795 ], [ -7633141.193540770560503, -7340830.111919947899878 ], [ -7633443.09199979994446, -7340802.43341486249119 ], [ -7633721.279407293535769, -7340899.211833535693586 ], [ -7633841.838415823876858, -7340941.214041063562036 ], [ -7633999.355495295487344, -7340995.991453532129526 ], [ -7634302.033190761692822, -7341064.512150862254202 ], [ -7634364.928703062236309, -7341078.835762561298907 ], [ -7634794.065340070053935, -7341134.194833549670875 ], [ -7635033.958842728286982, -7341061.608719264157116 ], [ -7635159.527228343300521, -7341023.67064577434212 ], [ -7635636.308607411570847, -7341189.360732374712825 ], [ -7636049.526557235047221, -7341189.360732374712825 ], [ -7636494.470561934635043, -7341355.247909653000534 ], [ -7636782.899362582713366, -7341355.247909653000534 ], [ -7636796.480340457521379, -7341355.247909653000534 ], [ -7637209.698290282860398, -7341327.567540214397013 ], [ -7637533.415369507856667, -7341313.824176509864628 ], [ -7637565.252743876539171, -7341312.469198304228485 ], [ -7637560.466005773283541, -7341188.973601900041103 ], [ -7637560.354686280712485, -7341186.070123953744769 ], [ -7637556.792462576180696, -7341090.836646678857505 ], [ -7637556.681143085472286, -7341086.965391718782485 ], [ -7637555.345309195108712, -7341059.479536782950163 ], [ -7637536.643634743057191, -7341009.540696197189391 ], [ -7637514.713695057667792, -7340951.279119794256985 ], [ -7637476.976387676782906, -7340850.822474036365747 ], [ -7637412.522402509115636, -7340678.945896991528571 ], [ -7637399.498022085055709, -7340644.300063856877387 ], [ -7637386.807600134052336, -7340610.23503724951297 ], [ -7637386.362322172150016, -7340609.267282985150814 ], [ -7637245.209207846783102, -7340233.400610361248255 ], [ -7637165.059174475260079, -7340019.927246890030801 ], [ -7637114.408806163817644, -7339884.840141571126878 ], [ -7637086.801572446711361, -7339811.298002233728766 ], [ -7636827.427158898673952, -7339120.616336979903281 ], [ -7636693.621130964718759, -7338764.365402301773429 ], [ -7636552.245377658866346, -7338387.813667350448668 ], [ -7636501.261050873436034, -7338252.174357337877154 ], [ -7636209.27002652361989, -7337474.760888098739088 ], [ -7636117.208807637915015, -7337253.624326025135815 ], [ -7636114.425820368342102, -7336708.645238315686584 ], [ -7636114.203181385993958, -7336662.796764314174652 ], [ -7636113.646583932451904, -7336476.697287125512958 ], [ -7636107.5240119388327, -7335243.175084727816284 ], [ -7636105.408941612578928, -7334841.263463801704347 ], [ -7636104.741024667397141, -7334774.538081894628704 ], [ -7636080.918653639033437, -7332550.298548291437328 ], [ -7636056.539685155265033, -7330271.024036175571382 ], [ -7636053.422739411704242, -7329979.154873176477849 ], [ -7636024.590991296805441, -7328838.070567400194705 ], [ -7636021.919323518872261, -7328735.643993659876287 ], [ -7636017.577863377518952, -7328347.401509396731853 ], [ -7635988.412156790494919, -7325799.085585531778634 ], [ -7635985.18389155715704, -7325125.096742731519043 ], [ -7635984.182016138918698, -7324928.841515796259046 ], [ -7635975.165137385949492, -7323073.739407553337514 ], [ -7636077.913027388043702, -7318613.834991401992738 ], [ -7636155.168753998354077, -7315264.356008726172149 ], [ -7636210.271901940926909, -7312850.488297455944121 ], [ -7636217.507668842561543, -7312692.727489890530705 ], [ -7636228.083020467311144, -7312146.760831305757165 ], [ -7636424.561921718530357, -7308812.968780509196222 ], [ -7636425.45247764326632, -7308796.969392215833068 ], [ -7636538.441760799847543, -7304820.306383676826954 ], [ -7636543.562457376159728, -7304659.23973903618753 ], [ -7636558.033991178497672, -7304315.153937739320099 ], [ -7636573.173441926948726, -7303761.103601437993348 ], [ -7636710.319054584018886, -7297917.840692893601954 ], [ -7636726.015102786011994, -7297348.845083890482783 ], [ -7636789.578532028011978, -7295659.041350076906383 ], [ -7636786.906864250078797, -7295132.351448705419898 ], [ -7636823.976254682987928, -7294225.881315987557173 ], [ -7636903.458371111191809, -7291108.780112555250525 ], [ -7636907.688511760905385, -7290248.737355689518154 ], [ -7636908.801706668920815, -7290037.972073450684547 ], [ -7636921.0468506552279, -7289738.179781913757324 ], [ -7636943.199429322965443, -7289196.121415163390338 ], [ -7636946.650333537720144, -7289066.71750457957387 ], [ -7636972.365135910920799, -7288088.854635369963944 ], [ -7637017.338210192508996, -7286048.925526591949165 ], [ -7637022.681545748375356, -7285838.849957924336195 ], [ -7637031.80974399484694, -7285480.408327898010612 ], [ -7637043.832249000668526, -7285001.678926158696413 ], [ -7637067.765939521603286, -7283867.720237975008786 ], [ -7637083.128029250539839, -7283521.858071370981634 ], [ -7637128.657700983807445, -7282500.693150628358126 ], [ -7637130.327493346296251, -7281714.592608048580587 ], [ -7637131.329368764534593, -7281225.528840536251664 ], [ -7637168.398759198375046, -7279744.693355478346348 ], [ -7637178.97411082405597, -7279328.918982126750052 ], [ -7637204.577593706548214, -7278868.424228913150728 ], [ -7637221.386836815625429, -7278565.795223392546177 ], [ -7637311.444304866716266, -7278204.998392830602825 ], [ -7637332.261049645021558, -7277370.755406223237514 ], [ -7637355.972101184539497, -7276670.405546824447811 ], [ -7637371.445510405115783, -7276216.977785237133503 ], [ -7637375.564331565052271, -7276095.850596824660897 ], [ -7637377.456762908957899, -7275905.62134669534862 ], [ -7637349.404251229017973, -7274674.13793901912868 ], [ -7637353.74571136943996, -7274591.418985487893224 ], [ -7637340.832650436088443, -7273213.154249286279082 ], [ -7637339.274177566170692, -7273163.071502349339426 ], [ -7637334.37611997127533, -7272253.19476215261966 ], [ -7637327.474311541765928, -7270951.498852182179689 ], [ -7637335.155356406234205, -7269921.806343991309404 ], [ -7637399.275383102707565, -7267011.086892467923462 ], [ -7637395.93579838052392, -7265665.211299195885658 ], [ -7637407.290386440232396, -7264445.495591246522963 ], [ -7637427.995811727829278, -7262400.027502538636327 ], [ -7637440.463594696484506, -7261179.478769906796515 ], [ -7637447.031444654799998, -7258820.545492188073695 ], [ -7637463.618048782460392, -7256997.714720923453569 ], [ -7637464.285965726710856, -7256935.671627172268927 ], [ -7637483.432918144389987, -7255175.307734983041883 ], [ -7637506.698691720142961, -7253053.019059680402279 ], [ -7637511.374110331758857, -7251651.555360347032547 ], [ -7637512.153346768580377, -7251401.258834498003125 ], [ -7637512.375985749997199, -7251334.667526363395154 ], [ -7637513.823139129206538, -7250888.252468420192599 ], [ -7637519.61175265070051, -7250120.04944431502372 ], [ -7637512.59862473141402, -7247716.624459000304341 ], [ -7637494.119589259847999, -7246862.289056085050106 ], [ -7637463.172770818695426, -7245435.161689857020974 ], [ -7637460.612422530539334, -7244021.102631283923984 ], [ -7637460.501103038899601, -7243946.544665616936982 ], [ -7637460.389783549122512, -7243862.620008344762027 ], [ -7637459.499227623455226, -7243395.220060024410486 ], [ -7637456.938879334367812, -7241924.573405460454524 ], [ -7637456.493601371534169, -7241638.083607234992087 ], [ -7637455.937003917060792, -7241333.448825885541737 ], [ -7637455.380406463518739, -7241027.297052796930075 ], [ -7637455.15776748303324, -7240904.992567423731089 ], [ -7637454.935128499753773, -7240727.845544511452317 ], [ -7637455.380406463518739, -7240656.185263553634286 ], [ -7637473.080205499194562, -7238213.438797575421631 ], [ -7637480.538611382246017, -7237185.935582098551095 ], [ -7637477.310346150770783, -7235233.687139667570591 ], [ -7637480.538611382246017, -7233211.095410944893956 ], [ -7637471.633052119985223, -7231434.096373673528433 ], [ -7637473.41416397318244, -7230736.692631544545293 ], [ -7637477.087707169353962, -7229268.224725155159831 ], [ -7637472.634927535429597, -7227976.886901099234819 ], [ -7637469.406662302091718, -7226334.592103250324726 ], [ -7637459.944505586288869, -7224662.699983747676015 ], [ -7637466.178397069685161, -7223061.90020012576133 ], [ -7637459.944505586288869, -7221347.242005482316017 ], [ -7637469.406662302091718, -7219687.274061656557024 ], [ -7637467.291591978631914, -7219447.523543853312731 ], [ -7637450.037070903927088, -7216813.036655897274613 ], [ -7637407.179066949523985, -7210294.068299118429422 ], [ -7637403.282884771935642, -7207758.935202477499843 ], [ -7637400.611216994002461, -7205945.826674541458488 ], [ -7637392.596213655546308, -7200679.35612471960485 ], [ -7637388.588711987249553, -7198047.347264972515404 ], [ -7637387.809475551359355, -7197465.025423188693821 ], [ -7637386.807600134052336, -7196215.19352220185101 ], [ -7637377.568082398734987, -7195567.836965789087117 ], [ -7637386.139683189801872, -7195253.01329461671412 ], [ -7637383.801973883993924, -7192095.023558153770864 ], [ -7637380.907667122781277, -7188199.667199815623462 ], [ -7637375.564331565052271, -7181116.409879947081208 ], [ -7637368.885162116959691, -7172083.742193666286767 ], [ -7637366.102174847386777, -7171077.341789147816598 ], [ -7637360.98147827014327, -7169275.878210661932826 ], [ -7637348.847653773613274, -7164972.743386356160045 ], [ -7637343.281679235398769, -7162995.565449291840196 ], [ -7637343.059040253981948, -7162927.258721728809178 ], [ -7637338.828899602405727, -7162701.907480322755873 ], [ -7637336.379870804958045, -7162284.712477192282677 ], [ -7637330.925215756520629, -7161315.88348928000778 ], [ -7637333.040286082774401, -7161106.657780839130282 ], [ -7637339.385497057810426, -7160713.570597654208541 ], [ -7637327.808270014822483, -7153810.119712439365685 ], [ -7637323.466809873469174, -7151187.291385219432414 ], [ -7637322.019656493328512, -7149736.606755225919187 ], [ -7637313.336736210621893, -7149301.207789338193834 ], [ -7637320.127225149422884, -7147705.265064220875502 ], [ -7637316.676320936530828, -7143980.702132610604167 ], [ -7637316.119723482057452, -7143497.489210032857955 ], [ -7637314.004653154872358, -7141280.75134289264679 ], [ -7637307.325483709573746, -7134233.446576031856239 ], [ -7637306.768886255100369, -7133266.545224039815366 ], [ -7637306.768886255100369, -7133266.168214024975896 ], [ -7637306.768886255100369, -7133127.05274595413357 ], [ -7637297.195410045795143, -7132351.59485561773181 ], [ -7637305.878330327570438, -7131826.498126174323261 ], [ -7637302.316106623969972, -7125812.613947660662234 ], [ -7637297.418049028143287, -7125321.65976969525218 ], [ -7637292.186032960191369, -7123932.577120366506279 ], [ -7637310.442429451271892, -7122970.511609388515353 ], [ -7637307.882081163115799, -7122338.925579851493239 ], [ -7637291.072838053107262, -7121948.327568634413183 ], [ -7637309.217915051616728, -7121532.714818820357323 ], [ -7637309.663193014450371, -7121075.151943607255816 ], [ -7637310.442429451271892, -7120242.910858495160937 ], [ -7637306.546247272752225, -7119741.387674749828875 ], [ -7637288.95776772685349, -7119586.326528910547495 ], [ -7637249.550667986273766, -7119237.638233968056738 ], [ -7637249.550667986273766, -7118199.003249121829867 ], [ -7637265.469355169683695, -7117088.830645647831261 ], [ -7637262.463728917762637, -7116582.992773708887398 ], [ -7637268.697620403021574, -7116121.013660125434399 ], [ -7637275.599428832530975, -7115602.259818057529628 ], [ -7637285.17290504090488, -7115233.999087585136294 ], [ -7637287.510614346712828, -7115144.099428090266883 ], [ -7637288.067211801186204, -7112809.510912159457803 ], [ -7637282.389917771331966, -7112089.058501518331468 ], [ -7637231.850868950597942, -7105640.621272261254489 ], [ -7637273.261719524860382, -7101695.296161760576069 ], [ -7637274.263594943098724, -7101600.856306420639157 ], [ -7637272.92776105273515, -7101300.458687483333051 ], [ -7637261.795811973512173, -7098786.389561736024916 ], [ -7637261.127895029261708, -7098721.638372118584812 ], [ -7637255.673239979892969, -7098124.075561231933534 ], [ -7637268.808939894661307, -7096572.01163840573281 ], [ -7637281.165403371676803, -7093021.103776600211859 ], [ -7637301.425550695508718, -7087216.529397462494671 ], [ -7637266.805189059115946, -7087105.02029487490654 ], [ -7637267.584425495006144, -7086271.469154820777476 ], [ -7637256.675115398131311, -7085234.15019671805203 ], [ -7637268.920259384438396, -7084906.081352852284908 ], [ -7637275.710748322308064, -7077437.802738705649972 ], [ -7637274.931511888280511, -7076358.779714903794229 ], [ -7637273.929636470042169, -7074929.604271057993174 ], [ -7637270.924010219052434, -7070878.148751969449222 ], [ -7637263.910882298834622, -7061225.436745630577207 ], [ -7637262.241089937277138, -7060327.919493170455098 ], [ -7637237.862121453508735, -7059351.879530697129667 ], [ -7637258.790185721591115, -7058547.941280935890973 ], [ -7637254.448725582100451, -7056234.248331438750029 ], [ -7637243.762054464779794, -7050599.96101429220289 ], [ -7637241.535664649680257, -7049430.570699299685657 ], [ -7637241.424345158971846, -7048765.462276537902653 ], [ -7637231.405590986832976, -7047568.556511079892516 ], [ -7637241.090386685915291, -7046807.389839801006019 ], [ -7637238.975316361524165, -7035123.993961029686034 ], [ -7637238.752677379176021, -7034082.349050830118358 ], [ -7637238.752677379176021, -7033665.915414941497147 ], [ -7637238.641357889398932, -7032923.76072252728045 ], [ -7637228.622603717260063, -7031807.587639906443655 ], [ -7637238.530038397759199, -7031116.967635272070765 ], [ -7637238.196079925633967, -7028159.945542020723224 ], [ -7637237.528162981383502, -7022169.821462077088654 ], [ -7637227.286769828759134, -7019781.759834670461714 ], [ -7637239.865872288122773, -7017803.309245715849102 ], [ -7637243.205457011237741, -7012432.309404941275716 ], [ -7637244.986568863503635, -7009671.887514984235168 ], [ -7637246.990319697186351, -7006445.089568682014942 ], [ -7637247.658236642368138, -7005334.475131994113326 ], [ -7637247.769556134939194, -7005199.809503027237952 ], [ -7637237.528162981383502, -7003482.743882336653769 ], [ -7637248.326153586618602, -7002386.634049335494637 ], [ -7637250.88650187663734, -6991396.037125458009541 ], [ -7637251.443099330179393, -6989133.7947584874928 ], [ -7637251.554418820887804, -6988766.719885779544711 ], [ -7637241.313025667332113, -6987285.819157269783318 ], [ -7637252.890252710320055, -6984877.651584502309561 ], [ -7637252.890252710320055, -6984706.698187447153032 ], [ -7637254.560045071877539, -6980277.801727530546486 ], [ -7637244.31865191925317, -6978431.874086388386786 ], [ -7637224.169824085198343, -6975148.197830923832953 ], [ -7637215.375584313645959, -6973715.270055493339896 ], [ -7637223.835865613073111, -6971039.311796468682587 ], [ -7637211.14544366300106, -6968997.016529440879822 ], [ -7637228.066006262786686, -6967640.330060680396855 ], [ -7637249.328029004856944, -6967144.092899397015572 ], [ -7637244.763929883018136, -6966842.267279313877225 ], [ -7637232.296146914362907, -6966006.260568945668638 ], [ -7637249.77330696862191, -6965516.400144559331238 ], [ -7637293.855825322680175, -6964281.36155653744936 ], [ -7637283.169154207222164, -6961970.144629845395684 ], [ -7637276.823943230323493, -6960295.732236300595105 ], [ -7637267.139147533103824, -6959509.28337643481791 ], [ -7637252.111016276292503, -6958072.148232080042362 ], [ -7637263.242965353652835, -6956902.60334344394505 ], [ -7637263.910882298834622, -6954826.128223772160709 ], [ -7637265.691994151100516, -6949565.641750394366682 ], [ -7637266.91650855075568, -6946065.848410585895181 ], [ -7637257.009073869325221, -6943444.951860382221639 ], [ -7637257.231712851673365, -6943412.18917850125581 ], [ -7637267.918383967131376, -6941742.758235868066549 ], [ -7637267.918383967131376, -6941577.140801540575922 ], [ -7637268.363661929033697, -6939518.433911049738526 ], [ -7637268.697620403021574, -6938188.255951344035566 ], [ -7637268.808939894661307, -6937869.12703054677695 ], [ -7637258.567546740174294, -6936352.013007939793169 ], [ -7637269.810815311037004, -6935729.36029334180057 ], [ -7637270.70137123670429, -6933576.377225358970463 ], [ -7637269.25421785749495, -6930303.700645617209375 ], [ -7637264.912757717072964, -6921200.132174018770456 ], [ -7637264.690118735656142, -6920672.62602165248245 ], [ -7637264.578799243085086, -6920397.323433961719275 ], [ -7637265.691994151100516, -6920171.031781455501914 ], [ -7637253.55816965457052, -6920141.116979859769344 ], [ -7637210.811485190875828, -6920035.22314906027168 ], [ -7637191.219254810363054, -6920072.662056024186313 ], [ -7637177.304318461567163, -6920099.456675139255822 ], [ -7637159.270560952834785, -6920132.674786095507443 ], [ -7637121.087975610978901, -6920203.149023902602494 ], [ -7637013.219389032572508, -6920499.000756042078137 ], [ -7636993.07056119851768, -6920521.575498764403164 ], [ -7636887.094405963085592, -6920722.548569496721029 ], [ -7636786.461586286313832, -6920932.153245427645743 ], [ -7636728.130173110403121, -6921098.078869060613215 ], [ -7636680.485431050881743, -6921194.258567299693823 ], [ -7636526.864533756859601, -6921456.188897357322276 ], [ -7636452.725752888247371, -6921657.185384726151824 ], [ -7636362.668284837156534, -6921840.564655765891075 ], [ -7636240.773442416451871, -6922024.131688288412988 ], [ -7636060.658506315201521, -6922425.974585829302669 ], [ -7635938.763663895428181, -6922661.876208256930113 ], [ -7635748.073376166634262, -6922976.361300724558532 ], [ -7635589.220462804660201, -6923203.466492495499551 ], [ -7635472.557636452838778, -6923404.506769291125238 ], [ -7635213.071903414092958, -6923806.418831307440996 ], [ -7635091.177060997113585, -6923989.847246911376715 ], [ -7634948.131515325047076, -6924199.720940430648625 ], [ -7634863.417382832616568, -6924304.568036089651287 ], [ -7634805.085969656705856, -6924426.8607760919258 ], [ -7634757.441227597184479, -6924540.524919712916017 ], [ -7634720.371837164275348, -6924636.562277244403958 ], [ -7634667.38375954516232, -6924671.451850624755025 ], [ -7634619.739017485640943, -6924776.305113615468144 ], [ -7634550.832252684980631, -6924968.570262449793518 ], [ -7634455.542768565937877, -6925143.394150583073497 ], [ -7634407.786707015708089, -6925291.960723263211548 ], [ -7634323.072574522346258, -6925466.791661500930786 ], [ -7634264.741161347366869, -6925571.65532392822206 ], [ -7634190.602380476891994, -6925693.967387695796788 ], [ -7634127.038951234892011, -6925833.912307551130652 ], [ -7634079.394209175370634, -6925999.939369348809123 ], [ -7634058.132186435163021, -6926069.914193878881633 ], [ -7633983.993405566550791, -6926165.969868668355048 ], [ -7633920.429976322688162, -6926244.578428037464619 ], [ -7633846.291195455007255, -6926323.371425569057465 ], [ -7633819.797156646847725, -6926454.327467502094805 ], [ -7633761.465743470005691, -6926629.183749726973474 ], [ -7633644.914236608892679, -6926812.860421344637871 ], [ -7633480.71798768825829, -6927083.791192023083568 ], [ -7633332.440425953827798, -6927311.012733723968267 ], [ -7633263.533661152236164, -6927450.985877893865108 ], [ -7633173.476193099282682, -6927582.14403363969177 ], [ -7633125.83145104162395, -6927651.94896889757365 ], [ -7633083.418725048191845, -6927687.035363224335015 ], [ -7633093.994076672941446, -6927783.110412023961544 ], [ -7633062.268021797761321, -6927879.370315258391201 ], [ -7633003.93660862185061, -6927984.265533252619207 ], [ -7632961.523882631212473, -6928132.884750333614647 ], [ -7632950.948531004600227, -6928272.688530888408422 ], [ -7632966.867218187078834, -6928465.037532511167228 ], [ -7633014.511960246600211, -6928622.484228172339499 ], [ -7633062.268021797761321, -6928762.296546261757612 ], [ -7633093.994076672941446, -6928849.749380231834948 ], [ -7633104.569428299553692, -6928972.111459116451442 ], [ -7633173.476193099282682, -6929050.931264619342983 ], [ -7633051.69267017301172, -6928998.384641516953707 ], [ -7632961.523882631212473, -6928945.838362813927233 ], [ -7632871.466414578258991, -6928884.657290423288941 ] ] ], [ [ [ -7598145.462581107392907, -7332220.255485292524099 ], [ -7598036.814758094027638, -7332195.89433631580323 ], [ -7597983.270083021372557, -7332189.320705974474549 ], [ -7597867.831771068274975, -7332187.773970227688551 ], [ -7597816.847444286569953, -7332187.387286339886487 ], [ -7597773.210203894414008, -7332187.193944403901696 ], [ -7597765.863117502070963, -7332187.193944403901696 ], [ -7597676.696205376647413, -7332198.987811333499849 ], [ -7597587.529293252155185, -7332198.214442463591695 ], [ -7597508.492454787716269, -7332248.290235012769699 ], [ -7597381.142957320436835, -7332387.6921072518453 ], [ -7597316.57765266019851, -7332462.904415504075587 ], [ -7597325.928489887155592, -7332488.813193470239639 ], [ -7597364.111075229011476, -7332523.422814710065722 ], [ -7597394.723935197107494, -7332577.174374468624592 ], [ -7597412.535053723491728, -7332631.119657546281815 ], [ -7597429.566935814917088, -7332656.255579939112067 ], [ -7597487.341751538217068, -7332701.887153727002442 ], [ -7597517.843292014673352, -7332708.461216016672552 ], [ -7597565.488034074194729, -7332699.7602524086833 ], [ -7597658.885086849331856, -7332659.15588388685137 ], [ -7597710.648650068789721, -7332616.424848125316203 ], [ -7597777.774303016252816, -7332558.805994044058025 ], [ -7597813.39654007088393, -7332558.032589501701295 ], [ -7597927.276379152201116, -7332610.430920651182532 ], [ -7598016.443291277624667, -7332650.26162185985595 ], [ -7598057.186224907636642, -7332625.125718781724572 ], [ -7598086.017973023466766, -7332517.622308818623424 ], [ -7598107.279995765537024, -7332471.798463912680745 ], [ -7598171.845300424844027, -7332408.380253415554762 ], [ -7598205.018508682027459, -7332401.033055037260056 ], [ -7598273.70263450127095, -7332422.301279846578836 ], [ -7598323.907724848948419, -7332499.834117650054395 ], [ -7598394.372962520457804, -7332505.634610313922167 ], [ -7598432.555547862313688, -7332496.933872934430838 ], [ -7598459.71750361751765, -7332477.018888354301453 ], [ -7598478.41917806956917, -7332347.862746698781848 ], [ -7598390.922058306634426, -7332167.859774894081056 ], [ -7598224.499419569969177, -7332217.355344519950449 ], [ -7598145.462581107392907, -7332220.255485292524099 ] ] ], [ [ [ -7162265.424779253080487, -7306032.844041471369565 ], [ -7162279.896313057281077, -7305998.929736233316362 ], [ -7162319.414732287637889, -7305892.563097312115133 ], [ -7162329.099527987651527, -7305866.549737493507564 ], [ -7162349.582314292900264, -7305803.347268514335155 ], [ -7162338.450365213677287, -7305751.321229479275644 ], [ -7162321.307163631543517, -7305734.942733323201537 ], [ -7162295.147083294577897, -7305710.086022390052676 ], [ -7162262.08519452996552, -7305606.420902174897492 ], [ -7162228.911986272782087, -7305492.54500394128263 ], [ -7162227.242193911224604, -7305409.499498499557376 ], [ -7162225.461082058958709, -7305316.050275094807148 ], [ -7162223.791289696469903, -7305211.812356784939766 ], [ -7162221.230941407382488, -7305075.784927984699607 ], [ -7162219.56114904768765, -7305013.359535203315318 ], [ -7162228.911986272782087, -7304939.759867005981505 ], [ -7162237.372267573140562, -7304856.720235928893089 ], [ -7162237.372267573140562, -7304825.123021061532199 ], [ -7162267.094571616500616, -7304772.910830139182508 ], [ -7162296.81687565613538, -7304719.928336180746555 ], [ -7162298.820626491680741, -7304713.955786664970219 ], [ -7162317.188342472538352, -7304656.735140392556787 ], [ -7162316.409106035716832, -7304594.313095034100115 ], [ -7162273.105824118480086, -7304532.662181624211371 ], [ -7162224.570526133291423, -7304501.451592147350311 ], [ -7162210.210311820730567, -7304492.204034020192921 ], [ -7162115.143466683104634, -7304462.727515518665314 ], [ -7162032.767043495550752, -7304433.443764094263315 ], [ -7162004.603212325833738, -7304434.021731810644269 ], [ -7161958.850901608355343, -7304434.79235549736768 ], [ -7161939.258671227842569, -7304517.827503182925284 ], [ -7161920.556996774859726, -7304601.634173306636512 ], [ -7161921.44755270332098, -7304675.230656997300684 ], [ -7161912.987271402031183, -7304758.268359525129199 ], [ -7161924.787137425504625, -7304802.581183664500713 ], [ -7161935.028530579991639, -7304841.306944424286485 ], [ -7161977.552576060406864, -7304902.960292849689722 ], [ -7161978.331812498159707, -7304944.961915029212832 ], [ -7161990.242998013272882, -7305017.790950964204967 ], [ -7161991.91279037296772, -7305111.814625479280949 ], [ -7161973.2111159209162, -7305194.85696735791862 ], [ -7161974.992227774113417, -7305288.882772395387292 ], [ -7161991.91279037296772, -7305401.406944232992828 ], [ -7162053.917746745049953, -7305510.07908661197871 ], [ -7162062.37802804633975, -7305595.437875215895474 ], [ -7162120.264163258485496, -7305818.184387572109699 ], [ -7162132.064029281958938, -7305880.616210198961198 ], [ -7162158.446748601272702, -7305934.955424793995917 ], [ -7162218.670593119226396, -7306032.073260172270238 ], [ -7162245.943868365138769, -7306050.379336569458246 ], [ -7162265.424779253080487, -7306032.844041471369565 ] ] ], [ [ [ -7160968.218753039836884, -7331506.853343986906111 ], [ -7160934.600266819819808, -7331538.365394667722285 ], [ -7161014.861619682051241, -7331606.609719891101122 ], [ -7161096.570125923492014, -7331616.469430964440107 ], [ -7161128.741458763368428, -7331620.335987729951739 ], [ -7161259.207901972346008, -7331642.76205475628376 ], [ -7161257.092831648886204, -7331616.662758758291602 ], [ -7161296.945209352299571, -7331593.076803414151073 ], [ -7161344.478631920181215, -7331587.85697047226131 ], [ -7161385.332885041832924, -7331589.403587274253368 ], [ -7161437.987004186958075, -7331587.85697047226131 ], [ -7161464.258404014632106, -7331582.057160191237926 ], [ -7161514.352174870669842, -7331547.258389055728912 ], [ -7161536.393434047698975, -7331495.640497763641179 ], [ -7161511.012590148486197, -7331445.569536292925477 ], [ -7161409.934492507949471, -7331352.001496725715697 ], [ -7161300.396113567054272, -7331247.222090209834278 ], [ -7161255.311719796620309, -7331242.00248867738992 ], [ -7161222.249831030145288, -7331237.556164198555052 ], [ -7161194.642597313039005, -7331228.470204669050872 ], [ -7161142.43375613167882, -7331211.071588290855289 ], [ -7161077.089215033687651, -7331197.732675345614552 ], [ -7161041.355658489279449, -7331190.386617086827755 ], [ -7161012.412590883672237, -7331191.159886050969362 ], [ -7160979.573341100476682, -7331191.739837825298309 ], [ -7160934.266308346763253, -7331229.436795604415238 ], [ -7160911.668451715260744, -7331248.188683470711112 ], [ -7160871.92739350348711, -7331283.952718277461827 ], [ -7160841.203214044682682, -7331322.423403617925942 ], [ -7160818.271398940123618, -7331354.321351907216012 ], [ -7160798.122571107931435, -7331382.352989892475307 ], [ -7160798.233890597708523, -7331382.352989892475307 ], [ -7160842.427728443406522, -7331384.28621001727879 ], [ -7160864.691626599989831, -7331385.059498202987015 ], [ -7160926.696582972072065, -7331406.518275892361999 ], [ -7160978.460146192461252, -7331469.155045673251152 ], [ -7160968.218753039836884, -7331506.853343986906111 ] ] ] ] } }
]
}
